
C:\wamp64\www\lemondeDeLila\backend\src\game\games\les-quatre-vents\aventure-sauvage\tests\aventure-sauvage-action.spec.ts
   13:3   error    Unsafe return of a value of type `any`                                                   @typescript-eslint/no-unsafe-return
   25:5   error    Unsafe assignment of an `any` value                                                      @typescript-eslint/no-unsafe-assignment
   83:5   error    Unsafe assignment of an `any` value                                                      @typescript-eslint/no-unsafe-assignment
   83:10  error    Unsafe member access .decks on an `any` value                                            @typescript-eslint/no-unsafe-member-access
   84:16  error    Unsafe member access .decks on an `any` value                                            @typescript-eslint/no-unsafe-member-access
  106:46  warning  Unsafe argument of type `any[]` assigned to a parameter of type `GameSingleActionDto[]`  @typescript-eslint/no-unsafe-argument
  112:36  error    Unsafe member access .statuses on an `any` value                                         @typescript-eslint/no-unsafe-member-access
  135:5   error    Unsafe assignment of an `any` value                                                      @typescript-eslint/no-unsafe-assignment
  135:10  error    Unsafe member access .statuses on an `any` value                                         @typescript-eslint/no-unsafe-member-access
  136:16  error    Unsafe member access .statuses on an `any` value                                         @typescript-eslint/no-unsafe-member-access
  137:7   error    Unsafe assignment of an `any` value                                                      @typescript-eslint/no-unsafe-assignment
  137:28  error    Unsafe member access .statuses on an `any` value                                         @typescript-eslint/no-unsafe-member-access
  139:5   error    Unsafe assignment of an `any` value                                                      @typescript-eslint/no-unsafe-assignment
  139:10  error    Unsafe member access .decks on an `any` value                                            @typescript-eslint/no-unsafe-member-access
  140:16  error    Unsafe member access .decks on an `any` value                                            @typescript-eslint/no-unsafe-member-access
  156:46  warning  Unsafe argument of type `any[]` assigned to a parameter of type `GameSingleActionDto[]`  @typescript-eslint/no-unsafe-argument
  161:65  error    Unsafe member access .message on an `any` value                                          @typescript-eslint/no-unsafe-member-access
  184:10  error    Unsafe member access .pawnByPlayerId on an `any` value                                   @typescript-eslint/no-unsafe-member-access
  185:10  error    Unsafe member access .positions on an `any` value                                        @typescript-eslint/no-unsafe-member-access
  195:46  warning  Unsafe argument of type `any[]` assigned to a parameter of type `GameSingleActionDto[]`  @typescript-eslint/no-unsafe-argument
  198:65  error    Unsafe member access .message on an `any` value                                          @typescript-eslint/no-unsafe-member-access
  226:11  error    Unsafe assignment of an `any` value                                                      @typescript-eslint/no-unsafe-assignment
  226:43  error    Unsafe member access .decks on an `any` value                                            @typescript-eslint/no-unsafe-member-access
  227:9   error    Unsafe call of an `any` typed value                                                      @typescript-eslint/no-unsafe-call
  227:14  error    Unsafe member access .decks on an `any` value                                            @typescript-eslint/no-unsafe-member-access
  227:43  error    Unsafe return of a value of type `any`                                                   @typescript-eslint/no-unsafe-return
  227:46  error    Unsafe member access .id on an `any` value                                               @typescript-eslint/no-unsafe-member-access
  229:22  error    Unsafe member access .length on an `any` value                                           @typescript-eslint/no-unsafe-member-access
  231:21  error    Unsafe spread of an `any` value in an array                                              @typescript-eslint/no-unsafe-assignment

C:\wamp64\www\lemondeDeLila\backend\src\game\games\les-quatre-vents\ca-derape\actions\ca-actions.service.spec.ts
  11:11  error    Unsafe assignment of an `any` value                                              @typescript-eslint/no-unsafe-assignment
  12:37  error    '_sides' is defined but never used                                               @typescript-eslint/no-unused-vars
  14:24  error    Unsafe assignment of an `any` value                                              @typescript-eslint/no-unsafe-assignment
  16:65  error    Unsafe assignment of an `any` value                                              @typescript-eslint/no-unsafe-assignment
  24:50  warning  Unsafe argument of type `any` assigned to a parameter of type `RandomService`    @typescript-eslint/no-unsafe-argument
  25:32  warning  Unsafe argument of type `any` assigned to a parameter of type `RandomService`    @typescript-eslint/no-unsafe-argument
  45:53  warning  Unsafe argument of type `any` assigned to a parameter of type `GameStateEntity`  @typescript-eslint/no-unsafe-argument
  53:35  warning  Unsafe argument of type `any` assigned to a parameter of type `GameStateEntity`  @typescript-eslint/no-unsafe-argument
  66:35  warning  Unsafe argument of type `any` assigned to a parameter of type `GameStateEntity`  @typescript-eslint/no-unsafe-argument
  81:37  warning  Unsafe argument of type `any` assigned to a parameter of type `GameStateEntity`  @typescript-eslint/no-unsafe-argument
  86:40  warning  Unsafe argument of type `any` assigned to a parameter of type `GameStateEntity`  @typescript-eslint/no-unsafe-argument

C:\wamp64\www\lemondeDeLila\backend\src\game\games\les-quatre-vents\ca-derape\actions\ca-actions.service.ts
    97:7   error    Unsafe assignment of an `any` value                                     @typescript-eslint/no-unsafe-assignment
   123:9   error    Unsafe assignment of an `any` value                                     @typescript-eslint/no-unsafe-assignment
   138:7   error    Unsafe assignment of an `any` value                                     @typescript-eslint/no-unsafe-assignment
   234:11  error    Unsafe assignment of an `any` value                                     @typescript-eslint/no-unsafe-assignment
   235:32  error    Unsafe member access .label on an `any` value                           @typescript-eslint/no-unsafe-member-access
   236:31  error    Unsafe member access .description on an `any` value                     @typescript-eslint/no-unsafe-member-access
   237:37  error    Unsafe member access .isNeutral on an `any` value                       @typescript-eslint/no-unsafe-member-access
   286:11  error    Unsafe assignment of an `any` value                                     @typescript-eslint/no-unsafe-assignment
   287:29  error    Unsafe member access .type on an `any` value                            @typescript-eslint/no-unsafe-member-access
   289:11  error    Unsafe assignment of an `any` value                                     @typescript-eslint/no-unsafe-assignment
   290:22  error    Unsafe member access .playerId on an `any` value                        @typescript-eslint/no-unsafe-member-access
   291:19  error    Unsafe member access .playerId on an `any` value                        @typescript-eslint/no-unsafe-member-access
   310:40  warning  Unsafe argument of type `any` assigned to a parameter of type `number`  @typescript-eslint/no-unsafe-argument
   319:40  warning  Unsafe argument of type `any` assigned to a parameter of type `number`  @typescript-eslint/no-unsafe-argument
   351:11  error    Unsafe assignment of an `any` value                                     @typescript-eslint/no-unsafe-assignment
   354:15  error    Unsafe member access .type on an `any` value                            @typescript-eslint/no-unsafe-member-access
   355:15  error    Unsafe member access .playerId on an `any` value                        @typescript-eslint/no-unsafe-member-access
   359:60  error    Unsafe member access .targetPlayerId on an `any` value                  @typescript-eslint/no-unsafe-member-access
   395:9   error    Unsafe assignment of an `any` value                                     @typescript-eslint/no-unsafe-assignment
   426:11  error    Unsafe assignment of an `any` value                                     @typescript-eslint/no-unsafe-assignment
   429:15  error    Unsafe member access .type on an `any` value                            @typescript-eslint/no-unsafe-member-access
   430:15  error    Unsafe member access .playerId on an `any` value                        @typescript-eslint/no-unsafe-member-access
   434:54  error    Unsafe member access .playerId on an `any` value                        @typescript-eslint/no-unsafe-member-access
   467:11  error    Unsafe assignment of an `any` value                                     @typescript-eslint/no-unsafe-assignment
   470:15  error    Unsafe member access .type on an `any` value                            @typescript-eslint/no-unsafe-member-access
   471:15  error    Unsafe member access .playerId on an `any` value                        @typescript-eslint/no-unsafe-member-access
   474:51  error    Unsafe member access .delta on an `any` value                           @typescript-eslint/no-unsafe-member-access
   482:7   error    Unsafe assignment of an `any` value                                     @typescript-eslint/no-unsafe-assignment
   510:13  error    Unsafe assignment of an `any` value                                     @typescript-eslint/no-unsafe-assignment
   511:34  error    Unsafe member access .label on an `any` value                           @typescript-eslint/no-unsafe-member-access
   512:33  error    Unsafe member access .description on an `any` value                     @typescript-eslint/no-unsafe-member-access
   513:39  error    Unsafe member access .isNeutral on an `any` value                       @typescript-eslint/no-unsafe-member-access
   695:9   error    Unsafe assignment of an `any` value                                     @typescript-eslint/no-unsafe-assignment
   697:9   error    Unsafe assignment of an `any` value                                     @typescript-eslint/no-unsafe-assignment
   948:35  warning  Unsafe argument of type `any` assigned to a parameter of type `number`  @typescript-eslint/no-unsafe-argument
   951:40  warning  Unsafe argument of type `any` assigned to a parameter of type `string`  @typescript-eslint/no-unsafe-argument
   957:7   error    Unsafe assignment of an `any` value                                     @typescript-eslint/no-unsafe-assignment
  1008:9   error    Unsafe assignment of an `any` value                                     @typescript-eslint/no-unsafe-assignment
  1057:27  warning  Unsafe argument of type `any` assigned to a parameter of type `number`  @typescript-eslint/no-unsafe-argument
  1061:57  error    Unsafe assignment of an `any` value                                     @typescript-eslint/no-unsafe-assignment
  1071:27  warning  Unsafe argument of type `any` assigned to a parameter of type `number`  @typescript-eslint/no-unsafe-argument
  1298:21  error    Unsafe member access .rng on an `any` value                             @typescript-eslint/no-unsafe-member-access
  1300:9   error    Unsafe assignment of an `any` value                                     @typescript-eslint/no-unsafe-assignment
  1300:40  error    Unsafe member access .cards on an `any` value                           @typescript-eslint/no-unsafe-member-access
  1300:59  error    Unsafe member access .cards on an `any` value                           @typescript-eslint/no-unsafe-member-access
  1301:9   error    Unsafe assignment of an `any` value                                     @typescript-eslint/no-unsafe-assignment
  1301:42  error    Unsafe member access .discard on an `any` value                         @typescript-eslint/no-unsafe-member-access
  1301:63  error    Unsafe member access .discard on an `any` value                         @typescript-eslint/no-unsafe-member-access
  1338:11  error    Unsafe assignment of an `any` value                                     @typescript-eslint/no-unsafe-assignment
  1338:43  error    Unsafe member access .id on an `any` value                              @typescript-eslint/no-unsafe-member-access
  1339:28  error    Unsafe member access .pawn on an `any` value                            @typescript-eslint/no-unsafe-member-access
  1339:57  error    Unsafe member access .pawn on an `any` value                            @typescript-eslint/no-unsafe-member-access

C:\wamp64\www\lemondeDeLila\backend\src\game\games\les-quatre-vents\ca-derape\setup\ca.setup.ts
  380:7   warning  Unsafe argument of type `any` assigned to a parameter of type `"swap" | "neutral" | "reroll" | "choose_next_player" | "move" | "skip" | "double_next_move" | "ignore_next_penalty" | "global" | "conditional" | "rule"`  @typescript-eslint/no-unsafe-argument
  382:7   warning  Unsafe argument of type `any` assigned to a parameter of type `number | undefined`                                                                                                                                       @typescript-eslint/no-unsafe-argument
  434:42  warning  Unsafe argument of type `any` assigned to a parameter of type `"swap" | "neutral" | "reroll" | "choose_next_player" | "move" | "skip" | "double_next_move" | "ignore_next_penalty" | "global" | "conditional" | "rule"`  @typescript-eslint/no-unsafe-argument
  490:36  warning  Unsafe argument of type `any` assigned to a parameter of type `"swap" | "neutral" | "reroll" | "choose_next_player" | "move" | "skip" | "double_next_move" | "ignore_next_penalty" | "global" | "conditional" | "rule"`  @typescript-eslint/no-unsafe-argument

C:\wamp64\www\lemondeDeLila\backend\src\game\games\les-quatre-vents\contes-et-cacahuetes\tests\contes.effects.spec.ts
   11:3   error    Unsafe return of a value of type `any`                                                   @typescript-eslint/no-unsafe-return
   24:5   error    Unsafe assignment of an `any` value                                                      @typescript-eslint/no-unsafe-assignment
   45:49  error    Unsafe member access .decks on an `any` value                                            @typescript-eslint/no-unsafe-member-access
   66:42  error    Unsafe return of a value of type `any`                                                   @typescript-eslint/no-unsafe-return
   81:15  warning  Unsafe argument of type `any` assigned to a parameter of type `TurnFlowService`          @typescript-eslint/no-unsafe-argument
  100:5   error    Unsafe assignment of an `any` value                                                      @typescript-eslint/no-unsafe-assignment
  122:48  warning  Unsafe argument of type `any[]` assigned to a parameter of type `GameSingleActionDto[]`  @typescript-eslint/no-unsafe-argument
  125:36  error    Unsafe member access .playerId on an `any` value                                         @typescript-eslint/no-unsafe-member-access
  126:36  error    Unsafe member access .data on an `any` value                                             @typescript-eslint/no-unsafe-member-access
  128:48  warning  Unsafe argument of type `any[]` assigned to a parameter of type `GameSingleActionDto[]`  @typescript-eslint/no-unsafe-argument
  131:36  error    Unsafe member access .playerId on an `any` value                                         @typescript-eslint/no-unsafe-member-access
  132:36  error    Unsafe member access .data on an `any` value                                             @typescript-eslint/no-unsafe-member-access
  134:48  warning  Unsafe argument of type `any[]` assigned to a parameter of type `GameSingleActionDto[]`  @typescript-eslint/no-unsafe-argument
  139:44  error    Unsafe member access .winnerId on an `any` value                                         @typescript-eslint/no-unsafe-member-access

C:\wamp64\www\lemondeDeLila\backend\src\game\games\les-quatre-vents\contes-et-cacahuetes\tests\contes.pawn-selection.spec.ts
  12:3   error    Unsafe return of a value of type `any`                                                   @typescript-eslint/no-unsafe-return
  25:5   error    Unsafe assignment of an `any` value                                                      @typescript-eslint/no-unsafe-assignment
  45:42  error    Unsafe return of a value of type `any`                                                   @typescript-eslint/no-unsafe-return
  60:15  warning  Unsafe argument of type `any` assigned to a parameter of type `TurnFlowService`          @typescript-eslint/no-unsafe-argument
  79:36  error    Unsafe member access .type on an `any` value                                             @typescript-eslint/no-unsafe-member-access
  80:11  error    Unsafe assignment of an `any` value                                                      @typescript-eslint/no-unsafe-assignment
  80:48  error    Unsafe member access .data on an `any` value                                             @typescript-eslint/no-unsafe-member-access
  81:23  error    Unsafe member access .length on an `any` value                                           @typescript-eslint/no-unsafe-member-access
  82:30  error    Unsafe member access [0] on an `any` value                                               @typescript-eslint/no-unsafe-member-access
  84:25  error    Unsafe member access [0] on an `any` value                                               @typescript-eslint/no-unsafe-member-access
  86:55  error    Unsafe member access .setupStarterId on an `any` value                                   @typescript-eslint/no-unsafe-member-access
  88:43  error    Unsafe member access .playerId on an `any` value                                         @typescript-eslint/no-unsafe-member-access
  91:36  error    Unsafe member access .type on an `any` value                                             @typescript-eslint/no-unsafe-member-access
  92:50  error    Unsafe member access .playerId on an `any` value                                         @typescript-eslint/no-unsafe-member-access
  93:54  warning  Unsafe argument of type `any` assigned to a parameter of type `GameStateEntity`          @typescript-eslint/no-unsafe-argument
  95:44  error    Unsafe member access .type on an `any` value                                             @typescript-eslint/no-unsafe-member-access
  96:50  warning  Unsafe argument of type `any[]` assigned to a parameter of type `GameSingleActionDto[]`  @typescript-eslint/no-unsafe-argument

C:\wamp64\www\lemondeDeLila\backend\src\game\games\les-quatre-vents\contes-et-cacahuetes\tests\contes.shortcuts.spec.ts
  14:21  error  Unsafe member access .type on an `any` value        @typescript-eslint/no-unsafe-member-access
  14:53  error  Unsafe member access .actionType on an `any` value  @typescript-eslint/no-unsafe-member-access
  20:21  error  Unsafe member access .type on an `any` value        @typescript-eslint/no-unsafe-member-access
  20:56  error  Unsafe member access .id on an `any` value          @typescript-eslint/no-unsafe-member-access
  26:21  error  Unsafe member access .type on an `any` value        @typescript-eslint/no-unsafe-member-access
  26:56  error  Unsafe member access .id on an `any` value          @typescript-eslint/no-unsafe-member-access

C:\wamp64\www\lemondeDeLila\backend\src\game\games\les-quatre-vents\en-attendant-minuit\actions\minuit-action.service.ts
    99:16   error    Unsafe member access .isBot on an `any` value                                                             @typescript-eslint/no-unsafe-member-access
   100:30   error    Unsafe member access .id on an `any` value                                                                @typescript-eslint/no-unsafe-member-access
   109:37   error    Unsafe member access .username on an `any` value                                                          @typescript-eslint/no-unsafe-member-access
   115:36   error    Unsafe member access .id on an `any` value                                                                @typescript-eslint/no-unsafe-member-access
   117:38   error    Unsafe member access .pawn on an `any` value                                                              @typescript-eslint/no-unsafe-member-access
   133:18   error    Irregular whitespace not allowed                                                                          no-irregular-whitespace
   168:5    error    Unsafe assignment of an `any` value                                                                       @typescript-eslint/no-unsafe-assignment
   192:11   error    Unsafe assignment of an `any` value                                                                       @typescript-eslint/no-unsafe-assignment
   193:29   error    Unsafe member access .type on an `any` value                                                              @typescript-eslint/no-unsafe-member-access
   195:11   error    Unsafe assignment of an `any` value                                                                       @typescript-eslint/no-unsafe-assignment
   196:22   error    Unsafe member access .playerId on an `any` value                                                          @typescript-eslint/no-unsafe-member-access
   197:19   error    Unsafe member access .playerId on an `any` value                                                          @typescript-eslint/no-unsafe-member-access
   202:37   warning  Unsafe argument of type `any` assigned to a parameter of type `number`                                    @typescript-eslint/no-unsafe-argument
   207:41   warning  Unsafe argument of type `any` assigned to a parameter of type `number`                                    @typescript-eslint/no-unsafe-argument
   243:52   error    Unsafe member access .answer on an `any` value                                                            @typescript-eslint/no-unsafe-member-access
   294:11   error    Unsafe assignment of an `any` value                                                                       @typescript-eslint/no-unsafe-assignment
   297:15   error    Unsafe member access .type on an `any` value                                                              @typescript-eslint/no-unsafe-member-access
   298:15   error    Unsafe member access .playerId on an `any` value                                                          @typescript-eslint/no-unsafe-member-access
   301:60   error    Unsafe member access .targetPlayerId on an `any` value                                                    @typescript-eslint/no-unsafe-member-access
   340:102  error    Irregular whitespace not allowed                                                                          no-irregular-whitespace
   358:52   error    Unsafe member access .type on an `any` value                                                              @typescript-eslint/no-unsafe-member-access
   396:11   error    Unsafe assignment of an `any` value                                                                       @typescript-eslint/no-unsafe-assignment
   399:28   error    Unsafe member access .type on an `any` value                                                              @typescript-eslint/no-unsafe-member-access
   400:46   error    Unsafe member access .playerId on an `any` value                                                          @typescript-eslint/no-unsafe-member-access
   416:33   error    Unsafe member access .type on an `any` value                                                              @typescript-eslint/no-unsafe-member-access
   441:17   error    Irregular whitespace not allowed                                                                          no-irregular-whitespace
   449:28   error    Unsafe member access .id on an `any` value                                                                @typescript-eslint/no-unsafe-member-access
   450:31   error    Unsafe member access .label on an `any` value                                                             @typescript-eslint/no-unsafe-member-access
   451:37   error    Unsafe member access .description on an `any` value                                                       @typescript-eslint/no-unsafe-member-access
   533:11   error    Unsafe assignment of an `any` value                                                                       @typescript-eslint/no-unsafe-assignment
   534:29   error    Unsafe member access .type on an `any` value                                                              @typescript-eslint/no-unsafe-member-access
   535:37   error    Unsafe member access .playerId on an `any` value                                                          @typescript-eslint/no-unsafe-member-access
   537:11   error    Unsafe assignment of an `any` value                                                                       @typescript-eslint/no-unsafe-assignment
   538:11   error    Unsafe assignment of an `any` value                                                                       @typescript-eslint/no-unsafe-assignment
   539:15   error    Unsafe member access .pawnId on an `any` value                                                            @typescript-eslint/no-unsafe-member-access
   539:33   error    Unsafe member access .pawn on an `any` value                                                              @typescript-eslint/no-unsafe-member-access
   539:49   error    Unsafe member access .value on an `any` value                                                             @typescript-eslint/no-unsafe-member-access
   540:11   error    Unsafe assignment of an `any` value                                                                       @typescript-eslint/no-unsafe-assignment
   540:44   error    Unsafe member access .data on an `any` value                                                              @typescript-eslint/no-unsafe-member-access
   541:17   error    Unsafe member access .data on an `any` value                                                              @typescript-eslint/no-unsafe-member-access
   543:68   warning  Unsafe argument of type `any` assigned to a parameter of type `PawnChoice[]`                              @typescript-eslint/no-unsafe-argument
   544:33   error    'chosen?.id ?? ''' will use Object's default stringification format ('[object Object]') when stringified  @typescript-eslint/no-base-to-string
   588:36   error    Unsafe member access .id on an `any` value                                                                @typescript-eslint/no-unsafe-member-access
   589:38   error    Unsafe member access .name on an `any` value                                                              @typescript-eslint/no-unsafe-member-access
   590:45   error    Unsafe member access .description on an `any` value                                                       @typescript-eslint/no-unsafe-member-access
   651:47   error    Unsafe member access .description on an `any` value                                                       @typescript-eslint/no-unsafe-member-access
   778:33   error    Irregular whitespace not allowed                                                                          no-irregular-whitespace
   848:19   error    Irregular whitespace not allowed                                                                          no-irregular-whitespace
   866:15   error    Irregular whitespace not allowed                                                                          no-irregular-whitespace
   869:58   error    Unsafe member access .type on an `any` value                                                              @typescript-eslint/no-unsafe-member-access
   900:22   error    Irregular whitespace not allowed                                                                          no-irregular-whitespace
   904:18   error    Unsafe member access .type on an `any` value                                                              @typescript-eslint/no-unsafe-member-access
   912:22   error    Irregular whitespace not allowed                                                                          no-irregular-whitespace
   916:18   error    Unsafe member access .type on an `any` value                                                              @typescript-eslint/no-unsafe-member-access
   973:7    error    Unsafe assignment of an `any` value                                                                       @typescript-eslint/no-unsafe-assignment
  1051:18   error    Unsafe assignment of an `any` value                                                                       @typescript-eslint/no-unsafe-assignment
  1051:43   error    Unsafe assignment of an `any` value                                                                       @typescript-eslint/no-unsafe-assignment

C:\wamp64\www\lemondeDeLila\backend\src\game\games\les-quatre-vents\en-attendant-minuit\presenter\minuit-presenter.service.ts
  37:49  error  Unsafe member access .playerId on an `any` value  @typescript-eslint/no-unsafe-member-access
  41:5   error  Unsafe return of a value of type `any`            @typescript-eslint/no-unsafe-return
  49:7   error  Unsafe assignment of an `any` value               @typescript-eslint/no-unsafe-assignment
  50:27  error  Unsafe member access .extras on an `any` value    @typescript-eslint/no-unsafe-member-access

C:\wamp64\www\lemondeDeLila\backend\src\game\games\les-quatre-vents\en-attendant-minuit\rulebook\rulebook.ts
   34:9   error  Unsafe assignment of an `any` value               @typescript-eslint/no-unsafe-assignment
   55:9   error  Unsafe assignment of an `any` value               @typescript-eslint/no-unsafe-assignment
  101:9   error  Unsafe assignment of an `any` value               @typescript-eslint/no-unsafe-assignment
  102:42  error  Unsafe member access .type on an `any` value      @typescript-eslint/no-unsafe-member-access
  104:7   error  Unsafe assignment of an `any` value               @typescript-eslint/no-unsafe-assignment
  119:36  error  Unsafe member access .pawn on an `any` value      @typescript-eslint/no-unsafe-member-access
  120:36  error  Unsafe member access .pawnId on an `any` value    @typescript-eslint/no-unsafe-member-access
  121:36  error  Unsafe member access .value on an `any` value     @typescript-eslint/no-unsafe-member-access
  153:52  error  Unsafe member access .answer on an `any` value    @typescript-eslint/no-unsafe-member-access
  163:9   error  Unsafe assignment of an `any` value               @typescript-eslint/no-unsafe-assignment
  175:21  error  Unsafe member access .type on an `any` value      @typescript-eslint/no-unsafe-member-access
  195:21  error  Unsafe member access .type on an `any` value      @typescript-eslint/no-unsafe-member-access
  203:21  error  Unsafe member access .type on an `any` value      @typescript-eslint/no-unsafe-member-access
  212:34  error  Unsafe member access .playerId on an `any` value  @typescript-eslint/no-unsafe-member-access

C:\wamp64\www\lemondeDeLila\backend\src\game\games\les-quatre-vents\en-attendant-minuit\setup\minuit-setup.service.ts
   37:16  error  Unsafe member access .isBot on an `any` value        @typescript-eslint/no-unsafe-member-access
   38:30  error  Unsafe member access .id on an `any` value           @typescript-eslint/no-unsafe-member-access
   40:37  error  Unsafe member access .username on an `any` value     @typescript-eslint/no-unsafe-member-access
   46:36  error  Unsafe member access .id on an `any` value           @typescript-eslint/no-unsafe-member-access
   48:38  error  Unsafe member access .pawn on an `any` value         @typescript-eslint/no-unsafe-member-access
   66:42  error  Unsafe member access .id on an `any` value           @typescript-eslint/no-unsafe-member-access
   71:11  error  Unsafe assignment of an `any` value                  @typescript-eslint/no-unsafe-assignment
   99:16  error  Unsafe assignment of an `any` value                  @typescript-eslint/no-unsafe-assignment
  109:11  error  Unsafe assignment of an `any` value                  @typescript-eslint/no-unsafe-assignment
  142:32  error  Unsafe member access .id on an `any` value           @typescript-eslint/no-unsafe-member-access
  143:35  error  Unsafe member access .label on an `any` value        @typescript-eslint/no-unsafe-member-access
  144:41  error  Unsafe member access .description on an `any` value  @typescript-eslint/no-unsafe-member-access
  151:7   error  Unsafe assignment of an `any` value                  @typescript-eslint/no-unsafe-assignment
  152:22  error  Unsafe member access .playerId on an `any` value     @typescript-eslint/no-unsafe-member-access
  155:13  error  Unsafe assignment of an `any` value                  @typescript-eslint/no-unsafe-assignment
  155:38  error  Unsafe member access .playerId on an `any` value     @typescript-eslint/no-unsafe-member-access
  182:44  error  Unsafe member access .id on an `any` value           @typescript-eslint/no-unsafe-member-access
  183:46  error  Unsafe member access .name on an `any` value         @typescript-eslint/no-unsafe-member-access

C:\wamp64\www\lemondeDeLila\backend\src\game\games\les-quatre-vents\en-attendant-minuit\tests\minuit-action.service.spec.ts
   17:56  error    Unsafe member access .id on an `any` value                                               @typescript-eslint/no-unsafe-member-access
   36:14  error    Unsafe assignment of an `any` value                                                      @typescript-eslint/no-unsafe-assignment
   36:22  error    Unsafe assignment of an `any` value                                                      @typescript-eslint/no-unsafe-assignment
   36:29  error    Unsafe assignment of an `any` value                                                      @typescript-eslint/no-unsafe-assignment
   40:13  error    Unsafe object destructuring of a property with an `any` value                            @typescript-eslint/no-unsafe-assignment
   40:21  error    Unsafe object destructuring of a property with an `any` value                            @typescript-eslint/no-unsafe-assignment
   40:28  error    Unsafe object destructuring of a property with an `any` value                            @typescript-eslint/no-unsafe-assignment
   42:7   warning  Unsafe argument of type `any` assigned to a parameter of type `RandomService`            @typescript-eslint/no-unsafe-argument
   43:7   warning  Unsafe argument of type `any` assigned to a parameter of type `TurnFlowService`          @typescript-eslint/no-unsafe-argument
   44:7   warning  Unsafe argument of type `any` assigned to a parameter of type `GameCoreService`          @typescript-eslint/no-unsafe-argument
   46:31  warning  Unsafe argument of type `any` assigned to a parameter of type `RandomService`            @typescript-eslint/no-unsafe-argument
   49:11  error    Unsafe assignment of an `any` value                                                      @typescript-eslint/no-unsafe-assignment
   57:7   error    Unsafe assignment of an `any` value                                                      @typescript-eslint/no-unsafe-assignment
   73:46  warning  Unsafe argument of type `any[]` assigned to a parameter of type `GameSingleActionDto[]`  @typescript-eslint/no-unsafe-argument
   81:13  error    Unsafe object destructuring of a property with an `any` value                            @typescript-eslint/no-unsafe-assignment
   81:21  error    Unsafe object destructuring of a property with an `any` value                            @typescript-eslint/no-unsafe-assignment
   81:28  error    Unsafe object destructuring of a property with an `any` value                            @typescript-eslint/no-unsafe-assignment
   82:5   error    Unsafe call of an `any` typed value                                                      @typescript-eslint/no-unsafe-call
   82:12  error    Unsafe member access .rollDice on an `any` value                                         @typescript-eslint/no-unsafe-member-access
   84:7   warning  Unsafe argument of type `any` assigned to a parameter of type `RandomService`            @typescript-eslint/no-unsafe-argument
   85:7   warning  Unsafe argument of type `any` assigned to a parameter of type `TurnFlowService`          @typescript-eslint/no-unsafe-argument
   86:7   warning  Unsafe argument of type `any` assigned to a parameter of type `GameCoreService`          @typescript-eslint/no-unsafe-argument
   88:31  warning  Unsafe argument of type `any` assigned to a parameter of type `RandomService`            @typescript-eslint/no-unsafe-argument
   91:11  error    Unsafe assignment of an `any` value                                                      @typescript-eslint/no-unsafe-assignment
   99:7   error    Unsafe assignment of an `any` value                                                      @typescript-eslint/no-unsafe-assignment
  123:46  warning  Unsafe argument of type `any[]` assigned to a parameter of type `GameSingleActionDto[]`  @typescript-eslint/no-unsafe-argument
  126:64  error    Unsafe member access .message on an `any` value                                          @typescript-eslint/no-unsafe-member-access
  134:13  error    Unsafe object destructuring of a property with an `any` value                            @typescript-eslint/no-unsafe-assignment
  134:21  error    Unsafe object destructuring of a property with an `any` value                            @typescript-eslint/no-unsafe-assignment
  134:28  error    Unsafe object destructuring of a property with an `any` value                            @typescript-eslint/no-unsafe-assignment
  135:5   error    Unsafe call of an `any` typed value                                                      @typescript-eslint/no-unsafe-call
  135:12  error    Unsafe member access .rollDice on an `any` value                                         @typescript-eslint/no-unsafe-member-access
  137:7   warning  Unsafe argument of type `any` assigned to a parameter of type `RandomService`            @typescript-eslint/no-unsafe-argument
  138:7   warning  Unsafe argument of type `any` assigned to a parameter of type `TurnFlowService`          @typescript-eslint/no-unsafe-argument
  139:7   warning  Unsafe argument of type `any` assigned to a parameter of type `GameCoreService`          @typescript-eslint/no-unsafe-argument
  141:31  warning  Unsafe argument of type `any` assigned to a parameter of type `RandomService`            @typescript-eslint/no-unsafe-argument
  144:11  error    Unsafe assignment of an `any` value                                                      @typescript-eslint/no-unsafe-assignment
  152:7   error    Unsafe assignment of an `any` value                                                      @typescript-eslint/no-unsafe-assignment
  166:46  warning  Unsafe argument of type `any[]` assigned to a parameter of type `GameSingleActionDto[]`  @typescript-eslint/no-unsafe-argument
  169:64  error    Unsafe member access .message on an `any` value                                          @typescript-eslint/no-unsafe-member-access
  175:13  error    Unsafe object destructuring of a property with an `any` value                            @typescript-eslint/no-unsafe-assignment
  175:21  error    Unsafe object destructuring of a property with an `any` value                            @typescript-eslint/no-unsafe-assignment
  175:28  error    Unsafe object destructuring of a property with an `any` value                            @typescript-eslint/no-unsafe-assignment
  177:7   warning  Unsafe argument of type `any` assigned to a parameter of type `RandomService`            @typescript-eslint/no-unsafe-argument
  178:7   warning  Unsafe argument of type `any` assigned to a parameter of type `TurnFlowService`          @typescript-eslint/no-unsafe-argument
  179:7   warning  Unsafe argument of type `any` assigned to a parameter of type `GameCoreService`          @typescript-eslint/no-unsafe-argument
  181:31  warning  Unsafe argument of type `any` assigned to a parameter of type `RandomService`            @typescript-eslint/no-unsafe-argument
  184:11  error    Unsafe assignment of an `any` value                                                      @typescript-eslint/no-unsafe-assignment
  192:7   error    Unsafe assignment of an `any` value                                                      @typescript-eslint/no-unsafe-assignment
  200:7   error    Unsafe assignment of an `any` value                                                      @typescript-eslint/no-unsafe-assignment
  217:46  warning  Unsafe argument of type `any[]` assigned to a parameter of type `GameSingleActionDto[]`  @typescript-eslint/no-unsafe-argument
  222:53  error    Unsafe member access .id on an `any` value                                               @typescript-eslint/no-unsafe-member-access
  226:48  error    Unsafe member access .id on an `any` value                                               @typescript-eslint/no-unsafe-member-access
  231:13  error    Unsafe object destructuring of a property with an `any` value                            @typescript-eslint/no-unsafe-assignment
  231:21  error    Unsafe object destructuring of a property with an `any` value                            @typescript-eslint/no-unsafe-assignment
  231:28  error    Unsafe object destructuring of a property with an `any` value                            @typescript-eslint/no-unsafe-assignment
  233:7   warning  Unsafe argument of type `any` assigned to a parameter of type `RandomService`            @typescript-eslint/no-unsafe-argument
  234:7   warning  Unsafe argument of type `any` assigned to a parameter of type `TurnFlowService`          @typescript-eslint/no-unsafe-argument
  235:7   warning  Unsafe argument of type `any` assigned to a parameter of type `GameCoreService`          @typescript-eslint/no-unsafe-argument
  237:31  warning  Unsafe argument of type `any` assigned to a parameter of type `RandomService`            @typescript-eslint/no-unsafe-argument
  240:11  error    Unsafe assignment of an `any` value                                                      @typescript-eslint/no-unsafe-assignment
  248:7   error    Unsafe assignment of an `any` value                                                      @typescript-eslint/no-unsafe-assignment
  257:7   error    Unsafe assignment of an `any` value                                                      @typescript-eslint/no-unsafe-assignment
  279:13  error    Unsafe object destructuring of a property with an `any` value                            @typescript-eslint/no-unsafe-assignment
  279:21  error    Unsafe object destructuring of a property with an `any` value                            @typescript-eslint/no-unsafe-assignment
  279:28  error    Unsafe object destructuring of a property with an `any` value                            @typescript-eslint/no-unsafe-assignment
  281:7   warning  Unsafe argument of type `any` assigned to a parameter of type `RandomService`            @typescript-eslint/no-unsafe-argument
  282:7   warning  Unsafe argument of type `any` assigned to a parameter of type `TurnFlowService`          @typescript-eslint/no-unsafe-argument
  283:7   warning  Unsafe argument of type `any` assigned to a parameter of type `GameCoreService`          @typescript-eslint/no-unsafe-argument
  285:31  warning  Unsafe argument of type `any` assigned to a parameter of type `RandomService`            @typescript-eslint/no-unsafe-argument
  288:11  error    Unsafe assignment of an `any` value                                                      @typescript-eslint/no-unsafe-assignment
  296:7   error    Unsafe assignment of an `any` value                                                      @typescript-eslint/no-unsafe-assignment
  303:7   error    Unsafe assignment of an `any` value                                                      @typescript-eslint/no-unsafe-assignment
  319:46  warning  Unsafe argument of type `any[]` assigned to a parameter of type `GameSingleActionDto[]`  @typescript-eslint/no-unsafe-argument
  329:13  error    Unsafe object destructuring of a property with an `any` value                            @typescript-eslint/no-unsafe-assignment
  329:21  error    Unsafe object destructuring of a property with an `any` value                            @typescript-eslint/no-unsafe-assignment
  329:28  error    Unsafe object destructuring of a property with an `any` value                            @typescript-eslint/no-unsafe-assignment
  331:7   warning  Unsafe argument of type `any` assigned to a parameter of type `RandomService`            @typescript-eslint/no-unsafe-argument
  332:7   warning  Unsafe argument of type `any` assigned to a parameter of type `TurnFlowService`          @typescript-eslint/no-unsafe-argument
  333:7   warning  Unsafe argument of type `any` assigned to a parameter of type `GameCoreService`          @typescript-eslint/no-unsafe-argument
  335:31  warning  Unsafe argument of type `any` assigned to a parameter of type `RandomService`            @typescript-eslint/no-unsafe-argument
  338:11  error    Unsafe assignment of an `any` value                                                      @typescript-eslint/no-unsafe-assignment
  346:7   error    Unsafe assignment of an `any` value                                                      @typescript-eslint/no-unsafe-assignment
  369:46  warning  Unsafe argument of type `any[]` assigned to a parameter of type `GameSingleActionDto[]`  @typescript-eslint/no-unsafe-argument
  372:64  error    Unsafe member access .message on an `any` value                                          @typescript-eslint/no-unsafe-member-access
  384:13  error    Unsafe object destructuring of a property with an `any` value                            @typescript-eslint/no-unsafe-assignment
  384:21  error    Unsafe object destructuring of a property with an `any` value                            @typescript-eslint/no-unsafe-assignment
  384:28  error    Unsafe object destructuring of a property with an `any` value                            @typescript-eslint/no-unsafe-assignment
  386:7   warning  Unsafe argument of type `any` assigned to a parameter of type `RandomService`            @typescript-eslint/no-unsafe-argument
  387:7   warning  Unsafe argument of type `any` assigned to a parameter of type `TurnFlowService`          @typescript-eslint/no-unsafe-argument
  388:7   warning  Unsafe argument of type `any` assigned to a parameter of type `GameCoreService`          @typescript-eslint/no-unsafe-argument
  390:31  warning  Unsafe argument of type `any` assigned to a parameter of type `RandomService`            @typescript-eslint/no-unsafe-argument
  393:11  error    Unsafe assignment of an `any` value                                                      @typescript-eslint/no-unsafe-assignment
  401:7   error    Unsafe assignment of an `any` value                                                      @typescript-eslint/no-unsafe-assignment
  424:7   error    Unsafe assignment of an `any` value                                                      @typescript-eslint/no-unsafe-assignment
  434:46  warning  Unsafe argument of type `any[]` assigned to a parameter of type `GameSingleActionDto[]`  @typescript-eslint/no-unsafe-argument
  437:64  error    Unsafe member access .message on an `any` value                                          @typescript-eslint/no-unsafe-member-access
  459:50  warning  Unsafe argument of type `any` assigned to a parameter of type `GameStateEntity`          @typescript-eslint/no-unsafe-argument
  482:7   warning  Unsafe argument of type `any` assigned to a parameter of type `GameStateEntity`          @typescript-eslint/no-unsafe-argument
  483:7   warning  Unsafe argument of type `any` assigned to a parameter of type `GameSingleActionDto`      @typescript-eslint/no-unsafe-argument

C:\wamp64\www\lemondeDeLila\backend\src\game\games\les-quatre-vents\frousse-party\tests\frousse-action.service.spec.ts
   26:7   warning  Unsafe argument of type `any` assigned to a parameter of type `RandomService`            @typescript-eslint/no-unsafe-argument
   27:7   warning  Unsafe argument of type `any` assigned to a parameter of type `TurnFlowService`          @typescript-eslint/no-unsafe-argument
   28:7   warning  Unsafe argument of type `any` assigned to a parameter of type `GameCoreService`          @typescript-eslint/no-unsafe-argument
   31:31  warning  Unsafe argument of type `any` assigned to a parameter of type `RandomService`            @typescript-eslint/no-unsafe-argument
   34:11  error    Unsafe assignment of an `any` value                                                      @typescript-eslint/no-unsafe-assignment
   39:7   error    Unsafe assignment of an `any` value                                                      @typescript-eslint/no-unsafe-assignment
   40:7   error    Unsafe assignment of an `any` value                                                      @typescript-eslint/no-unsafe-assignment
   71:46  warning  Unsafe argument of type `any[]` assigned to a parameter of type `GameSingleActionDto[]`  @typescript-eslint/no-unsafe-argument
   77:17  error    Unsafe member access .positions on an `any` value                                        @typescript-eslint/no-unsafe-member-access
   98:7   warning  Unsafe argument of type `any` assigned to a parameter of type `RandomService`            @typescript-eslint/no-unsafe-argument
   99:7   warning  Unsafe argument of type `any` assigned to a parameter of type `TurnFlowService`          @typescript-eslint/no-unsafe-argument
  100:7   warning  Unsafe argument of type `any` assigned to a parameter of type `GameCoreService`          @typescript-eslint/no-unsafe-argument
  103:31  warning  Unsafe argument of type `any` assigned to a parameter of type `RandomService`            @typescript-eslint/no-unsafe-argument
  106:11  error    Unsafe assignment of an `any` value                                                      @typescript-eslint/no-unsafe-assignment
  112:7   error    Unsafe assignment of an `any` value                                                      @typescript-eslint/no-unsafe-assignment
  135:46  warning  Unsafe argument of type `any[]` assigned to a parameter of type `GameSingleActionDto[]`  @typescript-eslint/no-unsafe-argument
  138:55  error    Unsafe return of a value of type `any`                                                   @typescript-eslint/no-unsafe-return
  138:57  error    Unsafe member access .message on an `any` value                                          @typescript-eslint/no-unsafe-member-access
  162:7   warning  Unsafe argument of type `any` assigned to a parameter of type `RandomService`            @typescript-eslint/no-unsafe-argument
  163:7   warning  Unsafe argument of type `any` assigned to a parameter of type `TurnFlowService`          @typescript-eslint/no-unsafe-argument
  164:7   warning  Unsafe argument of type `any` assigned to a parameter of type `GameCoreService`          @typescript-eslint/no-unsafe-argument
  167:31  warning  Unsafe argument of type `any` assigned to a parameter of type `RandomService`            @typescript-eslint/no-unsafe-argument
  170:11  error    Unsafe assignment of an `any` value                                                      @typescript-eslint/no-unsafe-assignment
  176:7   error    Unsafe assignment of an `any` value                                                      @typescript-eslint/no-unsafe-assignment
  199:46  warning  Unsafe argument of type `any[]` assigned to a parameter of type `GameSingleActionDto[]`  @typescript-eslint/no-unsafe-argument
  202:64  error    Unsafe member access .message on an `any` value                                          @typescript-eslint/no-unsafe-member-access
  227:7   warning  Unsafe argument of type `any` assigned to a parameter of type `RandomService`            @typescript-eslint/no-unsafe-argument
  228:7   warning  Unsafe argument of type `any` assigned to a parameter of type `TurnFlowService`          @typescript-eslint/no-unsafe-argument
  229:7   warning  Unsafe argument of type `any` assigned to a parameter of type `GameCoreService`          @typescript-eslint/no-unsafe-argument
  232:31  warning  Unsafe argument of type `any` assigned to a parameter of type `RandomService`            @typescript-eslint/no-unsafe-argument
  235:11  error    Unsafe assignment of an `any` value                                                      @typescript-eslint/no-unsafe-assignment
  241:7   error    Unsafe assignment of an `any` value                                                      @typescript-eslint/no-unsafe-assignment
  264:46  warning  Unsafe argument of type `any[]` assigned to a parameter of type `GameSingleActionDto[]`  @typescript-eslint/no-unsafe-argument
  267:64  error    Unsafe member access .message on an `any` value                                          @typescript-eslint/no-unsafe-member-access
  291:7   warning  Unsafe argument of type `any` assigned to a parameter of type `RandomService`            @typescript-eslint/no-unsafe-argument
  292:7   warning  Unsafe argument of type `any` assigned to a parameter of type `TurnFlowService`          @typescript-eslint/no-unsafe-argument
  293:7   warning  Unsafe argument of type `any` assigned to a parameter of type `GameCoreService`          @typescript-eslint/no-unsafe-argument
  296:31  warning  Unsafe argument of type `any` assigned to a parameter of type `RandomService`            @typescript-eslint/no-unsafe-argument
  299:11  error    Unsafe assignment of an `any` value                                                      @typescript-eslint/no-unsafe-assignment
  308:7   error    Unsafe assignment of an `any` value                                                      @typescript-eslint/no-unsafe-assignment
  318:46  warning  Unsafe argument of type `any[]` assigned to a parameter of type `GameSingleActionDto[]`  @typescript-eslint/no-unsafe-argument
  345:7   warning  Unsafe argument of type `any` assigned to a parameter of type `RandomService`            @typescript-eslint/no-unsafe-argument
  346:7   warning  Unsafe argument of type `any` assigned to a parameter of type `TurnFlowService`          @typescript-eslint/no-unsafe-argument
  347:7   warning  Unsafe argument of type `any` assigned to a parameter of type `GameCoreService`          @typescript-eslint/no-unsafe-argument
  350:31  warning  Unsafe argument of type `any` assigned to a parameter of type `RandomService`            @typescript-eslint/no-unsafe-argument
  353:11  error    Unsafe assignment of an `any` value                                                      @typescript-eslint/no-unsafe-assignment
  372:7   error    Unsafe assignment of an `any` value                                                      @typescript-eslint/no-unsafe-assignment
  416:46  warning  Unsafe argument of type `any[]` assigned to a parameter of type `GameSingleActionDto[]`  @typescript-eslint/no-unsafe-argument
  419:64  error    Unsafe member access .message on an `any` value                                          @typescript-eslint/no-unsafe-member-access
  444:7   warning  Unsafe argument of type `any` assigned to a parameter of type `RandomService`            @typescript-eslint/no-unsafe-argument
  445:7   warning  Unsafe argument of type `any` assigned to a parameter of type `TurnFlowService`          @typescript-eslint/no-unsafe-argument
  446:7   warning  Unsafe argument of type `any` assigned to a parameter of type `GameCoreService`          @typescript-eslint/no-unsafe-argument
  449:31  warning  Unsafe argument of type `any` assigned to a parameter of type `RandomService`            @typescript-eslint/no-unsafe-argument
  452:11  error    Unsafe assignment of an `any` value                                                      @typescript-eslint/no-unsafe-assignment
  457:7   error    Unsafe assignment of an `any` value                                                      @typescript-eslint/no-unsafe-assignment
  458:7   error    Unsafe assignment of an `any` value                                                      @typescript-eslint/no-unsafe-assignment
  489:46  warning  Unsafe argument of type `any[]` assigned to a parameter of type `GameSingleActionDto[]`  @typescript-eslint/no-unsafe-argument
  492:64  error    Unsafe member access .message on an `any` value                                          @typescript-eslint/no-unsafe-member-access

C:\wamp64\www\lemondeDeLila\backend\src\game\games\les-quatre-vents\galopons-ensemble\actions\galopons-action.service.ts
   93:5   error    Unsafe assignment of an `any` value                                     @typescript-eslint/no-unsafe-assignment
  119:36  error    Unsafe member access .keepTurn on an `any` value                        @typescript-eslint/no-unsafe-member-access
  122:28  error    Unsafe member access .keepTurn on an `any` value                        @typescript-eslint/no-unsafe-member-access
  150:11  error    Unsafe assignment of an `any` value                                     @typescript-eslint/no-unsafe-assignment
  153:15  error    Unsafe member access .type on an `any` value                            @typescript-eslint/no-unsafe-member-access
  154:15  error    Unsafe member access .playerId on an `any` value                        @typescript-eslint/no-unsafe-member-access
  157:60  error    Unsafe member access .targetPlayerId on an `any` value                  @typescript-eslint/no-unsafe-member-access
  260:11  error    Unsafe assignment of an `any` value                                     @typescript-eslint/no-unsafe-assignment
  261:29  error    Unsafe member access .type on an `any` value                            @typescript-eslint/no-unsafe-member-access
  263:11  error    Unsafe assignment of an `any` value                                     @typescript-eslint/no-unsafe-assignment
  264:22  error    Unsafe member access .playerId on an `any` value                        @typescript-eslint/no-unsafe-member-access
  265:19  error    Unsafe member access .playerId on an `any` value                        @typescript-eslint/no-unsafe-member-access
  270:40  warning  Unsafe argument of type `any` assigned to a parameter of type `number`  @typescript-eslint/no-unsafe-argument
  440:21  error    Unsafe member access .keepTurn on an `any` value                        @typescript-eslint/no-unsafe-member-access
  720:11  error    Unsafe assignment of an `any` value                                     @typescript-eslint/no-unsafe-assignment
  720:48  error    Unsafe member access .id on an `any` value                              @typescript-eslint/no-unsafe-member-access
  722:22  error    Unsafe member access .pawn on an `any` value                            @typescript-eslint/no-unsafe-member-access
  722:56  error    Unsafe member access .pawn on an `any` value                            @typescript-eslint/no-unsafe-member-access

C:\wamp64\www\lemondeDeLila\backend\src\game\games\les-quatre-vents\galopons-ensemble\presenter\galopons-presenter.service.ts
  32:5   error  Unsafe return of a value of type `any`          @typescript-eslint/no-unsafe-return
  40:7   error  Unsafe assignment of an `any` value             @typescript-eslint/no-unsafe-assignment
  41:27  error  Unsafe member access .extras on an `any` value  @typescript-eslint/no-unsafe-member-access

C:\wamp64\www\lemondeDeLila\backend\src\game\games\les-quatre-vents\galopons-ensemble\rulebook\rulebook.ts
   29:9   error  Unsafe assignment of an `any` value               @typescript-eslint/no-unsafe-assignment
   71:9   error  Unsafe assignment of an `any` value               @typescript-eslint/no-unsafe-assignment
   82:15  error  Unsafe member access .type on an `any` value      @typescript-eslint/no-unsafe-member-access
  100:15  error  Unsafe member access .type on an `any` value      @typescript-eslint/no-unsafe-member-access
  108:15  error  Unsafe member access .type on an `any` value      @typescript-eslint/no-unsafe-member-access
  117:17  error  Unsafe member access .playerId on an `any` value  @typescript-eslint/no-unsafe-member-access

C:\wamp64\www\lemondeDeLila\backend\src\game\games\les-quatre-vents\galopons-ensemble\setup\galopons-setup.service.ts
  31:11  error  Unsafe assignment of an `any` value  @typescript-eslint/no-unsafe-assignment
  40:16  error  Unsafe assignment of an `any` value  @typescript-eslint/no-unsafe-assignment

C:\wamp64\www\lemondeDeLila\backend\src\game\games\les-quatre-vents\mission-galaxie\actions\mission-galaxie-action.service.ts
   96:5   error    Unsafe assignment of an `any` value                                     @typescript-eslint/no-unsafe-assignment
  136:11  error    Unsafe assignment of an `any` value                                     @typescript-eslint/no-unsafe-assignment
  139:11  error    Unsafe assignment of an `any` value                                     @typescript-eslint/no-unsafe-assignment
  140:22  error    Unsafe member access .playerId on an `any` value                        @typescript-eslint/no-unsafe-member-access
  141:19  error    Unsafe member access .playerId on an `any` value                        @typescript-eslint/no-unsafe-member-access
  145:30  error    Unsafe member access .data on an `any` value                            @typescript-eslint/no-unsafe-member-access
  159:45  warning  Unsafe argument of type `any` assigned to a parameter of type `number`  @typescript-eslint/no-unsafe-argument
  166:9   warning  Unsafe argument of type `any` assigned to a parameter of type `number`  @typescript-eslint/no-unsafe-argument
  174:7   error    Unsafe assignment of an `any` value                                     @typescript-eslint/no-unsafe-assignment
  180:7   error    Unsafe assignment of an `any` value                                     @typescript-eslint/no-unsafe-assignment
  202:43  warning  Unsafe argument of type `any` assigned to a parameter of type `number`  @typescript-eslint/no-unsafe-argument
  215:57  error    Unsafe member access .choiceIndex on an `any` value                     @typescript-eslint/no-unsafe-member-access
  259:11  error    Unsafe assignment of an `any` value                                     @typescript-eslint/no-unsafe-assignment
  262:60  error    Unsafe member access .targetPlayerId on an `any` value                  @typescript-eslint/no-unsafe-member-access
  263:51  error    Unsafe member access .delta on an `any` value                           @typescript-eslint/no-unsafe-member-access
  273:11  error    Unsafe assignment of an `any` value                                     @typescript-eslint/no-unsafe-assignment
  274:30  error    Unsafe member access .data on an `any` value                            @typescript-eslint/no-unsafe-member-access
  274:55  error    Unsafe member access .data on an `any` value                            @typescript-eslint/no-unsafe-member-access
  590:5   error    '_playerId' is defined but never used                                   @typescript-eslint/no-unused-vars
  692:11  error    Unsafe assignment of an `any` value                                     @typescript-eslint/no-unsafe-assignment
  692:48  error    Unsafe member access .id on an `any` value                              @typescript-eslint/no-unsafe-member-access
  694:22  error    Unsafe member access .pawn on an `any` value                            @typescript-eslint/no-unsafe-member-access
  694:56  error    Unsafe member access .pawn on an `any` value                            @typescript-eslint/no-unsafe-member-access

C:\wamp64\www\lemondeDeLila\backend\src\game\games\les-quatre-vents\mission-galaxie\presenter\mission-galaxie-presenter.service.ts
  35:5   error  Unsafe return of a value of type `any`          @typescript-eslint/no-unsafe-return
  43:7   error  Unsafe assignment of an `any` value             @typescript-eslint/no-unsafe-assignment
  44:27  error  Unsafe member access .extras on an `any` value  @typescript-eslint/no-unsafe-member-access

C:\wamp64\www\lemondeDeLila\backend\src\game\games\les-quatre-vents\mission-galaxie\rulebook\rulebook.ts
   29:9   error  Unsafe assignment of an `any` value                     @typescript-eslint/no-unsafe-assignment
   31:17  error  Unsafe member access .playerId on an `any` value        @typescript-eslint/no-unsafe-member-access
   34:17  error  Unsafe member access .type on an `any` value            @typescript-eslint/no-unsafe-member-access
   43:17  error  Unsafe member access .type on an `any` value            @typescript-eslint/no-unsafe-member-access
   44:13  error  Unsafe assignment of an `any` value                     @typescript-eslint/no-unsafe-assignment
   45:32  error  Unsafe member access .data on an `any` value            @typescript-eslint/no-unsafe-member-access
   45:57  error  Unsafe member access .data on an `any` value            @typescript-eslint/no-unsafe-member-access
   87:9   error  Unsafe assignment of an `any` value                     @typescript-eslint/no-unsafe-assignment
   89:17  error  Unsafe member access .playerId on an `any` value        @typescript-eslint/no-unsafe-member-access
  103:15  error  Unsafe member access .type on an `any` value            @typescript-eslint/no-unsafe-member-access
  110:17  error  Unsafe member access .type on an `any` value            @typescript-eslint/no-unsafe-member-access
  133:56  error  Unsafe member access .choiceIndex on an `any` value     @typescript-eslint/no-unsafe-member-access
  138:17  error  Unsafe member access .type on an `any` value            @typescript-eslint/no-unsafe-member-access
  144:13  error  Unsafe assignment of an `any` value                     @typescript-eslint/no-unsafe-assignment
  145:32  error  Unsafe member access .data on an `any` value            @typescript-eslint/no-unsafe-member-access
  145:57  error  Unsafe member access .data on an `any` value            @typescript-eslint/no-unsafe-member-access
  146:62  error  Unsafe member access .targetPlayerId on an `any` value  @typescript-eslint/no-unsafe-member-access
  147:53  error  Unsafe member access .delta on an `any` value           @typescript-eslint/no-unsafe-member-access

C:\wamp64\www\lemondeDeLila\backend\src\game\games\les-quatre-vents\mission-galaxie\setup\mission-galaxie-setup.service.ts
  37:11  error  Unsafe assignment of an `any` value  @typescript-eslint/no-unsafe-assignment
  56:9   error  Unsafe assignment of an `any` value  @typescript-eslint/no-unsafe-assignment
  57:9   error  Unsafe assignment of an `any` value  @typescript-eslint/no-unsafe-assignment
  58:9   error  Unsafe assignment of an `any` value  @typescript-eslint/no-unsafe-assignment

C:\wamp64\www\lemondeDeLila\backend\src\game\games\les-quatre-vents\mon-village-mon-histoire\actions\mon-village-action.service.ts
  100:11  error  Unsafe assignment of an `any` value           @typescript-eslint/no-unsafe-assignment
  312:11  error  Unsafe assignment of an `any` value           @typescript-eslint/no-unsafe-assignment
  312:48  error  Unsafe member access .id on an `any` value    @typescript-eslint/no-unsafe-member-access
  314:22  error  Unsafe member access .pawn on an `any` value  @typescript-eslint/no-unsafe-member-access
  314:56  error  Unsafe member access .pawn on an `any` value  @typescript-eslint/no-unsafe-member-access

C:\wamp64\www\lemondeDeLila\backend\src\game\games\les-quatre-vents\mon-village-mon-histoire\presenter\mon-village-presenter.service.ts
  48:5   error  Unsafe return of a value of type `any`          @typescript-eslint/no-unsafe-return
  58:7   error  Unsafe assignment of an `any` value             @typescript-eslint/no-unsafe-assignment
  59:27  error  Unsafe member access .extras on an `any` value  @typescript-eslint/no-unsafe-member-access

C:\wamp64\www\lemondeDeLila\backend\src\game\games\les-quatre-vents\mon-village-mon-histoire\setup\mon-village-setup.service.ts
  41:11  error  Unsafe assignment of an `any` value  @typescript-eslint/no-unsafe-assignment
  44:9   error  Unsafe assignment of an `any` value  @typescript-eslint/no-unsafe-assignment
  53:7   error  Unsafe assignment of an `any` value  @typescript-eslint/no-unsafe-assignment

C:\wamp64\www\lemondeDeLila\backend\src\game\games\les-quatre-vents\odyssee-quatre-cieux\actions\odyssee-action.service.ts
   71:5    error    Unsafe assignment of an `any` value                                     @typescript-eslint/no-unsafe-assignment
   95:39   error    Unsafe member access .winnerId on an `any` value                        @typescript-eslint/no-unsafe-member-access
  125:11   error    Unsafe assignment of an `any` value                                     @typescript-eslint/no-unsafe-assignment
  128:15   error    Unsafe member access .type on an `any` value                            @typescript-eslint/no-unsafe-member-access
  129:15   error    Unsafe member access .playerId on an `any` value                        @typescript-eslint/no-unsafe-member-access
  133:55   error    Unsafe member access .pawnIndex on an `any` value                       @typescript-eslint/no-unsafe-member-access
  134:60   error    Unsafe member access .targetProgress on an `any` value                  @typescript-eslint/no-unsafe-member-access
  138:34   error    Unsafe member access .data on an `any` value                            @typescript-eslint/no-unsafe-member-access
  139:11   error    Unsafe assignment of an `any` value                                     @typescript-eslint/no-unsafe-assignment
  140:30   error    Unsafe member access .data on an `any` value                            @typescript-eslint/no-unsafe-member-access
  140:53   error    Unsafe member access .data on an `any` value                            @typescript-eslint/no-unsafe-member-access
  149:11   error    Unsafe assignment of an `any` value                                     @typescript-eslint/no-unsafe-assignment
  150:15   error    Unsafe member access .choices on an `any` value                         @typescript-eslint/no-unsafe-member-access
  161:36   error    Unsafe assignment of an `any` value                                     @typescript-eslint/no-unsafe-assignment
  165:37   error    Unsafe member access .winnerId on an `any` value                        @typescript-eslint/no-unsafe-member-access
  230:5    error    '_roll' is defined but never used                                       @typescript-eslint/no-unused-vars
  325:15   error    Unsafe assignment of an `any` value                                     @typescript-eslint/no-unsafe-assignment
  325:35   error    Unsafe member access .progress on an `any` value                        @typescript-eslint/no-unsafe-member-access
  325:64   error    Unsafe member access .progress on an `any` value                        @typescript-eslint/no-unsafe-member-access
  326:51   error    Unsafe return of a value of type `any`                                  @typescript-eslint/no-unsafe-return
  328:31   error    Unsafe return of a value of type `any`                                  @typescript-eslint/no-unsafe-return
  331:115  warning  Unsafe argument of type `any` assigned to a parameter of type `number`  @typescript-eslint/no-unsafe-argument
  331:120  error    Unsafe member access .pawnIndex on an `any` value                       @typescript-eslint/no-unsafe-member-access
  333:9    error    Unsafe return of a value of type `any`                                  @typescript-eslint/no-unsafe-return
  410:11   error    Unsafe assignment of an `any` value                                     @typescript-eslint/no-unsafe-assignment
  411:39   error    Unsafe member access .pawnNamesByPlayer on an `any` value               @typescript-eslint/no-unsafe-member-access
  412:14   error    Unsafe member access .pawnNamesByPlayer on an `any` value               @typescript-eslint/no-unsafe-member-access
  421:11   error    Unsafe assignment of an `any` value                                     @typescript-eslint/no-unsafe-assignment
  421:43   error    Unsafe member access .id on an `any` value                              @typescript-eslint/no-unsafe-member-access
  422:34   error    Unsafe member access .pawn on an `any` value                            @typescript-eslint/no-unsafe-member-access
  422:63   error    Unsafe member access .pawn on an `any` value                            @typescript-eslint/no-unsafe-member-access

C:\wamp64\www\lemondeDeLila\backend\src\game\games\les-quatre-vents\odyssee-quatre-cieux\presenter\odyssee-presenter.service.ts
  70:5   error  Unsafe return of a value of type `any`          @typescript-eslint/no-unsafe-return
  78:7   error  Unsafe assignment of an `any` value             @typescript-eslint/no-unsafe-assignment
  79:27  error  Unsafe member access .extras on an `any` value  @typescript-eslint/no-unsafe-member-access

C:\wamp64\www\lemondeDeLila\backend\src\game\games\les-quatre-vents\odyssee-quatre-cieux\rulebook\rulebook.ts
  27:9   error  Unsafe assignment of an `any` value               @typescript-eslint/no-unsafe-assignment
  38:17  error  Unsafe member access .playerId on an `any` value  @typescript-eslint/no-unsafe-member-access
  71:9   error  Unsafe assignment of an `any` value               @typescript-eslint/no-unsafe-assignment
  74:7   error  Unsafe assignment of an `any` value               @typescript-eslint/no-unsafe-assignment

C:\wamp64\www\lemondeDeLila\backend\src\game\games\les-quatre-vents\panier-express\actions\panier-express-deck.service.ts
  34:7  error  Unsafe assignment of an `any` value     @typescript-eslint/no-unsafe-assignment
  72:5  error  Unsafe return of a value of type `any`  @typescript-eslint/no-unsafe-return

C:\wamp64\www\lemondeDeLila\backend\src\game\games\les-quatre-vents\panier-express\actions\panier-express-draw.service.ts
   27:11  error  Unsafe assignment of an `any` value                         @typescript-eslint/no-unsafe-assignment
   27:35  error  Unsafe member access .statuses on an `any` value            @typescript-eslint/no-unsafe-member-access
   96:11  error  Unsafe assignment of an `any` value                         @typescript-eslint/no-unsafe-assignment
   99:33  error  Unsafe member access .lastObtainedCourse on an `any` value  @typescript-eslint/no-unsafe-member-access
  105:7   error  Unsafe assignment of an `any` value                         @typescript-eslint/no-unsafe-assignment
  108:38  error  Unsafe member access .discards on an `any` value            @typescript-eslint/no-unsafe-member-access
  110:17  error  Unsafe spread of an `any` value in an array                 @typescript-eslint/no-unsafe-assignment
  110:42  error  Unsafe member access .discards on an `any` value            @typescript-eslint/no-unsafe-member-access
  115:33  error  Unsafe member access .discards on an `any` value            @typescript-eslint/no-unsafe-member-access
  137:40  error  Unsafe member access .roomId on an `any` value              @typescript-eslint/no-unsafe-member-access
  138:42  error  Unsafe member access .gameType on an `any` value            @typescript-eslint/no-unsafe-member-access

C:\wamp64\www\lemondeDeLila\backend\src\game\games\les-quatre-vents\panier-express\actions\panier-express-exchange.service.ts
   101:7   error    Unsafe return of a value of type `any`                                  @typescript-eslint/no-unsafe-return
   118:40  error    Unsafe member access .roomId on an `any` value                          @typescript-eslint/no-unsafe-member-access
   119:42  error    Unsafe member access .gameType on an `any` value                        @typescript-eslint/no-unsafe-member-access
   133:11  error    Unsafe assignment of an `any` value                                     @typescript-eslint/no-unsafe-assignment
   134:11  error    Unsafe assignment of an `any` value                                     @typescript-eslint/no-unsafe-assignment
   135:26  error    Unsafe member access .type on an `any` value                            @typescript-eslint/no-unsafe-member-access
   135:57  error    Unsafe member access .step on an `any` value                            @typescript-eslint/no-unsafe-member-access
   147:33  error    Unsafe member access .targetUsername on an `any` value                  @typescript-eslint/no-unsafe-member-access
   147:86  error    Unsafe member access .initiatorUsername on an `any` value               @typescript-eslint/no-unsafe-member-access
   161:13  error    Unsafe assignment of an `any` value                                     @typescript-eslint/no-unsafe-assignment
   162:13  error    Unsafe assignment of an `any` value                                     @typescript-eslint/no-unsafe-assignment
   165:52  error    Unsafe member access .inventory on an `any` value                       @typescript-eslint/no-unsafe-member-access
   191:13  error    Unsafe assignment of an `any` value                                     @typescript-eslint/no-unsafe-assignment
   194:13  error    Unsafe assignment of an `any` value                                     @typescript-eslint/no-unsafe-assignment
   197:64  error    Unsafe member access .inventory on an `any` value                       @typescript-eslint/no-unsafe-member-access
   198:58  error    Unsafe member access .inventory on an `any` value                       @typescript-eslint/no-unsafe-member-access
   218:13  error    Unsafe assignment of an `any` value                                     @typescript-eslint/no-unsafe-assignment
   221:13  error    Unsafe assignment of an `any` value                                     @typescript-eslint/no-unsafe-assignment
   224:64  error    Unsafe member access .inventory on an `any` value                       @typescript-eslint/no-unsafe-member-access
   225:58  error    Unsafe member access .inventory on an `any` value                       @typescript-eslint/no-unsafe-member-access
   274:13  error    Unsafe assignment of an `any` value                                     @typescript-eslint/no-unsafe-assignment
   277:52  error    Unsafe member access .inventory on an `any` value                       @typescript-eslint/no-unsafe-member-access
   286:9   error    Unsafe assignment of an `any` value                                     @typescript-eslint/no-unsafe-assignment
   357:9   error    Unsafe assignment of an `any` value                                     @typescript-eslint/no-unsafe-assignment
   380:13  error    Unsafe assignment of an `any` value                                     @typescript-eslint/no-unsafe-assignment
   381:48  error    Unsafe member access .inventory on an `any` value                       @typescript-eslint/no-unsafe-member-access
   391:9   error    Unsafe assignment of an `any` value                                     @typescript-eslint/no-unsafe-assignment
   418:9   error    Unsafe assignment of an `any` value                                     @typescript-eslint/no-unsafe-assignment
   445:9   error    Unsafe assignment of an `any` value                                     @typescript-eslint/no-unsafe-assignment
   471:13  error    Unsafe assignment of an `any` value                                     @typescript-eslint/no-unsafe-assignment
   477:9   error    Unsafe assignment of an `any` value                                     @typescript-eslint/no-unsafe-assignment
   494:13  error    Unsafe assignment of an `any` value                                     @typescript-eslint/no-unsafe-assignment
   495:50  error    Unsafe member access .inventory on an `any` value                       @typescript-eslint/no-unsafe-member-access
   505:9   error    Unsafe assignment of an `any` value                                     @typescript-eslint/no-unsafe-assignment
   536:13  error    Unsafe assignment of an `any` value                                     @typescript-eslint/no-unsafe-assignment
   537:13  error    Unsafe assignment of an `any` value                                     @typescript-eslint/no-unsafe-assignment
   540:50  error    Unsafe member access .inventory on an `any` value                       @typescript-eslint/no-unsafe-member-access
   541:57  error    Unsafe member access .inventory on an `any` value                       @typescript-eslint/no-unsafe-member-access
   579:13  error    Unsafe assignment of an `any` value                                     @typescript-eslint/no-unsafe-assignment
   580:34  error    Unsafe member access .positions on an `any` value                       @typescript-eslint/no-unsafe-member-access
   581:13  error    Unsafe assignment of an `any` value                                     @typescript-eslint/no-unsafe-assignment
   581:43  error    Unsafe member access .tiles on an `any` value                           @typescript-eslint/no-unsafe-member-access
   581:60  error    Unsafe member access .tiles on an `any` value                           @typescript-eslint/no-unsafe-member-access
   582:13  error    Unsafe assignment of an `any` value                                     @typescript-eslint/no-unsafe-assignment
   582:27  error    Unsafe member access .length on an `any` value                          @typescript-eslint/no-unsafe-member-access
   603:13  error    Unsafe assignment of an `any` value                                     @typescript-eslint/no-unsafe-assignment
   604:13  error    Unsafe assignment of an `any` value                                     @typescript-eslint/no-unsafe-assignment
   607:49  error    Unsafe member access .inventory on an `any` value                       @typescript-eslint/no-unsafe-member-access
   608:53  error    Unsafe member access .inventory on an `any` value                       @typescript-eslint/no-unsafe-member-access
   644:48  error    Unsafe member access .inventory on an `any` value                       @typescript-eslint/no-unsafe-member-access
   663:51  error    Unsafe member access .id on an `any` value                              @typescript-eslint/no-unsafe-member-access
   694:57  error    Unsafe member access .inventory on an `any` value                       @typescript-eslint/no-unsafe-member-access
   736:57  error    Unsafe member access .inventory on an `any` value                       @typescript-eslint/no-unsafe-member-access
   779:13  error    Unsafe assignment of an `any` value                                     @typescript-eslint/no-unsafe-assignment
   781:15  error    Unsafe member access .id on an `any` value                              @typescript-eslint/no-unsafe-member-access
   781:32  error    Unsafe return of a value of type `any`                                  @typescript-eslint/no-unsafe-return
   783:9   error    Unsafe return of a value of type `any`                                  @typescript-eslint/no-unsafe-return
   800:13  error    Unsafe assignment of an `any` value                                     @typescript-eslint/no-unsafe-assignment
   801:13  error    Unsafe assignment of an `any` value                                     @typescript-eslint/no-unsafe-assignment
   801:51  error    Unsafe member access .targets on an `any` value                         @typescript-eslint/no-unsafe-member-access
   802:19  error    Unsafe member access .targets on an `any` value                         @typescript-eslint/no-unsafe-member-access
   805:42  error    Unsafe member access .roomId on an `any` value                          @typescript-eslint/no-unsafe-member-access
   806:44  error    Unsafe member access .gameType on an `any` value                        @typescript-eslint/no-unsafe-member-access
   827:15  error    Unsafe assignment of an `any` value                                     @typescript-eslint/no-unsafe-assignment
   830:49  error    Unsafe member access .inventory on an `any` value                       @typescript-eslint/no-unsafe-member-access
   834:17  error    Unsafe member access .id on an `any` value                              @typescript-eslint/no-unsafe-member-access
   834:34  error    Unsafe return of a value of type `any`                                  @typescript-eslint/no-unsafe-return
   835:50  error    Unsafe member access .inventory on an `any` value                       @typescript-eslint/no-unsafe-member-access
   836:11  error    Unsafe return of a value of type `any`                                  @typescript-eslint/no-unsafe-return
   865:14  error    Unsafe assignment of an `any` value                                     @typescript-eslint/no-unsafe-assignment
   867:43  error    Unsafe member access .shoppingList on an `any` value                    @typescript-eslint/no-unsafe-member-access
   868:45  error    Unsafe member access .basket on an `any` value                          @typescript-eslint/no-unsafe-member-access
   869:48  error    Unsafe member access .inventory on an `any` value                       @typescript-eslint/no-unsafe-member-access
   879:9   error    Unsafe assignment of an `any` value                                     @typescript-eslint/no-unsafe-assignment
   889:7   error    Unsafe assignment of an `any` value                                     @typescript-eslint/no-unsafe-assignment
   897:7   error    Unsafe assignment of an `any` value                                     @typescript-eslint/no-unsafe-assignment
   905:7   error    Unsafe assignment of an `any` value                                     @typescript-eslint/no-unsafe-assignment
   912:5   error    Unsafe assignment of an `any` value                                     @typescript-eslint/no-unsafe-assignment
   929:11  error    Unsafe member access .id on an `any` value                              @typescript-eslint/no-unsafe-member-access
   929:28  error    Unsafe return of a value of type `any`                                  @typescript-eslint/no-unsafe-return
   933:5   error    Unsafe return of a value of type `any`                                  @typescript-eslint/no-unsafe-return
   935:9   error    Unsafe assignment of an `any` value                                     @typescript-eslint/no-unsafe-assignment
   936:9   error    Unsafe assignment of an `any` value                                     @typescript-eslint/no-unsafe-assignment
   936:47  error    Unsafe member access .discards on an `any` value                        @typescript-eslint/no-unsafe-member-access
   937:7   error    Unsafe call of an `any` typed value                                     @typescript-eslint/no-unsafe-call
   937:12  error    Unsafe member access .discards on an `any` value                        @typescript-eslint/no-unsafe-member-access
   944:7   error    Unsafe assignment of an `any` value                                     @typescript-eslint/no-unsafe-assignment
   945:19  error    Unsafe member access .lastObtainedCourse on an `any` value              @typescript-eslint/no-unsafe-member-access
   948:7   error    Unsafe assignment of an `any` value                                     @typescript-eslint/no-unsafe-assignment
   949:19  error    Unsafe member access .discards on an `any` value                        @typescript-eslint/no-unsafe-member-access
   950:9   error    Unsafe assignment of an `any` value                                     @typescript-eslint/no-unsafe-assignment
   950:31  error    Unsafe spread of an `any` value in an array                             @typescript-eslint/no-unsafe-assignment
   965:11  error    Unsafe member access .id on an `any` value                              @typescript-eslint/no-unsafe-member-access
   965:28  error    Unsafe return of a value of type `any`                                  @typescript-eslint/no-unsafe-return
   966:39  error    Unsafe member access .inventory on an `any` value                       @typescript-eslint/no-unsafe-member-access
   967:5   error    Unsafe return of a value of type `any`                                  @typescript-eslint/no-unsafe-return
   980:11  error    Unsafe member access .id on an `any` value                              @typescript-eslint/no-unsafe-member-access
   980:28  error    Unsafe return of a value of type `any`                                  @typescript-eslint/no-unsafe-return
   981:5   error    Unsafe return of a value of type `any`                                  @typescript-eslint/no-unsafe-return
   992:9   error    Unsafe assignment of an `any` value                                     @typescript-eslint/no-unsafe-assignment
   993:9   error    Unsafe assignment of an `any` value                                     @typescript-eslint/no-unsafe-assignment
   993:39  error    Unsafe member access .discards on an `any` value                        @typescript-eslint/no-unsafe-member-access
   994:7   error    Unsafe call of an `any` typed value                                     @typescript-eslint/no-unsafe-call
   994:12  error    Unsafe member access .discards on an `any` value                        @typescript-eslint/no-unsafe-member-access
  1000:7   error    Unsafe assignment of an `any` value                                     @typescript-eslint/no-unsafe-assignment
  1001:19  error    Unsafe member access .discards on an `any` value                        @typescript-eslint/no-unsafe-member-access
  1002:19  error    Unsafe spread of an `any` value in an array                             @typescript-eslint/no-unsafe-assignment
  1013:9   error    Unsafe assignment of an `any` value                                     @typescript-eslint/no-unsafe-assignment
  1014:9   error    Unsafe assignment of an `any` value                                     @typescript-eslint/no-unsafe-assignment
  1014:25  error    Unsafe member access .statuses on an `any` value                        @typescript-eslint/no-unsafe-member-access
  1015:30  warning  Unsafe argument of type `any` assigned to a parameter of type `number`  @typescript-eslint/no-unsafe-argument
  1020:7   error    Unsafe assignment of an `any` value                                     @typescript-eslint/no-unsafe-assignment
  1021:19  error    Unsafe member access .statuses on an `any` value                        @typescript-eslint/no-unsafe-member-access
  1022:9   error    Unsafe assignment of an `any` value                                     @typescript-eslint/no-unsafe-assignment
  1023:21  error    Unsafe member access .statuses on an `any` value                        @typescript-eslint/no-unsafe-member-access

C:\wamp64\www\lemondeDeLila\backend\src\game\games\les-quatre-vents\panier-express\actions\panier-express-quiz.service.ts
  45:9   error  Unsafe assignment of an `any` value           @typescript-eslint/no-unsafe-assignment
  77:5   error  Unsafe assignment of an `any` value           @typescript-eslint/no-unsafe-assignment
  80:11  error  Unsafe assignment of an `any` value           @typescript-eslint/no-unsafe-assignment
  80:50  error  Unsafe member access .quiz on an `any` value  @typescript-eslint/no-unsafe-member-access
  92:11  error  Unsafe assignment of an `any` value           @typescript-eslint/no-unsafe-assignment

C:\wamp64\www\lemondeDeLila\backend\src\game\games\les-quatre-vents\panier-express\bots\panier-express-bot.service.ts
   29:42  error  Unsafe member access .roomId on an `any` value          @typescript-eslint/no-unsafe-member-access
   30:44  error  Unsafe member access .gameType on an `any` value        @typescript-eslint/no-unsafe-member-access
   53:42  error  Unsafe member access .roomId on an `any` value          @typescript-eslint/no-unsafe-member-access
   54:44  error  Unsafe member access .gameType on an `any` value        @typescript-eslint/no-unsafe-member-access
   78:15  error  Unsafe assignment of an `any` value                     @typescript-eslint/no-unsafe-assignment
   79:15  error  Unsafe assignment of an `any` value                     @typescript-eslint/no-unsafe-assignment
   80:30  error  Unsafe member access .type on an `any` value            @typescript-eslint/no-unsafe-member-access
   80:61  error  Unsafe member access .step on an `any` value            @typescript-eslint/no-unsafe-member-access
   83:29  error  Unsafe member access .playerId on an `any` value        @typescript-eslint/no-unsafe-member-access
   86:35  error  Unsafe member access .give on an `any` value            @typescript-eslint/no-unsafe-member-access
   87:28  error  Unsafe member access .take on an `any` value            @typescript-eslint/no-unsafe-member-access
   87:56  error  Unsafe member access .take on an `any` value            @typescript-eslint/no-unsafe-member-access
   90:38  error  Unsafe member access .bonusRequested on an `any` value  @typescript-eslint/no-unsafe-member-access
  105:15  error  Unsafe assignment of an `any` value                     @typescript-eslint/no-unsafe-assignment
  106:15  error  Unsafe assignment of an `any` value                     @typescript-eslint/no-unsafe-assignment
  106:43  error  Unsafe member access .inventory on an `any` value       @typescript-eslint/no-unsafe-member-access
  106:63  error  Unsafe member access .inventory on an `any` value       @typescript-eslint/no-unsafe-member-access
  107:15  error  Unsafe assignment of an `any` value                     @typescript-eslint/no-unsafe-assignment
  107:24  error  Unsafe call of an `any` typed value                     @typescript-eslint/no-unsafe-call
  107:28  error  Unsafe member access .filter on an `any` value          @typescript-eslint/no-unsafe-member-access
  107:71  error  Unsafe member access .length on an `any` value          @typescript-eslint/no-unsafe-member-access
  108:49  error  Unsafe member access .length on an `any` value          @typescript-eslint/no-unsafe-member-access
  144:42  error  Unsafe member access .roomId on an `any` value          @typescript-eslint/no-unsafe-member-access
  145:44  error  Unsafe member access .gameType on an `any` value        @typescript-eslint/no-unsafe-member-access

C:\wamp64\www\lemondeDeLila\backend\src\game\games\les-quatre-vents\panier-express\definitions\victory.definition.ts
  12:13  error  Unsafe assignment of an `any` value                   @typescript-eslint/no-unsafe-assignment
  13:34  error  Unsafe member access .positions on an `any` value     @typescript-eslint/no-unsafe-member-access
  14:40  error  Unsafe member access .positions on an `any` value     @typescript-eslint/no-unsafe-member-access
  15:37  error  Unsafe member access .positions on an `any` value     @typescript-eslint/no-unsafe-member-access
  19:15  error  Unsafe assignment of an `any` value                   @typescript-eslint/no-unsafe-assignment
  19:60  error  Unsafe member access .shoppingList on an `any` value  @typescript-eslint/no-unsafe-member-access
  20:29  error  Unsafe member access .shoppingList on an `any` value  @typescript-eslint/no-unsafe-member-access
  22:15  error  Unsafe assignment of an `any` value                   @typescript-eslint/no-unsafe-assignment
  22:54  error  Unsafe member access .basket on an `any` value        @typescript-eslint/no-unsafe-member-access
  23:29  error  Unsafe member access .basket on an `any` value        @typescript-eslint/no-unsafe-member-access
  25:15  error  Unsafe assignment of an `any` value                   @typescript-eslint/no-unsafe-assignment
  26:24  error  Unsafe member access .length on an `any` value        @typescript-eslint/no-unsafe-member-access
  27:11  error  Unsafe call of an `any` typed value                   @typescript-eslint/no-unsafe-call
  27:24  error  Unsafe member access .every on an `any` value         @typescript-eslint/no-unsafe-member-access
  27:40  error  Unsafe return of a value of type `any`                @typescript-eslint/no-unsafe-return
  27:40  error  Unsafe call of an `any` typed value                   @typescript-eslint/no-unsafe-call
  27:47  error  Unsafe member access .includes on an `any` value      @typescript-eslint/no-unsafe-member-access
  29:15  error  Unsafe assignment of an `any` value                   @typescript-eslint/no-unsafe-assignment
  30:30  error  Unsafe member access [player.id] on an `any` value    @typescript-eslint/no-unsafe-member-access
  31:25  error  Unsafe member access [player.id] on an `any` value    @typescript-eslint/no-unsafe-member-access
  39:43  error  Unsafe member access .length on an `any` value        @typescript-eslint/no-unsafe-member-access

C:\wamp64\www\lemondeDeLila\backend\src\game\games\les-quatre-vents\panier-express\model\panier-express-utils.service.ts
   59:7   error  Unsafe assignment of an `any` value                   @typescript-eslint/no-unsafe-assignment
   59:18  error  Unsafe member access .id on an `any` value            @typescript-eslint/no-unsafe-member-access
   60:7   error  Unsafe assignment of an `any` value                   @typescript-eslint/no-unsafe-assignment
   61:23  error  Unsafe member access .username on an `any` value      @typescript-eslint/no-unsafe-member-access
   62:20  error  Unsafe member access .username on an `any` value      @typescript-eslint/no-unsafe-member-access
   63:30  error  Unsafe member access .id on an `any` value            @typescript-eslint/no-unsafe-member-access
   64:21  error  Unsafe member access .isBot on an `any` value         @typescript-eslint/no-unsafe-member-access
   65:47  error  Unsafe member access .shoppingList on an `any` value  @typescript-eslint/no-unsafe-member-access
   66:41  error  Unsafe member access .basket on an `any` value        @typescript-eslint/no-unsafe-member-access
   67:44  error  Unsafe member access .inventory on an `any` value     @typescript-eslint/no-unsafe-member-access
   68:7   error  Unsafe assignment of an `any` value                   @typescript-eslint/no-unsafe-assignment
   68:27  error  Unsafe member access .pawn on an `any` value          @typescript-eslint/no-unsafe-member-access
   68:54  error  Unsafe member access .pawn on an `any` value          @typescript-eslint/no-unsafe-member-access
   86:15  error  Unsafe assignment of an `any` value                   @typescript-eslint/no-unsafe-assignment
  130:37  error  Unsafe member access .username on an `any` value      @typescript-eslint/no-unsafe-member-access
  131:20  error  Unsafe member access .isBot on an `any` value         @typescript-eslint/no-unsafe-member-access
  143:36  error  Unsafe member access .shoppingList on an `any` value  @typescript-eslint/no-unsafe-member-access
  144:22  error  Unsafe member access .shoppingList on an `any` value  @typescript-eslint/no-unsafe-member-access
  146:36  error  Unsafe member access .basket on an `any` value        @typescript-eslint/no-unsafe-member-access
  146:58  error  Unsafe member access .basket on an `any` value        @typescript-eslint/no-unsafe-member-access
  148:36  error  Unsafe member access .inventory on an `any` value     @typescript-eslint/no-unsafe-member-access
  149:22  error  Unsafe member access .inventory on an `any` value     @typescript-eslint/no-unsafe-member-access
  221:18  error  Unsafe member access .type on an `any` value          @typescript-eslint/no-unsafe-member-access
  227:30  error  Unsafe member access .standId on an `any` value       @typescript-eslint/no-unsafe-member-access
  243:9   error  Unsafe return of a value of type `any`                @typescript-eslint/no-unsafe-return
  243:22  error  Unsafe member access .id on an `any` value            @typescript-eslint/no-unsafe-member-access

C:\wamp64\www\lemondeDeLila\backend\src\game\games\les-quatre-vents\panier-express\panier-express.service.ts
  1842:15  error    Unsafe assignment of an `any` value                                                                     @typescript-eslint/no-unsafe-assignment
  1843:52  error    Unsafe member access .inventory on an `any` value                                                       @typescript-eslint/no-unsafe-member-access
  2101:15  error    Unsafe assignment of an `any` value                                                                     @typescript-eslint/no-unsafe-assignment
  2102:51  error    Unsafe member access .shoppingList on an `any` value                                                    @typescript-eslint/no-unsafe-member-access
  2103:53  error    Unsafe member access .basket on an `any` value                                                          @typescript-eslint/no-unsafe-member-access
  2138:19  error    Unsafe member access .id on an `any` value                                                              @typescript-eslint/no-unsafe-member-access
  2138:36  error    Unsafe return of a value of type `any`                                                                  @typescript-eslint/no-unsafe-return
  2139:59  error    Unsafe member access .basket on an `any` value                                                          @typescript-eslint/no-unsafe-member-access
  2140:13  error    Unsafe return of a value of type `any`                                                                  @typescript-eslint/no-unsafe-return
  2148:13  error    Unsafe assignment of an `any` value                                                                     @typescript-eslint/no-unsafe-assignment
  2149:37  error    Unsafe member access .lastObtainedCourse on an `any` value                                              @typescript-eslint/no-unsafe-member-access
  2173:17  error    Unsafe assignment of an `any` value                                                                     @typescript-eslint/no-unsafe-assignment
  2174:21  error    Unsafe member access .type on an `any` value                                                            @typescript-eslint/no-unsafe-member-access
  2195:44  error    Computed name [p.id] resolves to an `any` value                                                         @typescript-eslint/no-unsafe-member-access
  2195:46  error    Unsafe member access .id on an `any` value                                                              @typescript-eslint/no-unsafe-member-access
  2210:38  error    Unsafe assignment of an `any` value                                                                     @typescript-eslint/no-unsafe-assignment
  2210:50  error    Unsafe member access .id on an `any` value                                                              @typescript-eslint/no-unsafe-member-access
  2292:50  error    Unsafe member access .inventory on an `any` value                                                       @typescript-eslint/no-unsafe-member-access
  2295:13  error    Unsafe assignment of an `any` value                                                                     @typescript-eslint/no-unsafe-assignment
  2295:23  error    Unsafe member access .id on an `any` value                                                              @typescript-eslint/no-unsafe-member-access
  2319:15  error    Unsafe assignment of an `any` value                                                                     @typescript-eslint/no-unsafe-assignment
  2335:17  error    Unsafe assignment of an `any` value                                                                     @typescript-eslint/no-unsafe-assignment
  2336:21  error    Unsafe member access .type on an `any` value                                                            @typescript-eslint/no-unsafe-member-access
  2336:61  error    Unsafe member access .standId on an `any` value                                                         @typescript-eslint/no-unsafe-member-access
  2366:15  error    Unsafe assignment of an `any` value                                                                     @typescript-eslint/no-unsafe-assignment
  2367:53  error    Unsafe member access .shoppingList on an `any` value                                                    @typescript-eslint/no-unsafe-member-access
  2368:55  error    Unsafe member access .basket on an `any` value                                                          @typescript-eslint/no-unsafe-member-access
  2369:58  error    Unsafe member access .inventory on an `any` value                                                       @typescript-eslint/no-unsafe-member-access
  2390:17  error    Unsafe member access .id on an `any` value                                                              @typescript-eslint/no-unsafe-member-access
  2391:50  error    Unsafe member access .inventory on an `any` value                                                       @typescript-eslint/no-unsafe-member-access
  2394:39  error    Unsafe member access .username on an `any` value                                                        @typescript-eslint/no-unsafe-member-access
  2394:63  error    Unsafe member access .id on an `any` value                                                              @typescript-eslint/no-unsafe-member-access
  2395:31  error    Unsafe assignment of an `any` value                                                                     @typescript-eslint/no-unsafe-assignment
  2395:49  error    Unsafe member access .id on an `any` value                                                              @typescript-eslint/no-unsafe-member-access
  2423:37  error    Unsafe member access .id on an `any` value                                                              @typescript-eslint/no-unsafe-member-access
  2442:53  error    Unsafe member access .id on an `any` value                                                              @typescript-eslint/no-unsafe-member-access
  2447:15  error    Unsafe assignment of an `any` value                                                                     @typescript-eslint/no-unsafe-assignment
  2481:37  error    Unsafe member access .id on an `any` value                                                              @typescript-eslint/no-unsafe-member-access
  2500:17  error    Unsafe assignment of an `any` value                                                                     @typescript-eslint/no-unsafe-assignment
  2501:27  error    Unsafe member access .id on an `any` value                                                              @typescript-eslint/no-unsafe-member-access
  2503:58  error    Unsafe member access .inventory on an `any` value                                                       @typescript-eslint/no-unsafe-member-access
  2507:15  error    Unsafe assignment of an `any` value                                                                     @typescript-eslint/no-unsafe-assignment
  2525:11  error    Unsafe assignment of an `any` value                                                                     @typescript-eslint/no-unsafe-assignment
  2553:53  error    Unsafe member access .id on an `any` value                                                              @typescript-eslint/no-unsafe-member-access
  2566:15  error    Unsafe assignment of an `any` value                                                                     @typescript-eslint/no-unsafe-assignment
  2567:25  error    Unsafe member access .id on an `any` value                                                              @typescript-eslint/no-unsafe-member-access
  2569:15  error    Unsafe assignment of an `any` value                                                                     @typescript-eslint/no-unsafe-assignment
  2570:25  error    Unsafe member access .id on an `any` value                                                              @typescript-eslint/no-unsafe-member-access
  2572:52  error    Unsafe member access .inventory on an `any` value                                                       @typescript-eslint/no-unsafe-member-access
  2573:59  error    Unsafe member access .inventory on an `any` value                                                       @typescript-eslint/no-unsafe-member-access
  2611:33  error    Unsafe member access .id on an `any` value                                                              @typescript-eslint/no-unsafe-member-access
  2612:28  error    Unsafe return of a value of type `any`                                                                  @typescript-eslint/no-unsafe-return
  2612:30  error    Unsafe member access .id on an `any` value                                                              @typescript-eslint/no-unsafe-member-access
  2631:17  error    Unsafe member access .id on an `any` value                                                              @typescript-eslint/no-unsafe-member-access
  2631:38  error    Unsafe member access .id on an `any` value                                                              @typescript-eslint/no-unsafe-member-access
  2631:55  error    Unsafe return of a value of type `any`                                                                  @typescript-eslint/no-unsafe-return
  2632:11  error    Unsafe return of a value of type `any`                                                                  @typescript-eslint/no-unsafe-return
  2632:64  error    Unsafe member access .inventory on an `any` value                                                       @typescript-eslint/no-unsafe-member-access
  2634:15  error    Unsafe assignment of an `any` value                                                                     @typescript-eslint/no-unsafe-assignment
  2634:60  error    Unsafe member access .id on an `any` value                                                              @typescript-eslint/no-unsafe-member-access
  2635:15  error    Unsafe assignment of an `any` value                                                                     @typescript-eslint/no-unsafe-assignment
  2635:64  error    Unsafe member access .id on an `any` value                                                              @typescript-eslint/no-unsafe-member-access
  2636:58  error    Unsafe member access .inventory on an `any` value                                                       @typescript-eslint/no-unsafe-member-access
  2637:65  error    Unsafe member access .inventory on an `any` value                                                       @typescript-eslint/no-unsafe-member-access
  2639:17  error    Unsafe member access .id on an `any` value                                                              @typescript-eslint/no-unsafe-member-access
  2639:34  error    Unsafe return of a value of type `any`                                                                  @typescript-eslint/no-unsafe-return
  2640:17  error    Unsafe member access .id on an `any` value                                                              @typescript-eslint/no-unsafe-member-access
  2640:34  error    Unsafe return of a value of type `any`                                                                  @typescript-eslint/no-unsafe-return
  2641:11  error    Unsafe return of a value of type `any`                                                                  @typescript-eslint/no-unsafe-return
  2750:11  error    Unsafe assignment of an `any` value                                                                     @typescript-eslint/no-unsafe-assignment
  2751:36  error    Unsafe member access .actorId on an `any` value                                                         @typescript-eslint/no-unsafe-member-access
  2752:32  error    Unsafe member access .actorId on an `any` value                                                         @typescript-eslint/no-unsafe-member-access
  2754:11  error    Unsafe assignment of an `any` value                                                                     @typescript-eslint/no-unsafe-assignment
  2769:11  error    Unsafe assignment of an `any` value                                                                     @typescript-eslint/no-unsafe-assignment
  2770:36  error    Unsafe member access .actorId on an `any` value                                                         @typescript-eslint/no-unsafe-member-access
  2771:32  error    Unsafe member access .actorId on an `any` value                                                         @typescript-eslint/no-unsafe-member-access
  2773:11  error    Unsafe assignment of an `any` value                                                                     @typescript-eslint/no-unsafe-assignment
  2790:11  error    Unsafe assignment of an `any` value                                                                     @typescript-eslint/no-unsafe-assignment
  2791:36  error    Unsafe member access .actorId on an `any` value                                                         @typescript-eslint/no-unsafe-member-access
  2792:32  error    Unsafe member access .actorId on an `any` value                                                         @typescript-eslint/no-unsafe-member-access
  2811:11  error    Unsafe assignment of an `any` value                                                                     @typescript-eslint/no-unsafe-assignment
  2812:36  error    Unsafe member access .actorId on an `any` value                                                         @typescript-eslint/no-unsafe-member-access
  2813:32  error    Unsafe member access .actorId on an `any` value                                                         @typescript-eslint/no-unsafe-member-access
  2821:11  error    Unsafe assignment of an `any` value                                                                     @typescript-eslint/no-unsafe-assignment
  2823:26  error    Unsafe member access .type on an `any` value                                                            @typescript-eslint/no-unsafe-member-access
  2823:57  error    Unsafe member access .step on an `any` value                                                            @typescript-eslint/no-unsafe-member-access
  2824:26  error    Unsafe member access .card on an `any` value                                                            @typescript-eslint/no-unsafe-member-access
  2827:26  error    Unsafe member access .type on an `any` value                                                            @typescript-eslint/no-unsafe-member-access
  2827:57  error    Unsafe member access .step on an `any` value                                                            @typescript-eslint/no-unsafe-member-access
  2828:26  error    Unsafe member access .initiatorPlayerId on an `any` value                                               @typescript-eslint/no-unsafe-member-access
  2846:11  error    Unsafe assignment of an `any` value                                                                     @typescript-eslint/no-unsafe-assignment
  2847:36  error    Unsafe member access .actorId on an `any` value                                                         @typescript-eslint/no-unsafe-member-access
  2848:32  error    Unsafe member access .actorId on an `any` value                                                         @typescript-eslint/no-unsafe-member-access
  2856:11  error    Unsafe assignment of an `any` value                                                                     @typescript-eslint/no-unsafe-assignment
  2858:26  error    Unsafe member access .type on an `any` value                                                            @typescript-eslint/no-unsafe-member-access
  2859:26  error    Unsafe member access .data on an `any` value                                                            @typescript-eslint/no-unsafe-member-access
  2889:11  error    Unsafe assignment of an `any` value                                                                     @typescript-eslint/no-unsafe-assignment
  2890:36  error    Unsafe member access .actorId on an `any` value                                                         @typescript-eslint/no-unsafe-member-access
  2891:32  error    Unsafe member access .actorId on an `any` value                                                         @typescript-eslint/no-unsafe-member-access
  2899:11  error    Unsafe assignment of an `any` value                                                                     @typescript-eslint/no-unsafe-assignment
  2901:26  error    Unsafe member access .type on an `any` value                                                            @typescript-eslint/no-unsafe-member-access
  2902:26  error    Unsafe member access .data on an `any` value                                                            @typescript-eslint/no-unsafe-member-access
  2926:11  error    Unsafe assignment of an `any` value                                                                     @typescript-eslint/no-unsafe-assignment
  2927:37  error    Unsafe member access .actorId on an `any` value                                                         @typescript-eslint/no-unsafe-member-access
  2928:32  error    Unsafe member access .actorId on an `any` value                                                         @typescript-eslint/no-unsafe-member-access
  2962:28  error    'rawValue ?? ''' will use Object's default stringification format ('[object Object]') when stringified  @typescript-eslint/no-base-to-string
  2968:41  error    Unsafe member access .id on an `any` value                                                              @typescript-eslint/no-unsafe-member-access
  2971:44  error    Unsafe member access .label on an `any` value                                                           @typescript-eslint/no-unsafe-member-access
  2998:9   error    Unsafe return of a value of type `any`                                                                  @typescript-eslint/no-unsafe-return
  2998:16  error    Unsafe member access .id on an `any` value                                                              @typescript-eslint/no-unsafe-member-access
  3020:11  error    Unsafe assignment of an `any` value                                                                     @typescript-eslint/no-unsafe-assignment
  3021:36  error    Unsafe member access .actorId on an `any` value                                                         @typescript-eslint/no-unsafe-member-access
  3022:32  error    Unsafe member access .actorId on an `any` value                                                         @typescript-eslint/no-unsafe-member-access
  3026:11  error    Unsafe assignment of an `any` value                                                                     @typescript-eslint/no-unsafe-assignment
  3027:29  error    Unsafe member access .type on an `any` value                                                            @typescript-eslint/no-unsafe-member-access
  3027:56  error    Unsafe member access .playerId on an `any` value                                                        @typescript-eslint/no-unsafe-member-access
  3035:11  error    Unsafe assignment of an `any` value                                                                     @typescript-eslint/no-unsafe-assignment
  3035:43  error    Unsafe member access .choices on an `any` value                                                         @typescript-eslint/no-unsafe-member-access
  3035:62  error    Unsafe member access .choices on an `any` value                                                         @typescript-eslint/no-unsafe-member-access
  3036:66  error    Unsafe member access .length on an `any` value                                                          @typescript-eslint/no-unsafe-member-access
  3040:34  error    Unsafe member access .data on an `any` value                                                            @typescript-eslint/no-unsafe-member-access
  3048:9   error    Unsafe return of a value of type `any`                                                                  @typescript-eslint/no-unsafe-return
  3048:11  error    Unsafe member access .id on an `any` value                                                              @typescript-eslint/no-unsafe-member-access
  3062:54  error    Unsafe member access .inventory on an `any` value                                                       @typescript-eslint/no-unsafe-member-access
  3065:11  error    Unsafe return of a value of type `any`                                                                  @typescript-eslint/no-unsafe-return
  3067:9   error    Unsafe return of a value of type `any`                                                                  @typescript-eslint/no-unsafe-return
  3101:49  error    Unsafe member access .shoppingList on an `any` value                                                    @typescript-eslint/no-unsafe-member-access
  3102:51  error    Unsafe member access .basket on an `any` value                                                          @typescript-eslint/no-unsafe-member-access
  3103:54  error    Unsafe member access .inventory on an `any` value                                                       @typescript-eslint/no-unsafe-member-access
  3112:13  error    Unsafe return of a value of type `any`                                                                  @typescript-eslint/no-unsafe-return
  3118:11  error    Unsafe return of a value of type `any`                                                                  @typescript-eslint/no-unsafe-return
  3123:11  error    Unsafe return of a value of type `any`                                                                  @typescript-eslint/no-unsafe-return
  3127:11  error    Unsafe return of a value of type `any`                                                                  @typescript-eslint/no-unsafe-return
  3131:9   error    Unsafe return of a value of type `any`                                                                  @typescript-eslint/no-unsafe-return
  3133:13  error    Unsafe assignment of an `any` value                                                                     @typescript-eslint/no-unsafe-assignment
  3134:13  error    Unsafe assignment of an `any` value                                                                     @typescript-eslint/no-unsafe-assignment
  3134:48  error    Unsafe member access .discards on an `any` value                                                        @typescript-eslint/no-unsafe-member-access
  3135:11  error    Unsafe call of an `any` typed value                                                                     @typescript-eslint/no-unsafe-call
  3135:20  error    Unsafe member access .discards on an `any` value                                                        @typescript-eslint/no-unsafe-member-access
  3137:13  error    Unsafe assignment of an `any` value                                                                     @typescript-eslint/no-unsafe-assignment
  3141:13  error    Unsafe assignment of an `any` value                                                                     @typescript-eslint/no-unsafe-assignment
  3143:15  error    Unsafe assignment of an `any` value                                                                     @typescript-eslint/no-unsafe-assignment
  3144:29  error    Unsafe member access .discards on an `any` value                                                        @typescript-eslint/no-unsafe-member-access
  3145:27  error    Unsafe spread of an `any` value in an array                                                             @typescript-eslint/no-unsafe-assignment
  3149:18  error    Unsafe return of a value of type `any`                                                                  @typescript-eslint/no-unsafe-return
  3150:13  error    Unsafe assignment of an `any` value                                                                     @typescript-eslint/no-unsafe-assignment
  3150:42  warning  Unsafe argument of type `any` assigned to a parameter of type `GameStateEntity`                         @typescript-eslint/no-unsafe-argument
  3151:7   error    Unsafe return of a value of type `any`                                                                  @typescript-eslint/no-unsafe-return
  3155:11  error    Unsafe assignment of an `any` value                                                                     @typescript-eslint/no-unsafe-assignment
  3156:28  error    Unsafe member access .lastObtainedCourse on an `any` value                                              @typescript-eslint/no-unsafe-member-access
  3168:13  error    Unsafe assignment of an `any` value                                                                     @typescript-eslint/no-unsafe-assignment
  3168:56  error    Unsafe member access .data on an `any` value                                                            @typescript-eslint/no-unsafe-member-access
  3169:11  error    Unsafe call of an `any` typed value                                                                     @typescript-eslint/no-unsafe-call
  3169:19  error    Unsafe member access .data on an `any` value                                                            @typescript-eslint/no-unsafe-member-access
  3170:34  error    Unsafe member access .data on an `any` value                                                            @typescript-eslint/no-unsafe-member-access
  3171:13  error    Unsafe call of an `any` typed value                                                                     @typescript-eslint/no-unsafe-call
  3171:21  error    Unsafe member access .data on an `any` value                                                            @typescript-eslint/no-unsafe-member-access
  3182:15  error    Unsafe assignment of an `any` value                                                                     @typescript-eslint/no-unsafe-assignment
  3187:13  error    Unsafe assignment of an `any` value                                                                     @typescript-eslint/no-unsafe-assignment
  3188:15  warning  Unsafe argument of type `any` assigned to a parameter of type `DeckPoolState<string>`                   @typescript-eslint/no-unsafe-argument
  3188:23  error    Unsafe member access .decks on an `any` value                                                           @typescript-eslint/no-unsafe-member-access
  3212:13  error    Unsafe assignment of an `any` value                                                                     @typescript-eslint/no-unsafe-assignment
  3212:44  error    Unsafe member access .data on an `any` value                                                            @typescript-eslint/no-unsafe-member-access
  3213:11  error    Unsafe call of an `any` typed value                                                                     @typescript-eslint/no-unsafe-call
  3213:19  error    Unsafe member access .data on an `any` value                                                            @typescript-eslint/no-unsafe-member-access
  3215:13  error    Unsafe assignment of an `any` value                                                                     @typescript-eslint/no-unsafe-assignment
  3215:28  error    Unsafe member access [index] on an `any` value                                                          @typescript-eslint/no-unsafe-member-access
  3217:43  warning  Unsafe argument of type `any` assigned to a parameter of type `string`                                  @typescript-eslint/no-unsafe-argument
  3233:13  error    Unsafe assignment of an `any` value                                                                     @typescript-eslint/no-unsafe-assignment
  3233:44  error    Unsafe member access .data on an `any` value                                                            @typescript-eslint/no-unsafe-member-access
  3234:11  error    Unsafe call of an `any` typed value                                                                     @typescript-eslint/no-unsafe-call
  3234:19  error    Unsafe member access .data on an `any` value                                                            @typescript-eslint/no-unsafe-member-access
  3236:13  error    Unsafe assignment of an `any` value                                                                     @typescript-eslint/no-unsafe-assignment
  3236:28  error    Unsafe member access [index] on an `any` value                                                          @typescript-eslint/no-unsafe-member-access
  3237:13  error    Unsafe assignment of an `any` value                                                                     @typescript-eslint/no-unsafe-assignment
  3237:46  error    Unsafe member access .data on an `any` value                                                            @typescript-eslint/no-unsafe-member-access
  3238:19  error    Unsafe member access .data on an `any` value                                                            @typescript-eslint/no-unsafe-member-access
  3240:13  error    Unsafe assignment of an `any` value                                                                     @typescript-eslint/no-unsafe-assignment
  3240:23  error    Unsafe call of an `any` typed value                                                                     @typescript-eslint/no-unsafe-call
  3240:23  error    Unsafe call of an `any` typed value                                                                     @typescript-eslint/no-unsafe-call
  3241:10  error    Unsafe member access .map on an `any` value                                                             @typescript-eslint/no-unsafe-member-access
  3241:36  error    Unsafe member access .username on an `any` value                                                        @typescript-eslint/no-unsafe-member-access
  3242:10  error    Unsafe member access .filter on an `any` value                                                          @typescript-eslint/no-unsafe-member-access
  3243:7   error    Unsafe return of a value of type `any`                                                                  @typescript-eslint/no-unsafe-return
  3250:11  error    Unsafe assignment of an `any` value                                                                     @typescript-eslint/no-unsafe-assignment
  3253:13  error    Unsafe assignment of an `any` value                                                                     @typescript-eslint/no-unsafe-assignment
  3255:13  error    Unsafe assignment of an `any` value                                                                     @typescript-eslint/no-unsafe-assignment
  3262:13  error    Unsafe assignment of an `any` value                                                                     @typescript-eslint/no-unsafe-assignment
  3262:46  error    Unsafe member access .data on an `any` value                                                            @typescript-eslint/no-unsafe-member-access
  3263:19  error    Unsafe member access .data on an `any` value                                                            @typescript-eslint/no-unsafe-member-access
  3265:13  error    Unsafe assignment of an `any` value                                                                     @typescript-eslint/no-unsafe-assignment
  3265:36  error    Unsafe member access [index] on an `any` value                                                          @typescript-eslint/no-unsafe-member-access
  3266:51  error    Unsafe member access .playerId on an `any` value                                                        @typescript-eslint/no-unsafe-member-access
  3267:37  error    Unsafe member access .data on an `any` value                                                            @typescript-eslint/no-unsafe-member-access
  3268:36  error    Unsafe member access .data on an `any` value                                                            @typescript-eslint/no-unsafe-member-access
  3270:51  error    Unsafe member access .data on an `any` value                                                            @typescript-eslint/no-unsafe-member-access
  3299:13  error    Unsafe assignment of an `any` value                                                                     @typescript-eslint/no-unsafe-assignment
  3299:46  error    Unsafe member access .data on an `any` value                                                            @typescript-eslint/no-unsafe-member-access
  3300:19  error    Unsafe member access .data on an `any` value                                                            @typescript-eslint/no-unsafe-member-access
  3302:13  error    Unsafe assignment of an `any` value                                                                     @typescript-eslint/no-unsafe-assignment
  3302:36  error    Unsafe member access [index] on an `any` value                                                          @typescript-eslint/no-unsafe-member-access
  3303:51  error    Unsafe member access .playerId on an `any` value                                                        @typescript-eslint/no-unsafe-member-access
  3307:13  error    Unsafe assignment of an `any` value                                                                     @typescript-eslint/no-unsafe-assignment
  3308:23  error    Unsafe member access .id on an `any` value                                                              @typescript-eslint/no-unsafe-member-access
  3310:54  error    Unsafe member access .inventory on an `any` value                                                       @typescript-eslint/no-unsafe-member-access
  3342:13  error    Unsafe assignment of an `any` value                                                                     @typescript-eslint/no-unsafe-assignment
  3342:46  error    Unsafe member access .data on an `any` value                                                            @typescript-eslint/no-unsafe-member-access
  3343:19  error    Unsafe member access .data on an `any` value                                                            @typescript-eslint/no-unsafe-member-access
  3345:13  error    Unsafe assignment of an `any` value                                                                     @typescript-eslint/no-unsafe-assignment
  3345:36  error    Unsafe member access [index] on an `any` value                                                          @typescript-eslint/no-unsafe-member-access
  3346:51  error    Unsafe member access .playerId on an `any` value                                                        @typescript-eslint/no-unsafe-member-access
  3348:13  error    Unsafe assignment of an `any` value                                                                     @typescript-eslint/no-unsafe-assignment
  3349:23  error    Unsafe member access .id on an `any` value                                                              @typescript-eslint/no-unsafe-member-access
  3351:48  error    Unsafe member access .inventory on an `any` value                                                       @typescript-eslint/no-unsafe-member-access
  3355:9   error    Unsafe assignment of an `any` value                                                                     @typescript-eslint/no-unsafe-assignment
  3367:46  error    Unsafe member access .data on an `any` value                                                            @typescript-eslint/no-unsafe-member-access
  3369:35  error    Unsafe member access [index] on an `any` value                                                          @typescript-eslint/no-unsafe-member-access
  3373:13  error    Unsafe assignment of an `any` value                                                                     @typescript-eslint/no-unsafe-assignment
  3374:23  error    Unsafe member access .id on an `any` value                                                              @typescript-eslint/no-unsafe-member-access
  3376:58  error    Unsafe member access .inventory on an `any` value                                                       @typescript-eslint/no-unsafe-member-access
  3412:13  error    Unsafe assignment of an `any` value                                                                     @typescript-eslint/no-unsafe-assignment
  3412:49  error    Unsafe member access .data on an `any` value                                                            @typescript-eslint/no-unsafe-member-access
  3413:19  error    Unsafe member access .data on an `any` value                                                            @typescript-eslint/no-unsafe-member-access
  3415:13  error    Unsafe assignment of an `any` value                                                                     @typescript-eslint/no-unsafe-assignment
  3415:33  error    Unsafe member access [index] on an `any` value                                                          @typescript-eslint/no-unsafe-member-access
  3416:45  error    Unsafe member access .targetPlayerId on an `any` value                                                  @typescript-eslint/no-unsafe-member-access
  3417:35  error    Unsafe member access .card on an `any` value                                                            @typescript-eslint/no-unsafe-member-access
  3427:13  error    Unsafe assignment of an `any` value                                                                     @typescript-eslint/no-unsafe-assignment
  3427:58  error    Unsafe member access .id on an `any` value                                                              @typescript-eslint/no-unsafe-member-access
  3428:50  error    Unsafe member access .inventory on an `any` value                                                       @typescript-eslint/no-unsafe-member-access
  3458:13  error    Unsafe assignment of an `any` value                                                                     @typescript-eslint/no-unsafe-assignment
  3458:44  error    Unsafe member access .data on an `any` value                                                            @typescript-eslint/no-unsafe-member-access
  3459:11  error    Unsafe call of an `any` typed value                                                                     @typescript-eslint/no-unsafe-call
  3459:19  error    Unsafe member access .data on an `any` value                                                            @typescript-eslint/no-unsafe-member-access
  3461:38  error    Unsafe member access .data on an `any` value                                                            @typescript-eslint/no-unsafe-member-access
  3462:41  error    Unsafe member access .data on an `any` value                                                            @typescript-eslint/no-unsafe-member-access
  3463:35  error    Unsafe member access [index] on an `any` value                                                          @typescript-eslint/no-unsafe-member-access
  3465:16  error    Unsafe member access .length on an `any` value                                                          @typescript-eslint/no-unsafe-member-access
  3474:53  error    Unsafe member access .length on an `any` value                                                          @typescript-eslint/no-unsafe-member-access
  3475:36  error    Unsafe member access [giverIndex] on an `any` value                                                     @typescript-eslint/no-unsafe-member-access
  3476:39  error    Unsafe member access [(giverIndex + 1) % order.length] on an `any` value                                @typescript-eslint/no-unsafe-member-access
  3476:64  error    Unsafe member access .length on an `any` value                                                          @typescript-eslint/no-unsafe-member-access
  3493:49  error    Unsafe member access .length on an `any` value                                                          @typescript-eslint/no-unsafe-member-access
  3495:36  error    Unsafe member access .length on an `any` value                                                          @typescript-eslint/no-unsafe-member-access
  3496:34  error    Unsafe member access [nextCursor] on an `any` value                                                     @typescript-eslint/no-unsafe-member-access
  3497:15  error    Unsafe assignment of an `any` value                                                                     @typescript-eslint/no-unsafe-assignment
  3498:25  error    Unsafe member access .id on an `any` value                                                              @typescript-eslint/no-unsafe-member-access
  3500:54  error    Unsafe member access .inventory on an `any` value                                                       @typescript-eslint/no-unsafe-member-access
  3504:13  error    Unsafe assignment of an `any` value                                                                     @typescript-eslint/no-unsafe-assignment
  3513:17  error    Unsafe assignment of an `any` value                                                                     @typescript-eslint/no-unsafe-assignment
  3520:47  error    Unsafe member access .length on an `any` value                                                          @typescript-eslint/no-unsafe-member-access
  3532:13  error    Unsafe assignment of an `any` value                                                                     @typescript-eslint/no-unsafe-assignment
  3532:44  error    Unsafe member access .data on an `any` value                                                            @typescript-eslint/no-unsafe-member-access
  3533:11  error    Unsafe call of an `any` typed value                                                                     @typescript-eslint/no-unsafe-call
  3533:19  error    Unsafe member access .data on an `any` value                                                            @typescript-eslint/no-unsafe-member-access
  3535:38  error    Unsafe member access .data on an `any` value                                                            @typescript-eslint/no-unsafe-member-access
  3536:41  error    Unsafe member access .data on an `any` value                                                            @typescript-eslint/no-unsafe-member-access
  3537:37  error    Unsafe member access [index] on an `any` value                                                          @typescript-eslint/no-unsafe-member-access
  3539:16  error    Unsafe member access .length on an `any` value                                                          @typescript-eslint/no-unsafe-member-access
  3547:55  error    Unsafe member access .length on an `any` value                                                          @typescript-eslint/no-unsafe-member-access
  3548:32  error    Unsafe member access [currentIndex] on an `any` value                                                   @typescript-eslint/no-unsafe-member-access
  3553:7   error    Unsafe return of a value of type `any`                                                                  @typescript-eslint/no-unsafe-return
  3562:13  error    Unsafe assignment of an `any` value                                                                     @typescript-eslint/no-unsafe-assignment
  3571:13  error    Unsafe assignment of an `any` value                                                                     @typescript-eslint/no-unsafe-assignment
  3571:46  error    Unsafe member access .data on an `any` value                                                            @typescript-eslint/no-unsafe-member-access
  3572:19  error    Unsafe member access .data on an `any` value                                                            @typescript-eslint/no-unsafe-member-access
  3574:13  error    Unsafe assignment of an `any` value                                                                     @typescript-eslint/no-unsafe-assignment
  3574:30  error    Unsafe member access [index] on an `any` value                                                          @typescript-eslint/no-unsafe-member-access
  3575:53  error    Unsafe member access .position on an `any` value                                                        @typescript-eslint/no-unsafe-member-access
  3591:54  error    Unsafe member access .position on an `any` value                                                        @typescript-eslint/no-unsafe-member-access
  3611:42  error    Unsafe member access .label on an `any` value                                                           @typescript-eslint/no-unsafe-member-access
  3611:64  error    Unsafe member access .caseNumber on an `any` value                                                      @typescript-eslint/no-unsafe-member-access
  3617:25  error    Unsafe member access .standId on an `any` value                                                         @typescript-eslint/no-unsafe-member-access
  3618:28  error    Unsafe member access .caseNumber on an `any` value                                                      @typescript-eslint/no-unsafe-member-access
  3624:58  error    Unsafe member access .data on an `any` value                                                            @typescript-eslint/no-unsafe-member-access
  3636:46  error    Unsafe member access .data on an `any` value                                                            @typescript-eslint/no-unsafe-member-access
  3638:35  error    Unsafe member access [index] on an `any` value                                                          @typescript-eslint/no-unsafe-member-access
  3641:13  error    Unsafe assignment of an `any` value                                                                     @typescript-eslint/no-unsafe-assignment
  3642:23  error    Unsafe member access .id on an `any` value                                                              @typescript-eslint/no-unsafe-member-access
  3644:58  error    Unsafe member access .inventory on an `any` value                                                       @typescript-eslint/no-unsafe-member-access
  3699:13  error    Unsafe assignment of an `any` value                                                                     @typescript-eslint/no-unsafe-assignment
  3699:35  error    Unsafe member access .data on an `any` value                                                            @typescript-eslint/no-unsafe-member-access
  3700:13  error    Unsafe assignment of an `any` value                                                                     @typescript-eslint/no-unsafe-assignment
  3700:46  error    Unsafe member access .data on an `any` value                                                            @typescript-eslint/no-unsafe-member-access
  3701:19  error    Unsafe member access .data on an `any` value                                                            @typescript-eslint/no-unsafe-member-access
  3703:13  error    Unsafe assignment of an `any` value                                                                     @typescript-eslint/no-unsafe-assignment
  3703:36  error    Unsafe member access [index] on an `any` value                                                          @typescript-eslint/no-unsafe-member-access
  3704:51  error    Unsafe member access .playerId on an `any` value                                                        @typescript-eslint/no-unsafe-member-access
  3706:13  error    Unsafe assignment of an `any` value                                                                     @typescript-eslint/no-unsafe-assignment
  3707:23  error    Unsafe member access .id on an `any` value                                                              @typescript-eslint/no-unsafe-member-access
  3709:58  error    Unsafe member access .inventory on an `any` value                                                       @typescript-eslint/no-unsafe-member-access
  3720:9   error    Unsafe assignment of an `any` value                                                                     @typescript-eslint/no-unsafe-assignment
  3729:13  error    Unsafe assignment of an `any` value                                                                     @typescript-eslint/no-unsafe-assignment
  3738:13  error    Unsafe assignment of an `any` value                                                                     @typescript-eslint/no-unsafe-assignment
  3738:35  error    Unsafe member access .data on an `any` value                                                            @typescript-eslint/no-unsafe-member-access
  3739:46  error    Unsafe member access .data on an `any` value                                                            @typescript-eslint/no-unsafe-member-access
  3740:13  error    Unsafe assignment of an `any` value                                                                     @typescript-eslint/no-unsafe-assignment
  3740:50  error    Unsafe member access .data on an `any` value                                                            @typescript-eslint/no-unsafe-member-access
  3741:11  error    Unsafe call of an `any` typed value                                                                     @typescript-eslint/no-unsafe-call
  3741:19  error    Unsafe member access .data on an `any` value                                                            @typescript-eslint/no-unsafe-member-access
  3743:39  error    Unsafe member access [index] on an `any` value                                                          @typescript-eslint/no-unsafe-member-access
  3745:13  error    Unsafe assignment of an `any` value                                                                     @typescript-eslint/no-unsafe-assignment
  3746:23  error    Unsafe member access .id on an `any` value                                                              @typescript-eslint/no-unsafe-member-access
  3748:50  error    Unsafe member access .inventory on an `any` value                                                       @typescript-eslint/no-unsafe-member-access
  3752:9   error    Unsafe assignment of an `any` value                                                                     @typescript-eslint/no-unsafe-assignment
  3760:13  error    Unsafe assignment of an `any` value                                                                     @typescript-eslint/no-unsafe-assignment
  3769:13  error    Unsafe assignment of an `any` value                                                                     @typescript-eslint/no-unsafe-assignment
  3769:35  error    Unsafe member access .data on an `any` value                                                            @typescript-eslint/no-unsafe-member-access
  3770:46  error    Unsafe member access .data on an `any` value                                                            @typescript-eslint/no-unsafe-member-access
  3771:36  error    Unsafe member access .data on an `any` value                                                            @typescript-eslint/no-unsafe-member-access
  3772:35  error    Unsafe member access [index] on an `any` value                                                          @typescript-eslint/no-unsafe-member-access
  3777:9   error    Unsafe assignment of an `any` value                                                                     @typescript-eslint/no-unsafe-assignment
  3785:13  error    Unsafe assignment of an `any` value                                                                     @typescript-eslint/no-unsafe-assignment
  3796:43  error    Unsafe member access .data on an `any` value                                                            @typescript-eslint/no-unsafe-member-access
  3797:46  error    Unsafe member access .data on an `any` value                                                            @typescript-eslint/no-unsafe-member-access
  3798:36  error    Unsafe member access .data on an `any` value                                                            @typescript-eslint/no-unsafe-member-access
  3799:36  error    Unsafe member access .data on an `any` value                                                            @typescript-eslint/no-unsafe-member-access
  3800:13  error    Unsafe assignment of an `any` value                                                                     @typescript-eslint/no-unsafe-assignment
  3800:35  error    Unsafe member access .data on an `any` value                                                            @typescript-eslint/no-unsafe-member-access
  3810:13  error    Unsafe assignment of an `any` value                                                                     @typescript-eslint/no-unsafe-assignment
  3811:13  error    Unsafe assignment of an `any` value                                                                     @typescript-eslint/no-unsafe-assignment
  3811:51  error    Unsafe member access .actionLog on an `any` value                                                       @typescript-eslint/no-unsafe-member-access
  3812:11  error    Unsafe call of an `any` typed value                                                                     @typescript-eslint/no-unsafe-call
  3812:16  error    Unsafe member access .actionLog on an `any` value                                                       @typescript-eslint/no-unsafe-member-access
  3814:18  error    Unsafe member access .type on an `any` value                                                            @typescript-eslint/no-unsafe-member-access
  3815:18  error    Unsafe member access .payload on an `any` value                                                         @typescript-eslint/no-unsafe-member-access
  3817:18  error    Unsafe member access .payload on an `any` value                                                         @typescript-eslint/no-unsafe-member-access
  3857:13  error    Unsafe assignment of an `any` value                                                                     @typescript-eslint/no-unsafe-assignment
  3857:46  error    Unsafe member access .data on an `any` value                                                            @typescript-eslint/no-unsafe-member-access
  3858:19  error    Unsafe member access .data on an `any` value                                                            @typescript-eslint/no-unsafe-member-access
  3860:13  error    Unsafe assignment of an `any` value                                                                     @typescript-eslint/no-unsafe-assignment
  3860:36  error    Unsafe member access [index] on an `any` value                                                          @typescript-eslint/no-unsafe-member-access
  3861:51  error    Unsafe member access .playerId on an `any` value                                                        @typescript-eslint/no-unsafe-member-access
  3864:13  error    Unsafe assignment of an `any` value                                                                     @typescript-eslint/no-unsafe-assignment
  3865:23  error    Unsafe member access .id on an `any` value                                                              @typescript-eslint/no-unsafe-member-access
  3867:50  error    Unsafe member access .inventory on an `any` value                                                       @typescript-eslint/no-unsafe-member-access
  3879:9   error    Unsafe assignment of an `any` value                                                                     @typescript-eslint/no-unsafe-assignment
  3894:46  error    Unsafe member access .data on an `any` value                                                            @typescript-eslint/no-unsafe-member-access
  3895:35  error    Unsafe member access [index] on an `any` value                                                          @typescript-eslint/no-unsafe-member-access
  3899:13  error    Unsafe assignment of an `any` value                                                                     @typescript-eslint/no-unsafe-assignment
  3900:23  error    Unsafe member access .id on an `any` value                                                              @typescript-eslint/no-unsafe-member-access
  3902:58  error    Unsafe member access .inventory on an `any` value                                                       @typescript-eslint/no-unsafe-member-access
  3930:13  error    Unsafe assignment of an `any` value                                                                     @typescript-eslint/no-unsafe-assignment
  3930:46  error    Unsafe member access .data on an `any` value                                                            @typescript-eslint/no-unsafe-member-access
  3931:19  error    Unsafe member access .data on an `any` value                                                            @typescript-eslint/no-unsafe-member-access
  3933:13  error    Unsafe assignment of an `any` value                                                                     @typescript-eslint/no-unsafe-assignment
  3933:36  error    Unsafe member access [index] on an `any` value                                                          @typescript-eslint/no-unsafe-member-access
  3934:51  error    Unsafe member access .playerId on an `any` value                                                        @typescript-eslint/no-unsafe-member-access
  3937:13  error    Unsafe assignment of an `any` value                                                                     @typescript-eslint/no-unsafe-assignment
  3938:23  error    Unsafe member access .id on an `any` value                                                              @typescript-eslint/no-unsafe-member-access
  3940:50  error    Unsafe member access .inventory on an `any` value                                                       @typescript-eslint/no-unsafe-member-access
  3956:9   error    Unsafe assignment of an `any` value                                                                     @typescript-eslint/no-unsafe-assignment
  3968:46  error    Unsafe member access .data on an `any` value                                                            @typescript-eslint/no-unsafe-member-access
  3969:35  error    Unsafe member access [index] on an `any` value                                                          @typescript-eslint/no-unsafe-member-access
  3973:13  error    Unsafe assignment of an `any` value                                                                     @typescript-eslint/no-unsafe-assignment
  3974:23  error    Unsafe member access .id on an `any` value                                                              @typescript-eslint/no-unsafe-member-access
  3976:58  error    Unsafe member access .inventory on an `any` value                                                       @typescript-eslint/no-unsafe-member-access
  4004:37  error    Unsafe member access [index] on an `any` value                                                          @typescript-eslint/no-unsafe-member-access
  4021:13  error    Unsafe assignment of an `any` value                                                                     @typescript-eslint/no-unsafe-assignment
  4021:46  error    Unsafe member access .data on an `any` value                                                            @typescript-eslint/no-unsafe-member-access
  4022:19  error    Unsafe member access .data on an `any` value                                                            @typescript-eslint/no-unsafe-member-access
  4024:13  error    Unsafe assignment of an `any` value                                                                     @typescript-eslint/no-unsafe-assignment
  4024:30  error    Unsafe member access [index] on an `any` value                                                          @typescript-eslint/no-unsafe-member-access
  4025:45  error    Unsafe member access .playerId on an `any` value                                                        @typescript-eslint/no-unsafe-member-access
  4026:36  error    Unsafe member access .data on an `any` value                                                            @typescript-eslint/no-unsafe-member-access
  4038:43  error    Unsafe member access .data on an `any` value                                                            @typescript-eslint/no-unsafe-member-access
  4039:13  error    Unsafe assignment of an `any` value                                                                     @typescript-eslint/no-unsafe-assignment
  4039:44  error    Unsafe member access .data on an `any` value                                                            @typescript-eslint/no-unsafe-member-access
  4040:11  error    Unsafe call of an `any` typed value                                                                     @typescript-eslint/no-unsafe-call
  4040:19  error    Unsafe member access .data on an `any` value                                                            @typescript-eslint/no-unsafe-member-access
  4042:13  error    Unsafe assignment of an `any` value                                                                     @typescript-eslint/no-unsafe-assignment
  4042:26  error    Unsafe member access [index] on an `any` value                                                          @typescript-eslint/no-unsafe-member-access
  4046:61  warning  Unsafe argument of type `any` assigned to a parameter of type `string`                                  @typescript-eslint/no-unsafe-argument
  4049:53  warning  Unsafe argument of type `any` assigned to a parameter of type `string`                                  @typescript-eslint/no-unsafe-argument
  4052:15  error    Unsafe assignment of an `any` value                                                                     @typescript-eslint/no-unsafe-assignment
  4053:25  error    Unsafe member access .id on an `any` value                                                              @typescript-eslint/no-unsafe-member-access
  4055:66  error    Unsafe member access .inventory on an `any` value                                                       @typescript-eslint/no-unsafe-member-access
  4098:11  error    Unsafe assignment of an `any` value                                                                     @typescript-eslint/no-unsafe-assignment
  4099:36  error    Unsafe member access .actorId on an `any` value                                                         @typescript-eslint/no-unsafe-member-access
  4100:32  error    Unsafe member access .actorId on an `any` value                                                         @typescript-eslint/no-unsafe-member-access
  4180:7   error    Unsafe assignment of an `any` value                                                                     @typescript-eslint/no-unsafe-assignment
  4242:7   error    Unsafe assignment of an `any` value                                                                     @typescript-eslint/no-unsafe-assignment
  4409:15  error    Unsafe assignment of an `any` value                                                                     @typescript-eslint/no-unsafe-assignment

C:\wamp64\www\lemondeDeLila\backend\src\game\games\les-quatre-vents\panier-express\phases\panier-express-phase.service.ts
   48:11  error    Unsafe assignment of an `any` value                                                                 @typescript-eslint/no-unsafe-assignment
   49:56  error    Unsafe member access .turnFlow on an `any` value                                                    @typescript-eslint/no-unsafe-member-access
   60:42  warning  Unsafe argument of type `any` assigned to a parameter of type `Record<number, number> | undefined`  @typescript-eslint/no-unsafe-argument
   60:51  error    Unsafe member access .revealInventory on an `any` value                                             @typescript-eslint/no-unsafe-member-access
   61:45  warning  Unsafe argument of type `any` assigned to a parameter of type `Record<number, number> | undefined`  @typescript-eslint/no-unsafe-argument
   61:54  error    Unsafe member access .revealShoppingList on an `any` value                                          @typescript-eslint/no-unsafe-member-access
   62:40  warning  Unsafe argument of type `any` assigned to a parameter of type `Record<number, number> | undefined`  @typescript-eslint/no-unsafe-argument
   62:49  error    Unsafe member access .noDrawCourses on an `any` value                                               @typescript-eslint/no-unsafe-member-access
   84:9   error    Unsafe assignment of an `any` value                                                                 @typescript-eslint/no-unsafe-assignment
   97:40  error    Unsafe member access .roomId on an `any` value                                                      @typescript-eslint/no-unsafe-member-access
   98:42  error    Unsafe member access .gameType on an `any` value                                                    @typescript-eslint/no-unsafe-member-access
  105:45  error    Unsafe member access .statuses on an `any` value                                                    @typescript-eslint/no-unsafe-member-access
  107:11  error    Unsafe assignment of an `any` value                                                                 @typescript-eslint/no-unsafe-assignment
  107:45  error    Unsafe member access .skipped on an `any` value                                                     @typescript-eslint/no-unsafe-member-access
  107:65  error    Unsafe member access .skipped on an `any` value                                                     @typescript-eslint/no-unsafe-member-access
  108:18  error    Unsafe member access .length on an `any` value                                                      @typescript-eslint/no-unsafe-member-access
  114:13  error    Unsafe assignment of an `any` value                                                                 @typescript-eslint/no-unsafe-assignment
  114:32  error    Unsafe member access .id on an `any` value                                                          @typescript-eslint/no-unsafe-member-access
  114:56  error    Unsafe member access .id on an `any` value                                                          @typescript-eslint/no-unsafe-member-access
  116:13  error    Unsafe assignment of an `any` value                                                                 @typescript-eslint/no-unsafe-assignment
  117:23  error    Unsafe member access .remainingAfter on an `any` value                                              @typescript-eslint/no-unsafe-member-access
  117:59  error    Unsafe member access .remainingAfter on an `any` value                                              @typescript-eslint/no-unsafe-member-access
  121:56  warning  Unsafe argument of type `any` assigned to a parameter of type `number`                              @typescript-eslint/no-unsafe-argument
  125:11  error    Unsafe assignment of an `any` value                                                                 @typescript-eslint/no-unsafe-assignment
  133:9   error    Unsafe assignment of an `any` value                                                                 @typescript-eslint/no-unsafe-assignment

C:\wamp64\www\lemondeDeLila\backend\src\game\games\les-quatre-vents\panier-express\setup\panier-express-setup.service.ts
  151:11  error    Unsafe assignment of an `any` value                                     @typescript-eslint/no-unsafe-assignment
  151:48  error    Unsafe member access .rng on an `any` value                             @typescript-eslint/no-unsafe-member-access
  193:41  warning  Unsafe argument of type `any` assigned to a parameter of type `string`  @typescript-eslint/no-unsafe-argument
  193:43  error    Unsafe member access .standId on an `any` value                         @typescript-eslint/no-unsafe-member-access
  218:30  error    Unsafe member access .id on an `any` value                              @typescript-eslint/no-unsafe-member-access
  219:33  error    Unsafe member access .id on an `any` value                              @typescript-eslint/no-unsafe-member-access
  221:38  error    Unsafe member access .question on an `any` value                        @typescript-eslint/no-unsafe-member-access
  222:36  error    Unsafe member access .answer on an `any` value                          @typescript-eslint/no-unsafe-member-access
  223:9   error    Unsafe assignment of an `any` value                                     @typescript-eslint/no-unsafe-assignment
  223:44  error    Unsafe member access .choices on an `any` value                         @typescript-eslint/no-unsafe-member-access
  224:13  error    Unsafe call of an `any` typed value                                     @typescript-eslint/no-unsafe-call
  224:13  error    Unsafe call of an `any` typed value                                     @typescript-eslint/no-unsafe-call
  224:13  error    Unsafe call of an `any` typed value                                     @typescript-eslint/no-unsafe-call
  224:24  error    Unsafe member access .choices on an `any` value                         @typescript-eslint/no-unsafe-member-access
  226:16  error    Unsafe member access .map on an `any` value                             @typescript-eslint/no-unsafe-member-access
  227:16  error    Unsafe member access .filter on an `any` value                          @typescript-eslint/no-unsafe-member-access

C:\wamp64\www\lemondeDeLila\backend\src\game\games\les-quatre-vents\panier-express\tests\panier-express-test-harness.ts
  68:22  error  '_handler' is defined but never used                   @typescript-eslint/no-unused-vars
  76:19  error  Unsafe assignment of an `any` value                    @typescript-eslint/no-unsafe-assignment
  76:58  error  Unsafe member access .preferTypes on an `any` value    @typescript-eslint/no-unsafe-member-access
  77:22  error  Unsafe member access .preferTypes on an `any` value    @typescript-eslint/no-unsafe-member-access
  80:21  error  Unsafe assignment of an `any` value                    @typescript-eslint/no-unsafe-assignment
  82:19  error  Unsafe call of an `any` typed value                    @typescript-eslint/no-unsafe-call
  82:23  error  Unsafe member access .type on an `any` value           @typescript-eslint/no-unsafe-member-access
  82:35  error  Unsafe member access .toLowerCase on an `any` value    @typescript-eslint/no-unsafe-member-access
  84:26  error  Unsafe return of a value of type `any[]`               @typescript-eslint/no-unsafe-return
  86:19  error  Unsafe assignment of an `any` value                    @typescript-eslint/no-unsafe-assignment
  86:60  error  Unsafe member access .fallbackTypes on an `any` value  @typescript-eslint/no-unsafe-member-access
  87:22  error  Unsafe member access .fallbackTypes on an `any` value  @typescript-eslint/no-unsafe-member-access
  90:21  error  Unsafe assignment of an `any` value                    @typescript-eslint/no-unsafe-assignment
  92:19  error  Unsafe call of an `any` typed value                    @typescript-eslint/no-unsafe-call
  92:23  error  Unsafe member access .type on an `any` value           @typescript-eslint/no-unsafe-member-access
  92:35  error  Unsafe member access .toLowerCase on an `any` value    @typescript-eslint/no-unsafe-member-access
  94:26  error  Unsafe return of a value of type `any[]`               @typescript-eslint/no-unsafe-return
  96:13  error  Unsafe return of a value of type `any[]`               @typescript-eslint/no-unsafe-return

C:\wamp64\www\lemondeDeLila\backend\src\game\games\les-quatre-vents\panier-express\tests\panier-express.functional.spec.ts
   11:47   warning  Unsafe argument of type `any` assigned to a parameter of type `GameStateEntity`          @typescript-eslint/no-unsafe-argument
   15:9    error    Unsafe member access .status on an `any` value                                           @typescript-eslint/no-unsafe-member-access
   16:9    error    Unsafe member access .turn on an `any` value                                             @typescript-eslint/no-unsafe-member-access
   17:9    error    Unsafe member access .turnIndex on an `any` value                                        @typescript-eslint/no-unsafe-member-access
   19:37   error    Unsafe member access .id on an `any` value                                               @typescript-eslint/no-unsafe-member-access
   21:9    error    Unsafe member access .pending on an `any` value                                          @typescript-eslint/no-unsafe-member-access
   22:3    error    Unsafe assignment of an `any` value                                                      @typescript-eslint/no-unsafe-assignment
   22:9    error    Unsafe member access .metadata on an `any` value                                         @typescript-eslint/no-unsafe-member-access
   22:32   error    Unsafe member access .metadata on an `any` value                                         @typescript-eslint/no-unsafe-member-access
   23:3    error    Unsafe return of a value of type `any`                                                   @typescript-eslint/no-unsafe-return
   31:7    error    Unsafe assignment of an `any` value                                                      @typescript-eslint/no-unsafe-assignment
   33:15   error    Unsafe member access .pending on an `any` value                                          @typescript-eslint/no-unsafe-member-access
   33:24   error    Unsafe return of a value of type `any`                                                   @typescript-eslint/no-unsafe-return
   34:11   error    Unsafe assignment of an `any` value                                                      @typescript-eslint/no-unsafe-assignment
   34:31   error    Unsafe member access .pending on an `any` value                                          @typescript-eslint/no-unsafe-member-access
   35:18   error    Unsafe member access .blocking on an `any` value                                         @typescript-eslint/no-unsafe-member-access
   35:28   error    Unsafe return of a value of type `any`                                                   @typescript-eslint/no-unsafe-return
   36:11   error    Unsafe assignment of an `any` value                                                      @typescript-eslint/no-unsafe-assignment
   37:22   error    Unsafe member access .playerId on an `any` value                                         @typescript-eslint/no-unsafe-member-access
   38:19   error    Unsafe member access .playerId on an `any` value                                         @typescript-eslint/no-unsafe-member-access
   39:17   error    Unsafe member access .turn on an `any` value                                             @typescript-eslint/no-unsafe-member-access
   43:11   error    Unsafe assignment of an `any` value                                                      @typescript-eslint/no-unsafe-assignment
   43:19   error    Unsafe call of an `any` typed value                                                      @typescript-eslint/no-unsafe-call
   43:25   error    Unsafe member access .players on an `any` value                                          @typescript-eslint/no-unsafe-member-access
   43:40   error    Unsafe member access .find on an `any` value                                             @typescript-eslint/no-unsafe-member-access
   43:59   error    Unsafe member access .id on an `any` value                                               @typescript-eslint/no-unsafe-member-access
   44:31   error    Unsafe member access .isBot on an `any` value                                            @typescript-eslint/no-unsafe-member-access
   44:58   warning  Unsafe argument of type `any` assigned to a parameter of type `GameStateEntity`          @typescript-eslint/no-unsafe-argument
   48:36   warning  Unsafe argument of type `any` assigned to a parameter of type `GameStateEntity`          @typescript-eslint/no-unsafe-argument
   51:76   error    Unsafe member access .type on an `any` value                                             @typescript-eslint/no-unsafe-member-access
   51:99   error    Unsafe member access .data on an `any` value                                             @typescript-eslint/no-unsafe-member-access
   55:7    warning  Unsafe argument of type `any` assigned to a parameter of type `GameStateEntity`          @typescript-eslint/no-unsafe-argument
   56:7    warning  Unsafe argument of type `any[]` assigned to a parameter of type `GameSingleActionDto[]`  @typescript-eslint/no-unsafe-argument
   56:44   error    Unsafe return of a value of type `any`                                                   @typescript-eslint/no-unsafe-return
   73:11   error    Unsafe assignment of an `any` value                                                      @typescript-eslint/no-unsafe-assignment
   73:30   error    A `require()` style import is forbidden                                                  @typescript-eslint/no-require-imports
   73:70   error    Unsafe member access .events on an `any` value                                           @typescript-eslint/no-unsafe-member-access
   75:13   error    Unsafe assignment of an `any` value                                                      @typescript-eslint/no-unsafe-assignment
   96:12   error    Unsafe member access .metadata on an `any` value                                         @typescript-eslint/no-unsafe-member-access
   97:12   error    Unsafe member access .metadata on an `any` value                                         @typescript-eslint/no-unsafe-member-access
  102:13   error    Unsafe assignment of an `any` value                                                      @typescript-eslint/no-unsafe-assignment
  102:26   error    Unsafe call of an `any` typed value                                                      @typescript-eslint/no-unsafe-call
  102:40   error    Unsafe member access .applyEvent on an `any` value                                       @typescript-eslint/no-unsafe-member-access
  103:13   error    Unsafe assignment of an `any` value                                                      @typescript-eslint/no-unsafe-assignment
  109:11   error    Unsafe assignment of an `any` value                                                      @typescript-eslint/no-unsafe-assignment
  110:7    error    A `require()` style import is forbidden                                                  @typescript-eslint/no-require-imports
  110:50   error    Unsafe member access .exchanges on an `any` value                                        @typescript-eslint/no-unsafe-member-access
  112:13   error    Unsafe assignment of an `any` value                                                      @typescript-eslint/no-unsafe-assignment
  133:13   error    Unsafe assignment of an `any` value                                                      @typescript-eslint/no-unsafe-assignment
  133:30   error    Unsafe member access .metadata on an `any` value                                         @typescript-eslint/no-unsafe-member-access
  134:13   error    Unsafe assignment of an `any` value                                                      @typescript-eslint/no-unsafe-assignment
  134:29   error    Unsafe call of an `any` typed value                                                      @typescript-eslint/no-unsafe-call
  134:35   error    Unsafe member access .tiles on an `any` value                                            @typescript-eslint/no-unsafe-member-access
  134:48   error    Unsafe member access .findIndex on an `any` value                                        @typescript-eslint/no-unsafe-member-access
  135:24   error    Unsafe member access .type on an `any` value                                             @typescript-eslint/no-unsafe-member-access
  137:7    error    Unsafe assignment of an `any` value                                                      @typescript-eslint/no-unsafe-assignment
  137:12   error    Unsafe member access .positions on an `any` value                                        @typescript-eslint/no-unsafe-member-access
  139:12   error    Unsafe member access .decks on an `any` value                                            @typescript-eslint/no-unsafe-member-access
  141:44   warning  Unsafe argument of type `any` assigned to a parameter of type `GameStateEntity`          @typescript-eslint/no-unsafe-argument
  142:13   error    Unsafe assignment of an `any` value                                                      @typescript-eslint/no-unsafe-assignment
  148:9    error    Unsafe assignment of an `any` value                                                      @typescript-eslint/no-unsafe-assignment
  174:11   error    Unsafe call of an `any` typed value                                                      @typescript-eslint/no-unsafe-call
  174:18   error    Unsafe member access .status on an `any` value                                           @typescript-eslint/no-unsafe-member-access
  174:32   error    Unsafe member access .toLowerCase on an `any` value                                      @typescript-eslint/no-unsafe-member-access
  176:13   error    Unsafe assignment of an `any` value                                                      @typescript-eslint/no-unsafe-assignment
  176:34   error    Unsafe member access .pending on an `any` value                                          @typescript-eslint/no-unsafe-member-access
  177:13   error    Unsafe assignment of an `any` value                                                      @typescript-eslint/no-unsafe-assignment
  178:25   error    Unsafe member access .playerId on an `any` value                                         @typescript-eslint/no-unsafe-member-access
  179:21   error    Unsafe member access .playerId on an `any` value                                         @typescript-eslint/no-unsafe-member-access
  180:20   error    Unsafe member access .turn on an `any` value                                             @typescript-eslint/no-unsafe-member-access
  187:13   error    Unsafe assignment of an `any` value                                                      @typescript-eslint/no-unsafe-assignment
  187:21   error    Unsafe call of an `any` typed value                                                      @typescript-eslint/no-unsafe-call
  187:28   error    Unsafe member access .players on an `any` value                                          @typescript-eslint/no-unsafe-member-access
  187:43   error    Unsafe member access .find on an `any` value                                             @typescript-eslint/no-unsafe-member-access
  187:62   error    Unsafe member access .id on an `any` value                                               @typescript-eslint/no-unsafe-member-access
  188:33   error    Unsafe member access .isBot on an `any` value                                            @typescript-eslint/no-unsafe-member-access
  188:60   warning  Unsafe argument of type `any` assigned to a parameter of type `GameStateEntity`          @typescript-eslint/no-unsafe-argument
  192:38   warning  Unsafe argument of type `any` assigned to a parameter of type `GameStateEntity`          @typescript-eslint/no-unsafe-argument
  196:61   error    Unsafe member access .turn on an `any` value                                             @typescript-eslint/no-unsafe-member-access
  196:114  error    Unsafe member access .type on an `any` value                                             @typescript-eslint/no-unsafe-member-access
  201:9    error    Unsafe assignment of an `any` value                                                      @typescript-eslint/no-unsafe-assignment
  201:23   error    Unsafe member access .status on an `any` value                                           @typescript-eslint/no-unsafe-member-access
  202:9    error    Unsafe assignment of an `any` value                                                      @typescript-eslint/no-unsafe-assignment
  202:21   error    Unsafe member access .turn on an `any` value                                             @typescript-eslint/no-unsafe-member-access
  203:9    error    Unsafe assignment of an `any` value                                                      @typescript-eslint/no-unsafe-assignment
  203:24   error    Unsafe member access .pending on an `any` value                                          @typescript-eslint/no-unsafe-member-access
  204:9    error    Unsafe assignment of an `any` value                                                      @typescript-eslint/no-unsafe-assignment
  204:26   error    Unsafe member access .metadata on an `any` value                                         @typescript-eslint/no-unsafe-member-access
  205:9    error    Unsafe assignment of an `any` value                                                      @typescript-eslint/no-unsafe-assignment
  205:21   error    Unsafe member access .metadata on an `any` value                                         @typescript-eslint/no-unsafe-member-access
  206:9    error    Unsafe assignment of an `any` value                                                      @typescript-eslint/no-unsafe-assignment
  206:20   error    Unsafe member access .metadata on an `any` value                                         @typescript-eslint/no-unsafe-member-access
  209:33   warning  Unsafe argument of type `any` assigned to a parameter of type `GameStateEntity`          @typescript-eslint/no-unsafe-argument
  209:40   warning  Unsafe argument of type `any[]` assigned to a parameter of type `GameSingleActionDto[]`  @typescript-eslint/no-unsafe-argument
  214:9    error    Unsafe assignment of an `any` value                                                      @typescript-eslint/no-unsafe-assignment
  214:23   error    Unsafe member access .status on an `any` value                                           @typescript-eslint/no-unsafe-member-access
  215:9    error    Unsafe assignment of an `any` value                                                      @typescript-eslint/no-unsafe-assignment
  215:21   error    Unsafe member access .turn on an `any` value                                             @typescript-eslint/no-unsafe-member-access
  216:9    error    Unsafe assignment of an `any` value                                                      @typescript-eslint/no-unsafe-assignment
  216:24   error    Unsafe member access .pending on an `any` value                                          @typescript-eslint/no-unsafe-member-access
  217:9    error    Unsafe assignment of an `any` value                                                      @typescript-eslint/no-unsafe-assignment
  217:26   error    Unsafe member access .metadata on an `any` value                                         @typescript-eslint/no-unsafe-member-access
  218:9    error    Unsafe assignment of an `any` value                                                      @typescript-eslint/no-unsafe-assignment
  218:21   error    Unsafe member access .metadata on an `any` value                                         @typescript-eslint/no-unsafe-member-access
  219:9    error    Unsafe assignment of an `any` value                                                      @typescript-eslint/no-unsafe-assignment
  219:20   error    Unsafe member access .metadata on an `any` value                                         @typescript-eslint/no-unsafe-member-access

C:\wamp64\www\lemondeDeLila\backend\src\game\games\les-quatre-vents\panier-express\tests\panier-express.pending.spec.ts
    9:47  warning  Unsafe argument of type `any` assigned to a parameter of type `GameStateEntity`          @typescript-eslint/no-unsafe-argument
   13:9   error    Unsafe member access .status on an `any` value                                           @typescript-eslint/no-unsafe-member-access
   14:9   error    Unsafe member access .turn on an `any` value                                             @typescript-eslint/no-unsafe-member-access
   15:9   error    Unsafe member access .turnIndex on an `any` value                                        @typescript-eslint/no-unsafe-member-access
   17:37  error    Unsafe member access .id on an `any` value                                               @typescript-eslint/no-unsafe-member-access
   19:9   error    Unsafe member access .pending on an `any` value                                          @typescript-eslint/no-unsafe-member-access
   21:3   error    Unsafe assignment of an `any` value                                                      @typescript-eslint/no-unsafe-assignment
   21:9   error    Unsafe member access .metadata on an `any` value                                         @typescript-eslint/no-unsafe-member-access
   21:32  error    Unsafe member access .metadata on an `any` value                                         @typescript-eslint/no-unsafe-member-access
   22:3   error    Unsafe return of a value of type `any`                                                   @typescript-eslint/no-unsafe-return
   34:11  error    Unsafe assignment of an `any` value                                                      @typescript-eslint/no-unsafe-assignment
   43:11  error    Unsafe member access .metadata on an `any` value                                         @typescript-eslint/no-unsafe-member-access
   47:11  error    Unsafe member access .metadata on an `any` value                                         @typescript-eslint/no-unsafe-member-access
   52:11  error    Unsafe assignment of an `any` value                                                      @typescript-eslint/no-unsafe-assignment
   52:17  error    Unsafe call of an `any` typed value                                                      @typescript-eslint/no-unsafe-call
   52:31  error    Unsafe member access .applyEvent on an `any` value                                       @typescript-eslint/no-unsafe-member-access
   53:16  error    Unsafe member access .pending on an `any` value                                          @typescript-eslint/no-unsafe-member-access
   55:37  warning  Unsafe argument of type `any` assigned to a parameter of type `GameStateEntity`          @typescript-eslint/no-unsafe-argument
   55:42  warning  Unsafe argument of type `any[]` assigned to a parameter of type `GameSingleActionDto[]`  @typescript-eslint/no-unsafe-argument
   63:27  error    Unsafe member access .metadata on an `any` value                                         @typescript-eslint/no-unsafe-member-access
   69:11  error    Unsafe assignment of an `any` value                                                      @typescript-eslint/no-unsafe-assignment
   91:11  error    Unsafe member access .metadata on an `any` value                                         @typescript-eslint/no-unsafe-member-access
   95:11  error    Unsafe member access .metadata on an `any` value                                         @typescript-eslint/no-unsafe-member-access
  100:11  error    Unsafe assignment of an `any` value                                                      @typescript-eslint/no-unsafe-assignment
  100:24  error    Unsafe call of an `any` typed value                                                      @typescript-eslint/no-unsafe-call
  100:38  error    Unsafe member access .applyEvent on an `any` value                                       @typescript-eslint/no-unsafe-member-access
  101:44  warning  Unsafe argument of type `any` assigned to a parameter of type `GameStateEntity`          @typescript-eslint/no-unsafe-argument
  102:40  error    Unsafe return of a value of type `any`                                                   @typescript-eslint/no-unsafe-return
  102:42  error    Unsafe member access .type on an `any` value                                             @typescript-eslint/no-unsafe-member-access
  103:35  warning  Unsafe argument of type `any` assigned to a parameter of type `GameStateEntity`          @typescript-eslint/no-unsafe-argument
  103:47  warning  Unsafe argument of type `any` assigned to a parameter of type `GameSingleActionDto[]`    @typescript-eslint/no-unsafe-argument
  106:40  error    Unsafe return of a value of type `any`                                                   @typescript-eslint/no-unsafe-return
  106:42  error    Unsafe member access .type on an `any` value                                             @typescript-eslint/no-unsafe-member-access
  108:42  warning  Unsafe argument of type `any` assigned to a parameter of type `GameSingleActionDto[]`    @typescript-eslint/no-unsafe-argument
  114:11  error    Unsafe assignment of an `any` value                                                      @typescript-eslint/no-unsafe-assignment
  128:11  error    Unsafe member access .pending on an `any` value                                          @typescript-eslint/no-unsafe-member-access
  141:37  warning  Unsafe argument of type `any` assigned to a parameter of type `GameStateEntity`          @typescript-eslint/no-unsafe-argument
  141:44  warning  Unsafe argument of type `any[]` assigned to a parameter of type `GameSingleActionDto[]`  @typescript-eslint/no-unsafe-argument
  149:36  error    Unsafe member access .data on an `any` value                                             @typescript-eslint/no-unsafe-member-access
  152:36  error    Unsafe member access .choices on an `any` value                                          @typescript-eslint/no-unsafe-member-access
  154:37  warning  Unsafe argument of type `any` assigned to a parameter of type `GameStateEntity`          @typescript-eslint/no-unsafe-argument
  154:51  warning  Unsafe argument of type `any[]` assigned to a parameter of type `GameSingleActionDto[]`  @typescript-eslint/no-unsafe-argument
  161:11  error    Unsafe assignment of an `any` value                                                      @typescript-eslint/no-unsafe-assignment
  161:54  error    Unsafe member access .id on an `any` value                                               @typescript-eslint/no-unsafe-member-access
  162:11  error    Unsafe assignment of an `any` value                                                      @typescript-eslint/no-unsafe-assignment
  162:54  error    Unsafe member access .id on an `any` value                                               @typescript-eslint/no-unsafe-member-access
  163:14  error    Unsafe member access .inventory on an `any` value                                        @typescript-eslint/no-unsafe-member-access
  164:14  error    Unsafe member access .inventory on an `any` value                                        @typescript-eslint/no-unsafe-member-access
  169:11  error    Unsafe assignment of an `any` value                                                      @typescript-eslint/no-unsafe-assignment
  183:11  error    Unsafe member access .pending on an `any` value                                          @typescript-eslint/no-unsafe-member-access
  195:37  warning  Unsafe argument of type `any` assigned to a parameter of type `GameStateEntity`          @typescript-eslint/no-unsafe-argument
  195:44  warning  Unsafe argument of type `any[]` assigned to a parameter of type `GameSingleActionDto[]`  @typescript-eslint/no-unsafe-argument
  202:11  error    Unsafe assignment of an `any` value                                                      @typescript-eslint/no-unsafe-assignment
  202:54  error    Unsafe member access .id on an `any` value                                               @typescript-eslint/no-unsafe-member-access
  203:11  error    Unsafe assignment of an `any` value                                                      @typescript-eslint/no-unsafe-assignment
  203:54  error    Unsafe member access .id on an `any` value                                               @typescript-eslint/no-unsafe-member-access
  204:14  error    Unsafe member access .inventory on an `any` value                                        @typescript-eslint/no-unsafe-member-access
  205:14  error    Unsafe member access .inventory on an `any` value                                        @typescript-eslint/no-unsafe-member-access
  210:11  error    Unsafe assignment of an `any` value                                                      @typescript-eslint/no-unsafe-assignment
  230:11  error    Unsafe member access .pending on an `any` value                                          @typescript-eslint/no-unsafe-member-access
  242:37  warning  Unsafe argument of type `any` assigned to a parameter of type `GameStateEntity`          @typescript-eslint/no-unsafe-argument
  242:44  warning  Unsafe argument of type `any[]` assigned to a parameter of type `GameSingleActionDto[]`  @typescript-eslint/no-unsafe-argument
  249:36  error    Unsafe member access .data on an `any` value                                             @typescript-eslint/no-unsafe-member-access
  252:36  error    Unsafe member access .choices on an `any` value                                          @typescript-eslint/no-unsafe-member-access
  254:37  warning  Unsafe argument of type `any` assigned to a parameter of type `GameStateEntity`          @typescript-eslint/no-unsafe-argument
  254:51  warning  Unsafe argument of type `any[]` assigned to a parameter of type `GameSingleActionDto[]`  @typescript-eslint/no-unsafe-argument
  261:11  error    Unsafe assignment of an `any` value                                                      @typescript-eslint/no-unsafe-assignment
  261:54  error    Unsafe member access .id on an `any` value                                               @typescript-eslint/no-unsafe-member-access
  262:11  error    Unsafe assignment of an `any` value                                                      @typescript-eslint/no-unsafe-assignment
  262:54  error    Unsafe member access .id on an `any` value                                               @typescript-eslint/no-unsafe-member-access
  263:14  error    Unsafe member access .inventory on an `any` value                                        @typescript-eslint/no-unsafe-member-access
  264:14  error    Unsafe member access .inventory on an `any` value                                        @typescript-eslint/no-unsafe-member-access
  265:14  error    Unsafe member access .inventory on an `any` value                                        @typescript-eslint/no-unsafe-member-access
  266:14  error    Unsafe member access .inventory on an `any` value                                        @typescript-eslint/no-unsafe-member-access
  271:11  error    Unsafe assignment of an `any` value                                                      @typescript-eslint/no-unsafe-assignment
  293:11  error    Unsafe member access .pending on an `any` value                                          @typescript-eslint/no-unsafe-member-access
  305:37  warning  Unsafe argument of type `any` assigned to a parameter of type `GameStateEntity`          @typescript-eslint/no-unsafe-argument
  305:44  warning  Unsafe argument of type `any[]` assigned to a parameter of type `GameSingleActionDto[]`  @typescript-eslint/no-unsafe-argument
  312:11  error    Unsafe assignment of an `any` value                                                      @typescript-eslint/no-unsafe-assignment
  312:54  error    Unsafe member access .id on an `any` value                                               @typescript-eslint/no-unsafe-member-access
  313:11  error    Unsafe assignment of an `any` value                                                      @typescript-eslint/no-unsafe-assignment
  313:54  error    Unsafe member access .id on an `any` value                                               @typescript-eslint/no-unsafe-member-access
  314:14  error    Unsafe member access .basket on an `any` value                                           @typescript-eslint/no-unsafe-member-access
  315:14  error    Unsafe member access .inventory on an `any` value                                        @typescript-eslint/no-unsafe-member-access

C:\wamp64\www\lemondeDeLila\backend\src\game\games\les-quatre-vents\panier-express\tests\panier-express.scenario.spec.ts
   9:47  warning  Unsafe argument of type `any` assigned to a parameter of type `GameStateEntity`  @typescript-eslint/no-unsafe-argument
  16:11  error    Unsafe member access .status on an `any` value                                   @typescript-eslint/no-unsafe-member-access
  17:11  error    Unsafe member access .turn on an `any` value                                     @typescript-eslint/no-unsafe-member-access
  18:11  error    Unsafe member access .turnIndex on an `any` value                                @typescript-eslint/no-unsafe-member-access
  21:13  error    Unsafe assignment of an `any` value                                              @typescript-eslint/no-unsafe-assignment
  21:31  error    Unsafe member access .turn on an `any` value                                     @typescript-eslint/no-unsafe-member-access
  23:48  warning  Unsafe argument of type `any` assigned to a parameter of type `GameStateEntity`  @typescript-eslint/no-unsafe-argument
  25:43  error    Unsafe member access .type on an `any` value                                     @typescript-eslint/no-unsafe-member-access
  28:33  warning  Unsafe argument of type `any` assigned to a parameter of type `GameStateEntity`  @typescript-eslint/no-unsafe-argument
  29:11  error    Unsafe call of an `any` typed value                                              @typescript-eslint/no-unsafe-call
  29:18  error    Unsafe member access .status on an `any` value                                   @typescript-eslint/no-unsafe-member-access
  29:32  error    Unsafe member access .toLowerCase on an `any` value                              @typescript-eslint/no-unsafe-member-access
  32:32  error    Unsafe member access .players on an `any` value                                  @typescript-eslint/no-unsafe-member-access

C:\wamp64\www\lemondeDeLila\backend\src\game\games\les-quatre-vents\panier-express\tests\panier-express.service.spec.ts
   28:50  warning  Unsafe argument of type `any` assigned to a parameter of type `GameStateEntity`          @typescript-eslint/no-unsafe-argument
   29:11  error    Unsafe assignment of an `any` value                                                      @typescript-eslint/no-unsafe-assignment
   30:31  error    Unsafe member access .tiles on an `any` value                                            @typescript-eslint/no-unsafe-member-access
   31:17  error    Unsafe member access .decks on an `any` value                                            @typescript-eslint/no-unsafe-member-access
   41:50  warning  Unsafe argument of type `any` assigned to a parameter of type `GameStateEntity`          @typescript-eslint/no-unsafe-argument
   44:39  error    Unsafe member access .blocking on an `any` value                                         @typescript-eslint/no-unsafe-member-access
   45:39  error    Unsafe member access .playerId on an `any` value                                         @typescript-eslint/no-unsafe-member-access
   46:53  error    Unsafe member access .data on an `any` value                                             @typescript-eslint/no-unsafe-member-access
   47:65  error    Unsafe member access .id on an `any` value                                               @typescript-eslint/no-unsafe-member-access
   48:29  error    Unsafe member access .shoppingList on an `any` value                                     @typescript-eslint/no-unsafe-member-access
   49:15  error    Unsafe member access .shoppingList on an `any` value                                     @typescript-eslint/no-unsafe-member-access
   50:23  error    Unsafe member access .pawn on an `any` value                                             @typescript-eslint/no-unsafe-member-access
   51:11  error    Unsafe assignment of an `any` value                                                      @typescript-eslint/no-unsafe-assignment
   51:62  error    Unsafe member access .choices on an `any` value                                          @typescript-eslint/no-unsafe-member-access
   52:35  error    Unsafe member access .choices on an `any` value                                          @typescript-eslint/no-unsafe-member-access
   54:20  error    Unsafe member access .length on an `any` value                                           @typescript-eslint/no-unsafe-member-access
   58:51  warning  Unsafe argument of type `any` assigned to a parameter of type `GameStateEntity`          @typescript-eslint/no-unsafe-argument
   66:11  error    Unsafe assignment of an `any` value                                                      @typescript-eslint/no-unsafe-assignment
   66:31  error    Unsafe member access .pending on an `any` value                                          @typescript-eslint/no-unsafe-member-access
   67:21  error    Unsafe member access .type on an `any` value                                             @typescript-eslint/no-unsafe-member-access
   68:35  error    Unsafe member access .data on an `any` value                                             @typescript-eslint/no-unsafe-member-access
   69:11  error    Unsafe assignment of an `any` value                                                      @typescript-eslint/no-unsafe-assignment
   69:44  error    Unsafe member access .choices on an `any` value                                          @typescript-eslint/no-unsafe-member-access
   69:63  error    Unsafe member access .choices on an `any` value                                          @typescript-eslint/no-unsafe-member-access
   71:20  error    Unsafe member access .length on an `any` value                                           @typescript-eslint/no-unsafe-member-access
   75:51  warning  Unsafe argument of type `any` assigned to a parameter of type `GameStateEntity`          @typescript-eslint/no-unsafe-argument
   83:10  error    Unsafe member access .turn on an `any` value                                             @typescript-eslint/no-unsafe-member-access
   84:10  error    Unsafe member access .turnIndex on an `any` value                                        @typescript-eslint/no-unsafe-member-access
   86:41  warning  Unsafe argument of type `any` assigned to a parameter of type `GameStateEntity`          @typescript-eslint/no-unsafe-argument
   89:37  error    Unsafe member access .foo on an `any` value                                              @typescript-eslint/no-unsafe-member-access
   91:11  error    Unsafe assignment of an `any` value                                                      @typescript-eslint/no-unsafe-assignment
   91:42  error    Unsafe member access .extras on an `any` value                                           @typescript-eslint/no-unsafe-member-access
   92:33  error    Unsafe member access .playerViews on an `any` value                                      @typescript-eslint/no-unsafe-member-access
   93:19  error    Unsafe member access .playerViews on an `any` value                                      @typescript-eslint/no-unsafe-member-access
   94:11  error    Unsafe assignment of an `any` value                                                      @typescript-eslint/no-unsafe-assignment
   94:32  error    Unsafe member access .currentPlayerView on an `any` value                                @typescript-eslint/no-unsafe-member-access
   96:24  error    Unsafe member access .id on an `any` value                                               @typescript-eslint/no-unsafe-member-access
   97:24  error    Unsafe member access .basket on an `any` value                                           @typescript-eslint/no-unsafe-member-access
  100:11  error    Unsafe assignment of an `any` value                                                      @typescript-eslint/no-unsafe-assignment
  100:41  error    Unsafe member access .board on an `any` value                                            @typescript-eslint/no-unsafe-member-access
  102:32  error    Unsafe member access .tiles on an `any` value                                            @typescript-eslint/no-unsafe-member-access
  103:18  error    Unsafe member access .tiles on an `any` value                                            @typescript-eslint/no-unsafe-member-access
  104:25  error    Unsafe member access .positions on an `any` value                                        @typescript-eslint/no-unsafe-member-access
  105:25  error    Unsafe member access .laps on an `any` value                                             @typescript-eslint/no-unsafe-member-access
  106:25  error    Unsafe member access .turns on an `any` value                                            @typescript-eslint/no-unsafe-member-access
  110:51  warning  Unsafe argument of type `any` assigned to a parameter of type `GameStateEntity`          @typescript-eslint/no-unsafe-argument
  114:10  error    Unsafe member access .metadata on an `any` value                                         @typescript-eslint/no-unsafe-member-access
  115:11  error    Unsafe assignment of an `any` value                                                      @typescript-eslint/no-unsafe-assignment
  115:19  error    Unsafe call of an `any` typed value                                                      @typescript-eslint/no-unsafe-call
  115:36  error    Unsafe member access ['drawSvc'] on an `any` value                                       @typescript-eslint/no-unsafe-member-access
  116:11  error    Unsafe assignment of an `any` value                                                      @typescript-eslint/no-unsafe-assignment
  116:22  error    Unsafe member access .players on an `any` value                                          @typescript-eslint/no-unsafe-member-access
  118:10  error    Unsafe member access .basket on an `any` value                                           @typescript-eslint/no-unsafe-member-access
  118:36  error    Unsafe member access .inventory on an `any` value                                        @typescript-eslint/no-unsafe-member-access
  123:51  warning  Unsafe argument of type `any` assigned to a parameter of type `GameStateEntity`          @typescript-eslint/no-unsafe-argument
  127:10  error    Unsafe member access .turn on an `any` value                                             @typescript-eslint/no-unsafe-member-access
  128:10  error    Unsafe member access .turnIndex on an `any` value                                        @typescript-eslint/no-unsafe-member-access
  129:10  error    Unsafe member access .metadata on an `any` value                                         @typescript-eslint/no-unsafe-member-access
  138:41  warning  Unsafe argument of type `any` assigned to a parameter of type `GameStateEntity`          @typescript-eslint/no-unsafe-argument
  140:38  error    Unsafe member access .blocking on an `any` value                                         @typescript-eslint/no-unsafe-member-access
  144:51  warning  Unsafe argument of type `any` assigned to a parameter of type `GameStateEntity`          @typescript-eslint/no-unsafe-argument
  148:10  error    Unsafe member access .turn on an `any` value                                             @typescript-eslint/no-unsafe-member-access
  149:10  error    Unsafe member access .turnIndex on an `any` value                                        @typescript-eslint/no-unsafe-member-access
  150:10  error    Unsafe member access .metadata on an `any` value                                         @typescript-eslint/no-unsafe-member-access
  160:41  warning  Unsafe argument of type `any` assigned to a parameter of type `GameStateEntity`          @typescript-eslint/no-unsafe-argument
  167:51  warning  Unsafe argument of type `any` assigned to a parameter of type `GameStateEntity`          @typescript-eslint/no-unsafe-argument
  174:10  error    Unsafe member access .turn on an `any` value                                             @typescript-eslint/no-unsafe-member-access
  175:10  error    Unsafe member access .turnIndex on an `any` value                                        @typescript-eslint/no-unsafe-member-access
  176:11  error    Unsafe assignment of an `any` value                                                      @typescript-eslint/no-unsafe-assignment
  176:23  error    Unsafe call of an `any` typed value                                                      @typescript-eslint/no-unsafe-call
  176:40  error    Unsafe member access .handleSkipTurn on an `any` value                                   @typescript-eslint/no-unsafe-member-access
  180:22  error    Unsafe member access .turn on an `any` value                                             @typescript-eslint/no-unsafe-member-access
  184:51  warning  Unsafe argument of type `any` assigned to a parameter of type `GameStateEntity`          @typescript-eslint/no-unsafe-argument
  191:10  error    Unsafe member access .turn on an `any` value                                             @typescript-eslint/no-unsafe-member-access
  192:10  error    Unsafe member access .turnIndex on an `any` value                                        @typescript-eslint/no-unsafe-member-access
  194:11  error    Unsafe assignment of an `any` value                                                      @typescript-eslint/no-unsafe-assignment
  194:23  error    Unsafe member access .metadata on an `any` value                                         @typescript-eslint/no-unsafe-member-access
  195:11  error    Unsafe assignment of an `any` value                                                      @typescript-eslint/no-unsafe-assignment
  196:26  error    Unsafe member access .tiles on an `any` value                                            @typescript-eslint/no-unsafe-member-access
  196:41  error    Unsafe member access .tiles on an `any` value                                            @typescript-eslint/no-unsafe-member-access
  196:61  error    Unsafe member access .tiles on an `any` value                                            @typescript-eslint/no-unsafe-member-access
  197:10  error    Unsafe member access .positions on an `any` value                                        @typescript-eslint/no-unsafe-member-access
  198:10  error    Unsafe member access .laps on an `any` value                                             @typescript-eslint/no-unsafe-member-access
  201:11  error    Unsafe assignment of an `any` value                                                      @typescript-eslint/no-unsafe-assignment
  201:19  error    Unsafe call of an `any` typed value                                                      @typescript-eslint/no-unsafe-call
  201:36  error    Unsafe member access .movePlayer on an `any` value                                       @typescript-eslint/no-unsafe-member-access
  202:18  error    Unsafe member access .metadata on an `any` value                                         @typescript-eslint/no-unsafe-member-access
  206:51  warning  Unsafe argument of type `any` assigned to a parameter of type `GameStateEntity`          @typescript-eslint/no-unsafe-argument
  213:10  error    Unsafe member access .turn on an `any` value                                             @typescript-eslint/no-unsafe-member-access
  214:10  error    Unsafe member access .turnIndex on an `any` value                                        @typescript-eslint/no-unsafe-member-access
  216:11  error    Unsafe assignment of an `any` value                                                      @typescript-eslint/no-unsafe-assignment
  216:23  error    Unsafe member access .metadata on an `any` value                                         @typescript-eslint/no-unsafe-member-access
  217:10  error    Unsafe member access .positions on an `any` value                                        @typescript-eslint/no-unsafe-member-access
  218:10  error    Unsafe member access .laps on an `any` value                                             @typescript-eslint/no-unsafe-member-access
  220:11  error    Unsafe assignment of an `any` value                                                      @typescript-eslint/no-unsafe-assignment
  220:19  error    Unsafe call of an `any` typed value                                                      @typescript-eslint/no-unsafe-call
  220:36  error    Unsafe member access .movePlayer on an `any` value                                       @typescript-eslint/no-unsafe-member-access
  221:18  error    Unsafe member access .metadata on an `any` value                                         @typescript-eslint/no-unsafe-member-access
  225:52  warning  Unsafe argument of type `any` assigned to a parameter of type `GameStateEntity`          @typescript-eslint/no-unsafe-argument
  233:11  error    Unsafe member access .metadata on an `any` value                                         @typescript-eslint/no-unsafe-member-access
  238:45  warning  Unsafe argument of type `any` assigned to a parameter of type `GameStateEntity`          @typescript-eslint/no-unsafe-argument
  243:51  warning  Unsafe argument of type `any` assigned to a parameter of type `GameStateEntity`          @typescript-eslint/no-unsafe-argument
  249:10  error    Unsafe member access .metadata on an `any` value                                         @typescript-eslint/no-unsafe-member-access
  250:11  error    Unsafe assignment of an `any` value                                                      @typescript-eslint/no-unsafe-assignment
  250:26  error    Unsafe call of an `any` typed value                                                      @typescript-eslint/no-unsafe-call
  250:43  error    Unsafe member access .applyVictory on an `any` value                                     @typescript-eslint/no-unsafe-member-access
  251:12  error    Unsafe call of an `any` typed value                                                      @typescript-eslint/no-unsafe-call
  251:25  error    Unsafe member access .status on an `any` value                                           @typescript-eslint/no-unsafe-member-access
  252:25  error    Unsafe member access .metadata on an `any` value                                         @typescript-eslint/no-unsafe-member-access
  256:51  warning  Unsafe argument of type `any` assigned to a parameter of type `GameStateEntity`          @typescript-eslint/no-unsafe-argument
  260:11  error    Unsafe assignment of an `any` value                                                      @typescript-eslint/no-unsafe-assignment
  260:23  error    Unsafe member access .metadata on an `any` value                                         @typescript-eslint/no-unsafe-member-access
  261:11  error    Unsafe assignment of an `any` value                                                      @typescript-eslint/no-unsafe-assignment
  261:23  error    Unsafe call of an `any` typed value                                                      @typescript-eslint/no-unsafe-call
  261:28  error    Unsafe member access .tiles on an `any` value                                            @typescript-eslint/no-unsafe-member-access
  261:58  error    Unsafe member access .type on an `any` value                                             @typescript-eslint/no-unsafe-member-access
  262:5   error    Unsafe assignment of an `any` value                                                      @typescript-eslint/no-unsafe-assignment
  262:10  error    Unsafe member access .positions on an `any` value                                        @typescript-eslint/no-unsafe-member-access
  263:10  error    Unsafe member access .quiz on an `any` value                                             @typescript-eslint/no-unsafe-member-access
  272:10  error    Unsafe member access .turn on an `any` value                                             @typescript-eslint/no-unsafe-member-access
  273:10  error    Unsafe member access .turnIndex on an `any` value                                        @typescript-eslint/no-unsafe-member-access
  275:43  warning  Unsafe argument of type `any` assigned to a parameter of type `GameStateEntity`          @typescript-eslint/no-unsafe-argument
  286:51  warning  Unsafe argument of type `any` assigned to a parameter of type `GameStateEntity`          @typescript-eslint/no-unsafe-argument
  293:10  error    Unsafe member access .turn on an `any` value                                             @typescript-eslint/no-unsafe-member-access
  294:10  error    Unsafe member access .turnIndex on an `any` value                                        @typescript-eslint/no-unsafe-member-access
  297:10  error    Unsafe member access .metadata on an `any` value                                         @typescript-eslint/no-unsafe-member-access
  301:10  error    Unsafe member access .pending on an `any` value                                          @typescript-eslint/no-unsafe-member-access
  313:40  warning  Unsafe argument of type `any` assigned to a parameter of type `GameStateEntity`          @typescript-eslint/no-unsafe-argument
  313:46  warning  Unsafe argument of type `any[]` assigned to a parameter of type `GameSingleActionDto[]`  @typescript-eslint/no-unsafe-argument
  321:11  error    Unsafe assignment of an `any` value                                                      @typescript-eslint/no-unsafe-assignment
  321:43  error    Unsafe member access .decks on an `any` value                                            @typescript-eslint/no-unsafe-member-access
  323:17  error    Unsafe member access .deck on an `any` value                                             @typescript-eslint/no-unsafe-member-access
  324:17  error    Unsafe member access .discards on an `any` value                                         @typescript-eslint/no-unsafe-member-access
  329:51  warning  Unsafe argument of type `any` assigned to a parameter of type `GameStateEntity`          @typescript-eslint/no-unsafe-argument
  336:10  error    Unsafe member access .turn on an `any` value                                             @typescript-eslint/no-unsafe-member-access
  337:10  error    Unsafe member access .turnIndex on an `any` value                                        @typescript-eslint/no-unsafe-member-access
  338:5   error    Unsafe assignment of an `any` value                                                      @typescript-eslint/no-unsafe-assignment
  338:10  error    Unsafe member access .metadata on an `any` value                                         @typescript-eslint/no-unsafe-member-access
  339:16  error    Unsafe member access .metadata on an `any` value                                         @typescript-eslint/no-unsafe-member-access
  343:33  warning  Unsafe argument of type `any` assigned to a parameter of type `RngMeta`                  @typescript-eslint/no-unsafe-argument
  343:38  error    Unsafe member access .metadata on an `any` value                                         @typescript-eslint/no-unsafe-member-access
  345:40  warning  Unsafe argument of type `any` assigned to a parameter of type `GameStateEntity`          @typescript-eslint/no-unsafe-argument
  345:46  warning  Unsafe argument of type `any` assigned to a parameter of type `GameSingleActionDto[]`    @typescript-eslint/no-unsafe-argument
  351:37  error    Unsafe member access .rng on an `any` value                                              @typescript-eslint/no-unsafe-member-access
  352:37  error    Unsafe member access .rng on an `any` value                                              @typescript-eslint/no-unsafe-member-access
  356:52  warning  Unsafe argument of type `any` assigned to a parameter of type `GameStateEntity`          @typescript-eslint/no-unsafe-argument
  378:11  error    Unsafe member access .turn on an `any` value                                             @typescript-eslint/no-unsafe-member-access
  379:11  error    Unsafe member access .turnIndex on an `any` value                                        @typescript-eslint/no-unsafe-member-access
  381:53  warning  Unsafe argument of type `any` assigned to a parameter of type `GameStateEntity`          @typescript-eslint/no-unsafe-argument
  382:20  error    Unsafe member access .extras on an `any` value                                           @typescript-eslint/no-unsafe-member-access
  386:51  warning  Unsafe argument of type `any` assigned to a parameter of type `GameStateEntity`          @typescript-eslint/no-unsafe-argument
  390:10  error    Unsafe member access .turn on an `any` value                                             @typescript-eslint/no-unsafe-member-access
  391:10  error    Unsafe member access .turnIndex on an `any` value                                        @typescript-eslint/no-unsafe-member-access
  392:10  error    Unsafe member access .metadata on an `any` value                                         @typescript-eslint/no-unsafe-member-access
  402:40  warning  Unsafe argument of type `any` assigned to a parameter of type `GameStateEntity`          @typescript-eslint/no-unsafe-argument
  402:46  warning  Unsafe argument of type `any` assigned to a parameter of type `GameSingleActionDto[]`    @typescript-eslint/no-unsafe-argument
  406:37  error    Unsafe member access .quiz on an `any` value                                             @typescript-eslint/no-unsafe-member-access
  410:51  warning  Unsafe argument of type `any` assigned to a parameter of type `GameStateEntity`          @typescript-eslint/no-unsafe-argument
  414:11  error    Unsafe assignment of an `any` value                                                      @typescript-eslint/no-unsafe-assignment
  414:23  error    Unsafe member access .metadata on an `any` value                                         @typescript-eslint/no-unsafe-member-access
  415:14  error    Unsafe member access .decks on an `any` value                                            @typescript-eslint/no-unsafe-member-access
  416:12  error    Unsafe member access .decks on an `any` value                                            @typescript-eslint/no-unsafe-member-access
  417:12  error    Unsafe member access .decks on an `any` value                                            @typescript-eslint/no-unsafe-member-access
  419:10  error    Unsafe member access .positions on an `any` value                                        @typescript-eslint/no-unsafe-member-access
  420:11  error    Unsafe assignment of an `any` value                                                      @typescript-eslint/no-unsafe-assignment
  420:19  error    Unsafe call of an `any` typed value                                                      @typescript-eslint/no-unsafe-call
  420:36  error    Unsafe member access ['drawSvc'] on an `any` value                                       @typescript-eslint/no-unsafe-member-access
  421:11  error    Unsafe assignment of an `any` value                                                      @typescript-eslint/no-unsafe-assignment
  421:22  error    Unsafe member access .players on an `any` value                                          @typescript-eslint/no-unsafe-member-access
  423:10  error    Unsafe member access .basket on an `any` value                                           @typescript-eslint/no-unsafe-member-access
  423:36  error    Unsafe member access .inventory on an `any` value                                        @typescript-eslint/no-unsafe-member-access
  428:52  warning  Unsafe argument of type `any` assigned to a parameter of type `GameStateEntity`          @typescript-eslint/no-unsafe-argument
  436:11  error    Unsafe member access .turn on an `any` value                                             @typescript-eslint/no-unsafe-member-access
  437:11  error    Unsafe member access .turnIndex on an `any` value                                        @typescript-eslint/no-unsafe-member-access
  438:11  error    Unsafe member access .metadata on an `any` value                                         @typescript-eslint/no-unsafe-member-access
  440:49  warning  Unsafe argument of type `any` assigned to a parameter of type `GameStateEntity`          @typescript-eslint/no-unsafe-argument
  441:39  error    Unsafe member access .type on an `any` value                                             @typescript-eslint/no-unsafe-member-access
  444:39  error    Unsafe member access .type on an `any` value                                             @typescript-eslint/no-unsafe-member-access
  448:52  warning  Unsafe argument of type `any` assigned to a parameter of type `GameStateEntity`          @typescript-eslint/no-unsafe-argument
  462:11  error    Unsafe member access .turn on an `any` value                                             @typescript-eslint/no-unsafe-member-access
  463:11  error    Unsafe member access .turnIndex on an `any` value                                        @typescript-eslint/no-unsafe-member-access
  464:11  error    Unsafe member access .metadata on an `any` value                                         @typescript-eslint/no-unsafe-member-access
  466:49  warning  Unsafe argument of type `any` assigned to a parameter of type `GameStateEntity`          @typescript-eslint/no-unsafe-argument
  467:39  error    Unsafe member access .type on an `any` value                                             @typescript-eslint/no-unsafe-member-access
  473:52  warning  Unsafe argument of type `any` assigned to a parameter of type `GameStateEntity`          @typescript-eslint/no-unsafe-argument
  481:11  error    Unsafe member access .metadata on an `any` value                                         @typescript-eslint/no-unsafe-member-access
  485:45  warning  Unsafe argument of type `any` assigned to a parameter of type `GameStateEntity`          @typescript-eslint/no-unsafe-argument
  487:36  error    Unsafe member access .playerId on an `any` value                                         @typescript-eslint/no-unsafe-member-access
  488:43  error    Unsafe member access .card on an `any` value                                             @typescript-eslint/no-unsafe-member-access
  492:52  warning  Unsafe argument of type `any` assigned to a parameter of type `GameStateEntity`          @typescript-eslint/no-unsafe-argument
  496:11  error    Unsafe member access .metadata on an `any` value                                         @typescript-eslint/no-unsafe-member-access
  500:45  warning  Unsafe argument of type `any` assigned to a parameter of type `GameStateEntity`          @typescript-eslint/no-unsafe-argument
  501:27  error    Unsafe member access .pending on an `any` value                                          @typescript-eslint/no-unsafe-member-access
  505:52  warning  Unsafe argument of type `any` assigned to a parameter of type `GameStateEntity`          @typescript-eslint/no-unsafe-argument
  512:11  error    Unsafe member access .metadata on an `any` value                                         @typescript-eslint/no-unsafe-member-access
  517:52  warning  Unsafe argument of type `any` assigned to a parameter of type `GameStateEntity`          @typescript-eslint/no-unsafe-argument
  518:51  warning  Unsafe argument of type `any` assigned to a parameter of type `GameStateEntity`          @typescript-eslint/no-unsafe-argument
  519:44  warning  Unsafe argument of type `any` assigned to a parameter of type `GameStateEntity`          @typescript-eslint/no-unsafe-argument
  520:43  warning  Unsafe argument of type `any` assigned to a parameter of type `GameStateEntity`          @typescript-eslint/no-unsafe-argument
  521:11  error    Unsafe assignment of an `any` value                                                      @typescript-eslint/no-unsafe-assignment
  521:54  error    Unsafe member access .id on an `any` value                                               @typescript-eslint/no-unsafe-member-access
  522:11  error    Unsafe assignment of an `any` value                                                      @typescript-eslint/no-unsafe-assignment
  522:54  error    Unsafe member access .id on an `any` value                                               @typescript-eslint/no-unsafe-member-access
  523:14  error    Unsafe member access .inventory on an `any` value                                        @typescript-eslint/no-unsafe-member-access
  524:14  error    Unsafe member access .inventory on an `any` value                                        @typescript-eslint/no-unsafe-member-access
  525:14  error    Unsafe member access .inventory on an `any` value                                        @typescript-eslint/no-unsafe-member-access
  526:14  error    Unsafe member access .inventory on an `any` value                                        @typescript-eslint/no-unsafe-member-access
  527:14  error    Unsafe member access .inventory on an `any` value                                        @typescript-eslint/no-unsafe-member-access
  532:51  warning  Unsafe argument of type `any` assigned to a parameter of type `GameStateEntity`          @typescript-eslint/no-unsafe-argument
  539:10  error    Unsafe member access .metadata on an `any` value                                         @typescript-eslint/no-unsafe-member-access
  543:45  warning  Unsafe argument of type `any` assigned to a parameter of type `GameStateEntity`          @typescript-eslint/no-unsafe-argument
  544:46  warning  Unsafe argument of type `any` assigned to a parameter of type `GameStateEntity`          @typescript-eslint/no-unsafe-argument
  549:51  warning  Unsafe argument of type `any` assigned to a parameter of type `GameStateEntity`          @typescript-eslint/no-unsafe-argument
  556:10  error    Unsafe member access .metadata on an `any` value                                         @typescript-eslint/no-unsafe-member-access
  560:47  warning  Unsafe argument of type `any` assigned to a parameter of type `GameStateEntity`          @typescript-eslint/no-unsafe-argument
  561:44  warning  Unsafe argument of type `any` assigned to a parameter of type `GameStateEntity`          @typescript-eslint/no-unsafe-argument
  566:52  warning  Unsafe argument of type `any` assigned to a parameter of type `GameStateEntity`          @typescript-eslint/no-unsafe-argument
  585:11  error    Unsafe member access .turn on an `any` value                                             @typescript-eslint/no-unsafe-member-access
  586:11  error    Unsafe member access .turnIndex on an `any` value                                        @typescript-eslint/no-unsafe-member-access
  588:49  warning  Unsafe argument of type `any` assigned to a parameter of type `GameStateEntity`          @typescript-eslint/no-unsafe-argument
  590:41  error    Unsafe member access .type on an `any` value                                             @typescript-eslint/no-unsafe-member-access
  596:52  warning  Unsafe argument of type `any` assigned to a parameter of type `GameStateEntity`          @typescript-eslint/no-unsafe-argument
  615:11  error    Unsafe member access .turn on an `any` value                                             @typescript-eslint/no-unsafe-member-access
  616:11  error    Unsafe member access .turnIndex on an `any` value                                        @typescript-eslint/no-unsafe-member-access
  620:9   warning  Unsafe argument of type `any` assigned to a parameter of type `GameStateEntity`          @typescript-eslint/no-unsafe-argument
  621:9   warning  Unsafe argument of type `any` assigned to a parameter of type `GameSingleActionDto`      @typescript-eslint/no-unsafe-argument
  628:52  warning  Unsafe argument of type `any` assigned to a parameter of type `GameStateEntity`          @typescript-eslint/no-unsafe-argument
  635:11  error    Unsafe member access .turn on an `any` value                                             @typescript-eslint/no-unsafe-member-access
  636:11  error    Unsafe member access .turnIndex on an `any` value                                        @typescript-eslint/no-unsafe-member-access
  637:11  error    Unsafe member access .metadata on an `any` value                                         @typescript-eslint/no-unsafe-member-access
  638:11  error    Unsafe member access .metadata on an `any` value                                         @typescript-eslint/no-unsafe-member-access
  640:11  error    Unsafe assignment of an `any` value                                                      @typescript-eslint/no-unsafe-assignment
  640:40  warning  Unsafe argument of type `any` assigned to a parameter of type `GameStateEntity`          @typescript-eslint/no-unsafe-argument
  641:18  error    Unsafe member access .metadata on an `any` value                                         @typescript-eslint/no-unsafe-member-access
  642:18  error    Unsafe member access .metadata on an `any` value                                         @typescript-eslint/no-unsafe-member-access
  646:52  warning  Unsafe argument of type `any` assigned to a parameter of type `GameStateEntity`          @typescript-eslint/no-unsafe-argument
  653:11  error    Unsafe member access .turn on an `any` value                                             @typescript-eslint/no-unsafe-member-access
  654:11  error    Unsafe member access .turnIndex on an `any` value                                        @typescript-eslint/no-unsafe-member-access
  655:11  error    Unsafe member access .metadata on an `any` value                                         @typescript-eslint/no-unsafe-member-access
  656:11  error    Unsafe member access .metadata on an `any` value                                         @typescript-eslint/no-unsafe-member-access
  658:11  error    Unsafe assignment of an `any` value                                                      @typescript-eslint/no-unsafe-assignment
  658:40  warning  Unsafe argument of type `any` assigned to a parameter of type `GameStateEntity`          @typescript-eslint/no-unsafe-argument
  659:18  error    Unsafe member access .turn on an `any` value                                             @typescript-eslint/no-unsafe-member-access

C:\wamp64\www\lemondeDeLila\backend\src\game\games\les-quatre-vents\pirates-en-vadrouille\actions\pirates-en-vadrouille-action.service.ts
  105:11  error  Unsafe assignment of an `any` value                     @typescript-eslint/no-unsafe-assignment
  147:11  error  Unsafe assignment of an `any` value                     @typescript-eslint/no-unsafe-assignment
  152:11  error  Unsafe assignment of an `any` value                     @typescript-eslint/no-unsafe-assignment
  153:38  error  Unsafe member access .targetPlayerId on an `any` value  @typescript-eslint/no-unsafe-member-access
  154:11  error  Unsafe assignment of an `any` value                     @typescript-eslint/no-unsafe-assignment
  155:16  error  Unsafe member access .data on an `any` value            @typescript-eslint/no-unsafe-member-access
  157:17  error  Unsafe member access .data on an `any` value            @typescript-eslint/no-unsafe-member-access
  555:5   error  '_playerId' is defined but never used                   @typescript-eslint/no-unused-vars
  578:14  error  Unsafe assignment of an `any` value                     @typescript-eslint/no-unsafe-assignment
  667:11  error  Unsafe assignment of an `any` value                     @typescript-eslint/no-unsafe-assignment
  667:48  error  Unsafe member access .id on an `any` value              @typescript-eslint/no-unsafe-member-access
  669:22  error  Unsafe member access .pawn on an `any` value            @typescript-eslint/no-unsafe-member-access
  669:56  error  Unsafe member access .pawn on an `any` value            @typescript-eslint/no-unsafe-member-access

C:\wamp64\www\lemondeDeLila\backend\src\game\games\les-quatre-vents\pirates-en-vadrouille\presenter\pirates-en-vadrouille-presenter.service.ts
  38:5   error  Unsafe return of a value of type `any`          @typescript-eslint/no-unsafe-return
  48:7   error  Unsafe assignment of an `any` value             @typescript-eslint/no-unsafe-assignment
  49:27  error  Unsafe member access .extras on an `any` value  @typescript-eslint/no-unsafe-member-access

C:\wamp64\www\lemondeDeLila\backend\src\game\games\les-quatre-vents\pirates-en-vadrouille\rulebook\rulebook.ts
  24:9   error    Unsafe assignment of an `any` value                                                            @typescript-eslint/no-unsafe-assignment
  49:38  warning  Unsafe argument of type `any` assigned to a parameter of type `PiratesEnVadrouilleActionType`  @typescript-eslint/no-unsafe-argument
  69:9   error    Unsafe assignment of an `any` value                                                            @typescript-eslint/no-unsafe-assignment
  82:15  error    Unsafe member access .type on an `any` value                                                   @typescript-eslint/no-unsafe-member-access
  90:15  error    Unsafe member access .type on an `any` value                                                   @typescript-eslint/no-unsafe-member-access
  98:17  error    Unsafe member access .playerId on an `any` value                                               @typescript-eslint/no-unsafe-member-access

C:\wamp64\www\lemondeDeLila\backend\src\game\games\les-quatre-vents\pirates-en-vadrouille\setup\pirates-en-vadrouille-setup.service.ts
  46:11  error  Unsafe assignment of an `any` value  @typescript-eslint/no-unsafe-assignment
  65:9   error  Unsafe assignment of an `any` value  @typescript-eslint/no-unsafe-assignment
  66:9   error  Unsafe assignment of an `any` value  @typescript-eslint/no-unsafe-assignment
  67:9   error  Unsafe assignment of an `any` value  @typescript-eslint/no-unsafe-assignment

C:\wamp64\www\lemondeDeLila\backend\src\game\games\les-quatre-vents\primalis\actions\primalis-action.service.ts
   67:9  error  Unsafe assignment of an `any` value    @typescript-eslint/no-unsafe-assignment
   81:7  error  Unsafe assignment of an `any` value    @typescript-eslint/no-unsafe-assignment
  308:5  error  '_playerId' is defined but never used  @typescript-eslint/no-unused-vars

C:\wamp64\www\lemondeDeLila\backend\src\game\games\les-quatre-vents\primalis\presenter\primalis-presenter.service.ts
  36:5   error  Unsafe return of a value of type `any`          @typescript-eslint/no-unsafe-return
  46:7   error  Unsafe assignment of an `any` value             @typescript-eslint/no-unsafe-assignment
  47:27  error  Unsafe member access .extras on an `any` value  @typescript-eslint/no-unsafe-member-access

C:\wamp64\www\lemondeDeLila\backend\src\game\games\les-quatre-vents\primalis\rulebook\rulebook.ts
  28:39  warning  Unsafe argument of type `any` assigned to a parameter of type `PrimalisActionType`  @typescript-eslint/no-unsafe-argument

C:\wamp64\www\lemondeDeLila\backend\src\game\games\les-quatre-vents\primalis\setup\primalis-setup.service.ts
  18:5  error  '_random' is defined but never used  @typescript-eslint/no-unused-vars

C:\wamp64\www\lemondeDeLila\backend\src\game\games\les-quatre-vents\sac-a-malices\actions\sac-a-malices-action.service.spec.ts
  12:55  warning  Unsafe argument of type `any` assigned to a parameter of type `SacAMalicesSetupService`  @typescript-eslint/no-unsafe-argument
  16:11  error    Unsafe assignment of an `any` value                                                      @typescript-eslint/no-unsafe-assignment
  28:11  error    Unsafe assignment of an `any` value                                                      @typescript-eslint/no-unsafe-assignment
  28:17  error    Unsafe call of an `any` typed value                                                      @typescript-eslint/no-unsafe-call
  28:25  error    Unsafe member access .drawCard on an `any` value                                         @typescript-eslint/no-unsafe-member-access
  29:16  error    Unsafe member access .card on an `any` value                                             @typescript-eslint/no-unsafe-member-access
  30:16  error    Unsafe member access .meta on an `any` value                                             @typescript-eslint/no-unsafe-member-access
  31:16  error    Unsafe member access .meta on an `any` value                                             @typescript-eslint/no-unsafe-member-access
  35:11  error    Unsafe assignment of an `any` value                                                      @typescript-eslint/no-unsafe-assignment
  47:11  error    Unsafe assignment of an `any` value                                                      @typescript-eslint/no-unsafe-assignment
  47:17  error    Unsafe call of an `any` typed value                                                      @typescript-eslint/no-unsafe-call
  47:25  error    Unsafe member access .drawCard on an `any` value                                         @typescript-eslint/no-unsafe-member-access
  48:16  error    Unsafe member access .card on an `any` value                                             @typescript-eslint/no-unsafe-member-access
  49:16  error    Unsafe member access .meta on an `any` value                                             @typescript-eslint/no-unsafe-member-access
  50:12  error    Unsafe call of an `any` typed value                                                      @typescript-eslint/no-unsafe-call
  50:16  error    Unsafe member access .meta on an `any` value                                             @typescript-eslint/no-unsafe-member-access
  50:58  error    Unsafe return of a value of type `any`                                                   @typescript-eslint/no-unsafe-return
  50:60  error    Unsafe member access .id on an `any` value                                               @typescript-eslint/no-unsafe-member-access

C:\wamp64\www\lemondeDeLila\backend\src\game\games\les-quatre-vents\sac-a-malices\actions\sac-a-malices-action.service.ts
   106:11  error    Unsafe assignment of an `any` value                                                                             @typescript-eslint/no-unsafe-assignment
   107:11  error    Unsafe assignment of an `any` value                                                                             @typescript-eslint/no-unsafe-assignment
   108:15  error    Unsafe member access .variant on an `any` value                                                                 @typescript-eslint/no-unsafe-member-access
   108:34  error    Unsafe member access .variantId on an `any` value                                                               @typescript-eslint/no-unsafe-member-access
   108:55  error    Unsafe member access .value on an `any` value                                                                   @typescript-eslint/no-unsafe-member-access
   117:11  error    Unsafe assignment of an `any` value                                                                             @typescript-eslint/no-unsafe-assignment
   118:31  error    Unsafe member access .meta on an `any` value                                                                    @typescript-eslint/no-unsafe-member-access
   119:27  error    Unsafe member access .meta on an `any` value                                                                    @typescript-eslint/no-unsafe-member-access
   127:45  warning  Unsafe argument of type `any` assigned to a parameter of type `number`                                          @typescript-eslint/no-unsafe-argument
   155:9   error    Unsafe assignment of an `any` value                                                                             @typescript-eslint/no-unsafe-assignment
   256:5   error    Unsafe assignment of an `any` value                                                                             @typescript-eslint/no-unsafe-assignment
   323:11  error    Unsafe assignment of an `any` value                                                                             @typescript-eslint/no-unsafe-assignment
   324:29  error    Unsafe member access .type on an `any` value                                                                    @typescript-eslint/no-unsafe-member-access
   325:11  error    Unsafe assignment of an `any` value                                                                             @typescript-eslint/no-unsafe-assignment
   326:22  error    Unsafe member access .playerId on an `any` value                                                                @typescript-eslint/no-unsafe-member-access
   327:19  error    Unsafe member access .playerId on an `any` value                                                                @typescript-eslint/no-unsafe-member-access
   331:39  error    Unsafe member access .data on an `any` value                                                                    @typescript-eslint/no-unsafe-member-access
   338:45  warning  Unsafe argument of type `any` assigned to a parameter of type `number`                                          @typescript-eslint/no-unsafe-argument
   343:48  warning  Unsafe argument of type `any` assigned to a parameter of type `number`                                          @typescript-eslint/no-unsafe-argument
   348:57  warning  Unsafe argument of type `any` assigned to a parameter of type `number`                                          @typescript-eslint/no-unsafe-argument
   352:48  warning  Unsafe argument of type `any` assigned to a parameter of type `number`                                          @typescript-eslint/no-unsafe-argument
   358:48  warning  Unsafe argument of type `any` assigned to a parameter of type `number`                                          @typescript-eslint/no-unsafe-argument
   360:31  error    Computed name [playerId] resolves to an `any` value                                                             @typescript-eslint/no-unsafe-member-access
   363:48  warning  Unsafe argument of type `any` assigned to a parameter of type `number`                                          @typescript-eslint/no-unsafe-argument
   366:32  warning  Unsafe argument of type `any` assigned to a parameter of type `number`                                          @typescript-eslint/no-unsafe-argument
   367:43  warning  Unsafe argument of type `any` assigned to a parameter of type `number`                                          @typescript-eslint/no-unsafe-argument
   370:43  warning  Unsafe argument of type `any` assigned to a parameter of type `number`                                          @typescript-eslint/no-unsafe-argument
   376:46  warning  Unsafe argument of type `any` assigned to a parameter of type `number`                                          @typescript-eslint/no-unsafe-argument
   468:34  error    Computed name [String(nextLevel) as any] resolves to an `any` value                                             @typescript-eslint/no-unsafe-member-access
   495:36  error    Computed name [String(level) as any] resolves to an `any` value                                                 @typescript-eslint/no-unsafe-member-access
   553:11  error    Unsafe assignment of an `any` value                                                                             @typescript-eslint/no-unsafe-assignment
   554:29  error    Unsafe member access .type on an `any` value                                                                    @typescript-eslint/no-unsafe-member-access
   556:11  error    Unsafe assignment of an `any` value                                                                             @typescript-eslint/no-unsafe-assignment
   557:22  error    Unsafe member access .playerId on an `any` value                                                                @typescript-eslint/no-unsafe-member-access
   558:19  error    Unsafe member access .playerId on an `any` value                                                                @typescript-eslint/no-unsafe-member-access
   562:53  error    Unsafe member access .tileIndex on an `any` value                                                               @typescript-eslint/no-unsafe-member-access
   563:11  error    Unsafe assignment of an `any` value                                                                             @typescript-eslint/no-unsafe-assignment
   564:16  error    Unsafe member access .data on an `any` value                                                                    @typescript-eslint/no-unsafe-member-access
   566:17  error    Unsafe member access .data on an `any` value                                                                    @typescript-eslint/no-unsafe-member-access
   574:34  error    Unsafe member access .data on an `any` value                                                                    @typescript-eslint/no-unsafe-member-access
   583:34  warning  Unsafe argument of type `any` assigned to a parameter of type `number`                                          @typescript-eslint/no-unsafe-argument
   585:33  warning  Unsafe argument of type `any` assigned to a parameter of type `number`                                          @typescript-eslint/no-unsafe-argument
   587:38  warning  Unsafe argument of type `any` assigned to a parameter of type `number`                                          @typescript-eslint/no-unsafe-argument
   589:40  warning  Unsafe argument of type `any` assigned to a parameter of type `number`                                          @typescript-eslint/no-unsafe-argument
   847:23  error    Unsafe assignment of an `any` value                                                                             @typescript-eslint/no-unsafe-assignment
   847:48  error    Unsafe assignment of an `any` value                                                                             @typescript-eslint/no-unsafe-assignment
  1135:11  error    Unsafe assignment of an `any` value                                                                             @typescript-eslint/no-unsafe-assignment
  1135:50  error    Unsafe member access .properties on an `any` value                                                              @typescript-eslint/no-unsafe-member-access
  1136:15  error    Unsafe member access .properties on an `any` value                                                              @typescript-eslint/no-unsafe-member-access
  1203:30  error    Computed name [String(nextLevel) as any] resolves to an `any` value                                             @typescript-eslint/no-unsafe-member-access
  1259:30  error    Computed name [String(level) as any] resolves to an `any` value                                                 @typescript-eslint/no-unsafe-member-access
  1422:11  error    Unsafe assignment of an `any` value                                                                             @typescript-eslint/no-unsafe-assignment
  1423:11  error    Unsafe assignment of an `any` value                                                                             @typescript-eslint/no-unsafe-assignment
  1424:41  warning  Unsafe argument of type `any` assigned to a parameter of type `ArrayLike<unknown> | { [s: string]: unknown; }`  @typescript-eslint/no-unsafe-argument
  1426:26  error    Unsafe member access [k] on an `any` value                                                                      @typescript-eslint/no-unsafe-member-access
  1427:26  error    Unsafe member access [k] on an `any` value                                                                      @typescript-eslint/no-unsafe-member-access
  1435:7   error    Unsafe assignment of an `any` value                                                                             @typescript-eslint/no-unsafe-assignment
  1436:7   error    Unsafe assignment of an `any` value                                                                             @typescript-eslint/no-unsafe-assignment
  1550:44  error    Unsafe member access .id on an `any` value                                                                      @typescript-eslint/no-unsafe-member-access
  1628:11  error    Unsafe assignment of an `any` value                                                                             @typescript-eslint/no-unsafe-assignment
  1629:5   error    Unsafe return of a value of type `any`                                                                          @typescript-eslint/no-unsafe-return
  1632:7   error    Unsafe assignment of an `any` value                                                                             @typescript-eslint/no-unsafe-assignment
  1632:39  error    Unsafe member access .jail on an `any` value                                                                    @typescript-eslint/no-unsafe-member-access
  1640:42  error    Unsafe member access .pawnLabel on an `any` value                                                               @typescript-eslint/no-unsafe-member-access
  1643:35  error    Unsafe member access .pawn on an `any` value                                                                    @typescript-eslint/no-unsafe-member-access

C:\wamp64\www\lemondeDeLila\backend\src\game\games\les-quatre-vents\sac-a-malices\presenter\sac-a-malices-presenter.service.ts
   25:11  error  Unsafe assignment of an `any` value                    @typescript-eslint/no-unsafe-assignment
   29:5   error  Unsafe return of a value of type `any`                 @typescript-eslint/no-unsafe-return
   36:7   error  Unsafe assignment of an `any` value                    @typescript-eslint/no-unsafe-assignment
   37:7   error  Unsafe assignment of an `any` value                    @typescript-eslint/no-unsafe-assignment
   38:27  error  Unsafe member access .extras on an `any` value         @typescript-eslint/no-unsafe-member-access
   91:6   error  'any' overrides all other types in this union type     @typescript-eslint/no-redundant-type-constituents
   93:11  error  Unsafe assignment of an `any` value                    @typescript-eslint/no-unsafe-assignment
   94:29  error  Unsafe member access .ownerPlayerId on an `any` value  @typescript-eslint/no-unsafe-member-access
   95:25  error  Unsafe member access .ownerPlayerId on an `any` value  @typescript-eslint/no-unsafe-member-access
  108:7   error  Unsafe assignment of an `any` value                    @typescript-eslint/no-unsafe-assignment

C:\wamp64\www\lemondeDeLila\backend\src\game\games\les-quatre-vents\sac-a-malices\rulebook\rulebook.ts
   37:34  error  Unsafe member access .setupStep on an `any` value      @typescript-eslint/no-unsafe-member-access
   39:11  error  Unsafe assignment of an `any` value                    @typescript-eslint/no-unsafe-assignment
   40:20  error  Unsafe member access .ownerPlayerId on an `any` value  @typescript-eslint/no-unsafe-member-access
   40:54  error  Unsafe member access .ownerPlayerId on an `any` value  @typescript-eslint/no-unsafe-member-access
   50:9   error  Unsafe assignment of an `any` value                    @typescript-eslint/no-unsafe-assignment
   51:16  error  Unsafe member access .type on an `any` value           @typescript-eslint/no-unsafe-member-access
   52:18  error  Unsafe member access .playerId on an `any` value       @typescript-eslint/no-unsafe-member-access
   58:16  error  Unsafe member access .type on an `any` value           @typescript-eslint/no-unsafe-member-access
   59:18  error  Unsafe member access .playerId on an `any` value       @typescript-eslint/no-unsafe-member-access
   60:11  error  Unsafe assignment of an `any` value                    @typescript-eslint/no-unsafe-assignment
   61:16  error  Unsafe member access .data on an `any` value           @typescript-eslint/no-unsafe-member-access
   63:17  error  Unsafe member access .data on an `any` value           @typescript-eslint/no-unsafe-member-access
   75:31  error  Unsafe member access .statuses on an `any` value       @typescript-eslint/no-unsafe-member-access
   77:18  error  Unsafe member access .statuses on an `any` value       @typescript-eslint/no-unsafe-member-access
   86:9   error  Unsafe assignment of an `any` value                    @typescript-eslint/no-unsafe-assignment
   86:28  error  Unsafe member access .rules on an `any` value          @typescript-eslint/no-unsafe-member-access
   87:9   error  Unsafe assignment of an `any` value                    @typescript-eslint/no-unsafe-assignment
   87:52  error  Unsafe member access .jail on an `any` value           @typescript-eslint/no-unsafe-member-access
   89:23  error  Unsafe member access .allowPayFine on an `any` value   @typescript-eslint/no-unsafe-member-access
   89:57  error  Unsafe member access .autoFine on an `any` value       @typescript-eslint/no-unsafe-member-access
  125:36  error  Unsafe member access .setupStep on an `any` value      @typescript-eslint/no-unsafe-member-access
  131:11  error  Unsafe assignment of an `any` value                    @typescript-eslint/no-unsafe-assignment
  132:20  error  Unsafe member access .ownerPlayerId on an `any` value  @typescript-eslint/no-unsafe-member-access
  132:54  error  Unsafe member access .ownerPlayerId on an `any` value  @typescript-eslint/no-unsafe-member-access
  147:9   error  Unsafe assignment of an `any` value                    @typescript-eslint/no-unsafe-assignment
  148:16  error  Unsafe member access .type on an `any` value           @typescript-eslint/no-unsafe-member-access
  149:11  error  Unsafe assignment of an `any` value                    @typescript-eslint/no-unsafe-assignment
  149:25  error  Unsafe member access .playerId on an `any` value       @typescript-eslint/no-unsafe-member-access
  160:16  error  Unsafe member access .type on an `any` value           @typescript-eslint/no-unsafe-member-access
  161:11  error  Unsafe assignment of an `any` value                    @typescript-eslint/no-unsafe-assignment
  161:25  error  Unsafe member access .playerId on an `any` value       @typescript-eslint/no-unsafe-member-access
  174:11  error  Unsafe assignment of an `any` value                    @typescript-eslint/no-unsafe-assignment
  175:16  error  Unsafe member access .data on an `any` value           @typescript-eslint/no-unsafe-member-access
  177:17  error  Unsafe member access .data on an `any` value           @typescript-eslint/no-unsafe-member-access
  179:55  error  Unsafe member access .tileIndex on an `any` value      @typescript-eslint/no-unsafe-member-access

C:\wamp64\www\lemondeDeLila\backend\src\game\games\les-quatre-vents\sac-a-malices\sac-a-malices.shortcuts.ts
  12:39  error  Unsafe member access .statuses on an `any` value  @typescript-eslint/no-unsafe-member-access
  15:22  error  Unsafe member access .statuses on an `any` value  @typescript-eslint/no-unsafe-member-access
  17:9   error  Unsafe assignment of an `any` value               @typescript-eslint/no-unsafe-assignment
  17:28  error  Unsafe member access .rules on an `any` value     @typescript-eslint/no-unsafe-member-access
  19:20  error  Unsafe member access .jail on an `any` value      @typescript-eslint/no-unsafe-member-access
  20:19  error  Unsafe member access .jail on an `any` value      @typescript-eslint/no-unsafe-member-access

C:\wamp64\www\lemondeDeLila\backend\src\game\games\les-quatre-vents\sac-a-malices\setup\sac-a-malices-setup.service.ts
   61:11  error    Unsafe assignment of an `any` value                                            @typescript-eslint/no-unsafe-assignment
   62:29  error    Unsafe member access .ownerPlayerId on an `any` value                          @typescript-eslint/no-unsafe-member-access
   63:25  error    Unsafe member access .ownerPlayerId on an `any` value                          @typescript-eslint/no-unsafe-member-access
   74:65  warning  Unsafe argument of type `any` assigned to a parameter of type `number | null`  @typescript-eslint/no-unsafe-argument
   76:11  error    Unsafe assignment of an `any` value                                            @typescript-eslint/no-unsafe-assignment
   87:9   error    Unsafe assignment of an `any` value                                            @typescript-eslint/no-unsafe-assignment
  158:11  error    Unsafe assignment of an `any` value                                            @typescript-eslint/no-unsafe-assignment
  182:19  error    Unsafe assignment of an `any` value                                            @typescript-eslint/no-unsafe-assignment
  183:22  error    Unsafe assignment of an `any` value                                            @typescript-eslint/no-unsafe-assignment

C:\wamp64\www\lemondeDeLila\backend\src\game\games\les-quatre-vents\sac-a-malices\tests\sac-a-malices.setup.spec.ts
  21:11  error  Unsafe assignment of an `any` value               @typescript-eslint/no-unsafe-assignment
  36:11  error  Unsafe assignment of an `any` value               @typescript-eslint/no-unsafe-assignment
  36:51  error  Unsafe member access .variants on an `any` value  @typescript-eslint/no-unsafe-member-access
  38:21  error  Unsafe member access .length on an `any` value    @typescript-eslint/no-unsafe-member-access

C:\wamp64\www\lemondeDeLila\backend\src\game\games\les-quatre-vents\tout-pres-de-maman\actions\tout-pres-de-maman-action.service.ts
   89:5   error    Unsafe assignment of an `any` value                                                      @typescript-eslint/no-unsafe-assignment
   92:7   error    Unexpected constant nullishness on the left-hand side of a `??` expression               no-constant-binary-expression
  102:7   error    Unsafe assignment of an `any` value                                                      @typescript-eslint/no-unsafe-assignment
  576:11  error    Unsafe assignment of an `any` value                                                      @typescript-eslint/no-unsafe-assignment
  577:40  warning  Unsafe argument of type `any` assigned to a parameter of type `ToutPresDeMamanMetadata`  @typescript-eslint/no-unsafe-argument
  592:40  warning  Unsafe argument of type `any` assigned to a parameter of type `ToutPresDeMamanMetadata`  @typescript-eslint/no-unsafe-argument
  675:42  error    Unsafe member access .pawnLabel on an `any` value                                        @typescript-eslint/no-unsafe-member-access
  678:35  error    Unsafe member access .pawn on an `any` value                                             @typescript-eslint/no-unsafe-member-access

C:\wamp64\www\lemondeDeLila\backend\src\game\games\les-quatre-vents\voyage-en-terre-de-brumes\actions\voyage-action.service.ts
   78:9   error    Unsafe assignment of an `any` value                                     @typescript-eslint/no-unsafe-assignment
  104:11  error    Unsafe assignment of an `any` value                                     @typescript-eslint/no-unsafe-assignment
  105:29  error    Unsafe member access .type on an `any` value                            @typescript-eslint/no-unsafe-member-access
  106:11  error    Unsafe assignment of an `any` value                                     @typescript-eslint/no-unsafe-assignment
  107:22  error    Unsafe member access .playerId on an `any` value                        @typescript-eslint/no-unsafe-member-access
  108:19  error    Unsafe member access .playerId on an `any` value                        @typescript-eslint/no-unsafe-member-access
  112:38  error    Unsafe member access .data on an `any` value                            @typescript-eslint/no-unsafe-member-access
  124:33  warning  Unsafe argument of type `any` assigned to a parameter of type `number`  @typescript-eslint/no-unsafe-argument
  137:11  error    Unsafe assignment of an `any` value                                     @typescript-eslint/no-unsafe-assignment
  138:29  error    Unsafe member access .type on an `any` value                            @typescript-eslint/no-unsafe-member-access
  140:11  error    Unsafe assignment of an `any` value                                     @typescript-eslint/no-unsafe-assignment
  141:22  error    Unsafe member access .playerId on an `any` value                        @typescript-eslint/no-unsafe-member-access
  142:19  error    Unsafe member access .playerId on an `any` value                        @typescript-eslint/no-unsafe-member-access
  152:15  error    Unsafe member access .answer on an `any` value                          @typescript-eslint/no-unsafe-member-access
  152:33  error    Unsafe member access .choice on an `any` value                          @typescript-eslint/no-unsafe-member-access
  152:51  error    Unsafe member access .value on an `any` value                           @typescript-eslint/no-unsafe-member-access
  155:22  error    Unsafe member access .choiceIndex on an `any` value                     @typescript-eslint/no-unsafe-member-access
  156:31  error    Unsafe member access .choiceIndex on an `any` value                     @typescript-eslint/no-unsafe-member-access
  157:22  warning  Unsafe argument of type `any` assigned to a parameter of type `number`  @typescript-eslint/no-unsafe-argument
  157:30  error    Unsafe member access .choiceIndex on an `any` value                     @typescript-eslint/no-unsafe-member-access
  185:45  warning  Unsafe argument of type `any` assigned to a parameter of type `number`  @typescript-eslint/no-unsafe-argument
  187:30  error    Unsafe member access .successDelta on an `any` value                    @typescript-eslint/no-unsafe-member-access
  188:23  error    Unsafe member access .successDelta on an `any` value                    @typescript-eslint/no-unsafe-member-access
  190:34  warning  Unsafe argument of type `any` assigned to a parameter of type `number`  @typescript-eslint/no-unsafe-argument
  190:48  error    Unsafe member access .successDelta on an `any` value                    @typescript-eslint/no-unsafe-member-access
  192:32  warning  Unsafe argument of type `any` assigned to a parameter of type `number`  @typescript-eslint/no-unsafe-argument
  193:40  warning  Unsafe argument of type `any` assigned to a parameter of type `number`  @typescript-eslint/no-unsafe-argument
  210:11  error    Unsafe assignment of an `any` value                                     @typescript-eslint/no-unsafe-assignment
  211:29  error    Unsafe member access .type on an `any` value                            @typescript-eslint/no-unsafe-member-access
  213:11  error    Unsafe assignment of an `any` value                                     @typescript-eslint/no-unsafe-assignment
  214:22  error    Unsafe member access .playerId on an `any` value                        @typescript-eslint/no-unsafe-member-access
  215:19  error    Unsafe member access .playerId on an `any` value                        @typescript-eslint/no-unsafe-member-access
  219:55  error    Unsafe member access .targetPlayerId on an `any` value                  @typescript-eslint/no-unsafe-member-access
  224:34  error    Unsafe member access .data on an `any` value                            @typescript-eslint/no-unsafe-member-access
  225:54  error    Computed name [playerId] resolves to an `any` value                     @typescript-eslint/no-unsafe-member-access
  232:25  error    Unsafe assignment of an `any` value                                     @typescript-eslint/no-unsafe-assignment
  237:45  warning  Unsafe argument of type `any` assigned to a parameter of type `number`  @typescript-eslint/no-unsafe-argument
  239:39  warning  Unsafe argument of type `any` assigned to a parameter of type `number`  @typescript-eslint/no-unsafe-argument
  240:39  warning  Unsafe argument of type `any` assigned to a parameter of type `number`  @typescript-eslint/no-unsafe-argument
  248:39  warning  Unsafe argument of type `any` assigned to a parameter of type `number`  @typescript-eslint/no-unsafe-argument
  251:60  error    Unsafe member access .data on an `any` value                            @typescript-eslint/no-unsafe-member-access
  254:45  warning  Unsafe argument of type `any` assigned to a parameter of type `number`  @typescript-eslint/no-unsafe-argument
  256:45  warning  Unsafe argument of type `any` assigned to a parameter of type `number`  @typescript-eslint/no-unsafe-argument
  257:39  warning  Unsafe argument of type `any` assigned to a parameter of type `number`  @typescript-eslint/no-unsafe-argument
  633:5   error    Unsafe return of a value of type `any`                                  @typescript-eslint/no-unsafe-return
  657:11  error    Unsafe assignment of an `any` value                                     @typescript-eslint/no-unsafe-assignment
  657:52  error    Unsafe member access [deckId] on an `any` value                         @typescript-eslint/no-unsafe-member-access
  670:7   error    Unsafe assignment of an `any` value                                     @typescript-eslint/no-unsafe-assignment
  692:40  error    Unsafe member access [deckType] on an `any` value                       @typescript-eslint/no-unsafe-member-access
  696:7   error    Unsafe assignment of an `any` value                                     @typescript-eslint/no-unsafe-assignment
  773:33  error    Unsafe assignment of an `any` value                                     @typescript-eslint/no-unsafe-assignment
  773:58  error    Unsafe member access [kind] on an `any` value                           @typescript-eslint/no-unsafe-member-access
  791:50  error    Unsafe member access [kind] on an `any` value                           @typescript-eslint/no-unsafe-member-access
  937:42  error    Unsafe member access .pawnLabel on an `any` value                       @typescript-eslint/no-unsafe-member-access
  940:35  error    Unsafe member access .pawn on an `any` value                            @typescript-eslint/no-unsafe-member-access

? 1846 problems (1597 errors, 249 warnings)

