
C:\wamp64\www\lemondeDeLila\backend\src\game\core\helpers\pawn-pending-rulebook.helper.ts
  22:31  warning  Unsafe argument of type `any` assigned to a parameter of type `PendingPawnPayload`        @typescript-eslint/no-unsafe-argument
  25:33  warning  Unsafe argument of type `any` assigned to a parameter of type `PendingPawnPayload`        @typescript-eslint/no-unsafe-argument
  37:31  warning  Unsafe argument of type `any` assigned to a parameter of type `PendingPawnPayload`        @typescript-eslint/no-unsafe-argument
  44:5   warning  Unsafe argument of type `any` assigned to a parameter of type `PendingPawnPayload`        @typescript-eslint/no-unsafe-argument
  45:5   warning  Unsafe argument of type `any` assigned to a parameter of type `PendingPawnChoicePayload`  @typescript-eslint/no-unsafe-argument

C:\wamp64\www\lemondeDeLila\backend\src\game\core\helpers\pending-pawn-move-rulebook.helper.ts
  27:31  warning  Unsafe argument of type `any` assigned to a parameter of type `PendingPawnPayload`  @typescript-eslint/no-unsafe-argument
  30:37  warning  Unsafe argument of type `any` assigned to a parameter of type `PendingMoveData`     @typescript-eslint/no-unsafe-argument
  45:31  warning  Unsafe argument of type `any` assigned to a parameter of type `PendingPawnPayload`  @typescript-eslint/no-unsafe-argument
  52:39  warning  Unsafe argument of type `any` assigned to a parameter of type `PendingMoveData`     @typescript-eslint/no-unsafe-argument
  52:55  warning  Unsafe argument of type `any` assigned to a parameter of type `MovePayload`         @typescript-eslint/no-unsafe-argument

C:\wamp64\www\lemondeDeLila\backend\src\game\engine\abstract\abstract-game.service.ts
   64:11  error  Unsafe assignment of an `any` value                 @typescript-eslint/no-unsafe-assignment
   64:45  error  Unsafe member access .actorId on an `any` value     @typescript-eslint/no-unsafe-member-access
   93:67  error  'any' overrides all other types in this union type  @typescript-eslint/no-redundant-type-constituents
  102:55  error  'any' overrides all other types in this union type  @typescript-eslint/no-redundant-type-constituents

C:\wamp64\www\lemondeDeLila\backend\src\game\engine\abstract\base-presenter.service.spec.ts
  11:5  error  '_state' is defined but never used            @typescript-eslint/no-unused-vars
  12:5  error  '_userId' is defined but never used           @typescript-eslint/no-unused-vars
  19:5  error  '_metadata' is defined but never used         @typescript-eslint/no-unused-vars
  20:5  error  '_currentPlayerId' is defined but never used  @typescript-eslint/no-unused-vars
  26:5  error  '_state' is defined but never used            @typescript-eslint/no-unused-vars
  27:5  error  '_metadata' is defined but never used         @typescript-eslint/no-unused-vars
  28:5  error  '_currentPlayerId' is defined but never used  @typescript-eslint/no-unused-vars
  40:5  error  Unsafe return of a value of type `any`        @typescript-eslint/no-unsafe-return
  49:7  error  Unsafe assignment of an `any` value           @typescript-eslint/no-unsafe-assignment

C:\wamp64\www\lemondeDeLila\backend\src\game\engine\abstract\base-presenter.service.ts
   32:11  error  Unsafe assignment of an `any` value               @typescript-eslint/no-unsafe-assignment
   36:11  error  Unsafe assignment of an `any` value               @typescript-eslint/no-unsafe-assignment
   44:7   error  Unsafe assignment of an `any` value               @typescript-eslint/no-unsafe-assignment
   66:11  error  Unsafe assignment of an `any` value               @typescript-eslint/no-unsafe-assignment
   70:11  error  Unsafe assignment of an `any` value               @typescript-eslint/no-unsafe-assignment
   83:7   error  Unsafe assignment of an `any` value               @typescript-eslint/no-unsafe-assignment
  181:5   error  '_state' is defined but never used                @typescript-eslint/no-unused-vars
  182:5   error  '_currentPlayerId' is defined but never used      @typescript-eslint/no-unused-vars
  238:11  error  Unsafe assignment of an `any` value               @typescript-eslint/no-unsafe-assignment
  244:11  error  Unsafe assignment of an `any` value               @typescript-eslint/no-unsafe-assignment
  245:23  error  Unsafe member access .playerId on an `any` value  @typescript-eslint/no-unsafe-member-access
  245:55  error  Unsafe member access .playerId on an `any` value  @typescript-eslint/no-unsafe-member-access

C:\wamp64\www\lemondeDeLila\backend\src\game\engine\dto\validated-action.dto.spec.ts
  127:37  warning  Unsafe argument of type `any` assigned to a parameter of type `ValidatedGameActionDto`  @typescript-eslint/no-unsafe-argument
  135:9   error    Unsafe assignment of an `any` value                                                     @typescript-eslint/no-unsafe-assignment
  143:37  warning  Unsafe argument of type `any` assigned to a parameter of type `ValidatedGameActionDto`  @typescript-eslint/no-unsafe-argument
  157:11  error    Unsafe assignment of an `any` value                                                     @typescript-eslint/no-unsafe-assignment
  157:32  error    Unsafe member access .level1 on an `any` value                                          @typescript-eslint/no-unsafe-member-access
  159:17  error    Unsafe member access [`level${i}`] on an `any` value                                    @typescript-eslint/no-unsafe-member-access
  160:9   error    Unsafe assignment of an `any` value                                                     @typescript-eslint/no-unsafe-assignment
  160:27  error    Unsafe member access [`level${i}`] on an `any` value                                    @typescript-eslint/no-unsafe-member-access
  165:9   error    Unsafe assignment of an `any` value                                                     @typescript-eslint/no-unsafe-assignment
  168:37  warning  Unsafe argument of type `any` assigned to a parameter of type `ValidatedGameActionDto`  @typescript-eslint/no-unsafe-argument
  182:37  warning  Unsafe argument of type `any` assigned to a parameter of type `ValidatedGameActionDto`  @typescript-eslint/no-unsafe-argument
  198:37  warning  Unsafe argument of type `any` assigned to a parameter of type `ValidatedGameActionDto`  @typescript-eslint/no-unsafe-argument

C:\wamp64\www\lemondeDeLila\backend\src\game\engine\dto\validated-action.dto.ts
  211:9  error  Unsafe return of a value of type `any`  @typescript-eslint/no-unsafe-return

C:\wamp64\www\lemondeDeLila\backend\src\game\engine\game-plugins.module.ts
  87:13  error    Unsafe assignment of an `any` value                                                                             @typescript-eslint/no-unsafe-assignment
  87:19  error    A `require()` style import is forbidden                                                                         @typescript-eslint/no-require-imports
  88:40  warning  Unsafe argument of type `any` assigned to a parameter of type `ArrayLike<unknown> | { [s: string]: unknown; }`  @typescript-eslint/no-unsafe-argument
  97:55  error    Unsafe member access .message on an `any` value                                                                 @typescript-eslint/no-unsafe-member-access

C:\wamp64\www\lemondeDeLila\backend\src\game\engine\gateways\game.gateway.ts
    99:9   error    Unsafe call of a type that could not be resolved                                                                                                                    @typescript-eslint/no-unsafe-call
    99:16  error    Unsafe member access .close on a type that cannot be resolved                                                                                                       @typescript-eslint/no-unsafe-member-access
   106:7   error    Unsafe call of a type that could not be resolved                                                                                                                    @typescript-eslint/no-unsafe-call
   106:14  error    Unsafe member access .close on a type that cannot be resolved                                                                                                       @typescript-eslint/no-unsafe-member-access
   123:7   error    Unsafe call of a type that could not be resolved                                                                                                                    @typescript-eslint/no-unsafe-call
   123:14  error    Unsafe member access .close on a type that cannot be resolved                                                                                                       @typescript-eslint/no-unsafe-member-access
   127:7   error    Unsafe assignment of an error typed value                                                                                                                           @typescript-eslint/no-unsafe-assignment
   132:5   error    Unsafe call of a type that could not be resolved                                                                                                                    @typescript-eslint/no-unsafe-call
   132:12  error    Unsafe member access .on on a type that cannot be resolved                                                                                                          @typescript-eslint/no-unsafe-member-access
   136:7   warning  Promises must be awaited, end with a call to .catch, end with a call to .then with a rejection handler or be explicitly marked as ignored with the `void` operator  @typescript-eslint/no-floating-promises
   138:5   error    Unsafe call of a type that could not be resolved                                                                                                                    @typescript-eslint/no-unsafe-call
   138:12  error    Unsafe member access .on on a type that cannot be resolved                                                                                                          @typescript-eslint/no-unsafe-member-access
   138:30  error    Unsafe return of a value of type error                                                                                                                              @typescript-eslint/no-unsafe-return
   138:30  error    Unsafe call of a type that could not be resolved                                                                                                                    @typescript-eslint/no-unsafe-call
   138:37  error    Unsafe member access .close on a type that cannot be resolved                                                                                                       @typescript-eslint/no-unsafe-member-access
   140:5   error    Unsafe call of a type that could not be resolved                                                                                                                    @typescript-eslint/no-unsafe-call
   140:12  error    Unsafe member access .on on a type that cannot be resolved                                                                                                          @typescript-eslint/no-unsafe-member-access
   142:18  error    Unsafe member access .readyState on a type that cannot be resolved                                                                                                  @typescript-eslint/no-unsafe-member-access
   142:43  error    Unsafe member access .OPEN on a type that cannot be resolved                                                                                                        @typescript-eslint/no-unsafe-member-access
   156:11  error    Unsafe call of a type that could not be resolved                                                                                                                    @typescript-eslint/no-unsafe-call
   156:18  error    Unsafe member access .close on a type that cannot be resolved                                                                                                       @typescript-eslint/no-unsafe-member-access
   163:24  error    Unsafe member access .readyState on a type that cannot be resolved                                                                                                  @typescript-eslint/no-unsafe-member-access
   163:49  error    Unsafe member access .OPEN on a type that cannot be resolved                                                                                                        @typescript-eslint/no-unsafe-member-access
   164:15  error    Unsafe call of a type that could not be resolved                                                                                                                    @typescript-eslint/no-unsafe-call
   164:22  error    Unsafe member access .terminate on a type that cannot be resolved                                                                                                   @typescript-eslint/no-unsafe-member-access
   173:9   error    Unsafe call of a type that could not be resolved                                                                                                                    @typescript-eslint/no-unsafe-call
   173:16  error    Unsafe member access .ping on a type that cannot be resolved                                                                                                        @typescript-eslint/no-unsafe-member-access
   215:7   error    Unsafe call of a type that could not be resolved                                                                                                                    @typescript-eslint/no-unsafe-call
   215:14  error    Unsafe member access .close on a type that cannot be resolved                                                                                                       @typescript-eslint/no-unsafe-member-access
   220:7   error    Unsafe call of a type that could not be resolved                                                                                                                    @typescript-eslint/no-unsafe-call
   220:14  error    Unsafe member access .close on a type that cannot be resolved                                                                                                       @typescript-eslint/no-unsafe-member-access
   225:19  error    Unsafe object destructuring of a property with an `any` value                                                                                                       @typescript-eslint/no-unsafe-assignment
   240:15  error    Unsafe assignment of an `any` value                                                                                                                                 @typescript-eslint/no-unsafe-assignment
   241:33  error    Unsafe member access .clientSentAtMs on an `any` value                                                                                                              @typescript-eslint/no-unsafe-member-access
   242:29  error    Unsafe member access .clientSentAtMs on an `any` value                                                                                                              @typescript-eslint/no-unsafe-member-access
   294:36  error    Unsafe member access .roomId on an `any` value                                                                                                                      @typescript-eslint/no-unsafe-member-access
   294:55  error    Unsafe member access .room on an `any` value                                                                                                                        @typescript-eslint/no-unsafe-member-access
   295:38  error    Unsafe member access .gameType on an `any` value                                                                                                                    @typescript-eslint/no-unsafe-member-access
   297:11  error    Unsafe assignment of an `any` value                                                                                                                                 @typescript-eslint/no-unsafe-assignment
   298:23  error    Unsafe member access ._trace on an `any` value                                                                                                                      @typescript-eslint/no-unsafe-member-access
   298:57  error    Unsafe member access ._trace on an `any` value                                                                                                                      @typescript-eslint/no-unsafe-member-access
   299:11  error    Unsafe assignment of an `any` value                                                                                                                                 @typescript-eslint/no-unsafe-assignment
   300:23  error    Unsafe member access ._trace on an `any` value                                                                                                                      @typescript-eslint/no-unsafe-member-access
   301:19  error    Unsafe member access ._trace on an `any` value                                                                                                                      @typescript-eslint/no-unsafe-member-access
   325:38  error    Unsafe member access .gameType on an `any` value                                                                                                                    @typescript-eslint/no-unsafe-member-access
   348:11  error    Unsafe assignment of an `any` value                                                                                                                                 @typescript-eslint/no-unsafe-assignment
   349:23  error    Unsafe member access ._trace on an `any` value                                                                                                                      @typescript-eslint/no-unsafe-member-access
   349:57  error    Unsafe member access ._trace on an `any` value                                                                                                                      @typescript-eslint/no-unsafe-member-access
   350:11  error    Unsafe assignment of an `any` value                                                                                                                                 @typescript-eslint/no-unsafe-assignment
   351:23  error    Unsafe member access ._trace on an `any` value                                                                                                                      @typescript-eslint/no-unsafe-member-access
   352:19  error    Unsafe member access ._trace on an `any` value                                                                                                                      @typescript-eslint/no-unsafe-member-access
   388:11  error    Unsafe assignment of an `any` value                                                                                                                                 @typescript-eslint/no-unsafe-assignment
   389:23  error    Unsafe member access ._trace on an `any` value                                                                                                                      @typescript-eslint/no-unsafe-member-access
   389:57  error    Unsafe member access ._trace on an `any` value                                                                                                                      @typescript-eslint/no-unsafe-member-access
   390:11  error    Unsafe assignment of an `any` value                                                                                                                                 @typescript-eslint/no-unsafe-assignment
   391:23  error    Unsafe member access ._trace on an `any` value                                                                                                                      @typescript-eslint/no-unsafe-member-access
   392:19  error    Unsafe member access ._trace on an `any` value                                                                                                                      @typescript-eslint/no-unsafe-member-access
   412:39  error    Unsafe member access .id on an `any` value                                                                                                                          @typescript-eslint/no-unsafe-member-access
   473:11  error    Unsafe assignment of an `any` value                                                                                                                                 @typescript-eslint/no-unsafe-assignment
   474:23  error    Unsafe member access ._trace on an `any` value                                                                                                                      @typescript-eslint/no-unsafe-member-access
   474:57  error    Unsafe member access ._trace on an `any` value                                                                                                                      @typescript-eslint/no-unsafe-member-access
   475:11  error    Unsafe assignment of an `any` value                                                                                                                                 @typescript-eslint/no-unsafe-assignment
   476:23  error    Unsafe member access ._trace on an `any` value                                                                                                                      @typescript-eslint/no-unsafe-member-access
   477:19  error    Unsafe member access ._trace on an `any` value                                                                                                                      @typescript-eslint/no-unsafe-member-access
   489:9   error    Unsafe assignment of an `any` value                                                                                                                                 @typescript-eslint/no-unsafe-assignment
   498:15  error    Unsafe assignment of an `any` value                                                                                                                                 @typescript-eslint/no-unsafe-assignment
   498:71  error    Unsafe member access .actions on an `any` value                                                                                                                     @typescript-eslint/no-unsafe-member-access
   499:21  error    Unsafe member access .actions on an `any` value                                                                                                                     @typescript-eslint/no-unsafe-member-access
   516:33  error    Unsafe member access .key on an `any` value                                                                                                                         @typescript-eslint/no-unsafe-member-access
   524:11  error    Unsafe assignment of an `any` value                                                                                                                                 @typescript-eslint/no-unsafe-assignment
   525:23  error    Unsafe member access ._trace on an `any` value                                                                                                                      @typescript-eslint/no-unsafe-member-access
   525:57  error    Unsafe member access ._trace on an `any` value                                                                                                                      @typescript-eslint/no-unsafe-member-access
   526:11  error    Unsafe assignment of an `any` value                                                                                                                                 @typescript-eslint/no-unsafe-assignment
   527:23  error    Unsafe member access ._trace on an `any` value                                                                                                                      @typescript-eslint/no-unsafe-member-access
   528:19  error    Unsafe member access ._trace on an `any` value                                                                                                                      @typescript-eslint/no-unsafe-member-access
   570:15  error    Unsafe assignment of an `any` value                                                                                                                                 @typescript-eslint/no-unsafe-assignment
   595:15  error    Unsafe assignment of an `any` value                                                                                                                                 @typescript-eslint/no-unsafe-assignment
   611:13  error    Unsafe assignment of an `any` value                                                                                                                                 @typescript-eslint/no-unsafe-assignment
   622:36  error    Unsafe member access .roomId on an `any` value                                                                                                                      @typescript-eslint/no-unsafe-member-access
   623:38  error    Unsafe member access .gameType on an `any` value                                                                                                                    @typescript-eslint/no-unsafe-member-access
   649:18  error    Unsafe member access .readyState on a type that cannot be resolved                                                                                                  @typescript-eslint/no-unsafe-member-access
   649:43  error    Unsafe member access .OPEN on a type that cannot be resolved                                                                                                        @typescript-eslint/no-unsafe-member-access
   659:11  error    Unsafe assignment of an `any` value                                                                                                                                 @typescript-eslint/no-unsafe-assignment
   661:50  warning  Unsafe argument of type `any` assigned to a parameter of type `GameStateEntity`                                                                                     @typescript-eslint/no-unsafe-argument
   664:13  error    Unsafe assignment of an `any` value                                                                                                                                 @typescript-eslint/no-unsafe-assignment
   674:9   error    Unsafe call of a type that could not be resolved                                                                                                                    @typescript-eslint/no-unsafe-call
   674:16  error    Unsafe member access .send on a type that cannot be resolved                                                                                                        @typescript-eslint/no-unsafe-member-access
   685:22  error    Unsafe member access .status on an `any` value                                                                                                                      @typescript-eslint/no-unsafe-member-access
   686:25  error    Unsafe member access .turnIndex on an `any` value                                                                                                                   @typescript-eslint/no-unsafe-member-access
   687:31  error    Unsafe member access .turn on an `any` value                                                                                                                        @typescript-eslint/no-unsafe-member-access
   702:18  error    Unsafe member access .readyState on a type that cannot be resolved                                                                                                  @typescript-eslint/no-unsafe-member-access
   702:43  error    Unsafe member access .OPEN on a type that cannot be resolved                                                                                                        @typescript-eslint/no-unsafe-member-access
   715:56  warning  Unsafe argument of type `any` assigned to a parameter of type `GameStateEntity`                                                                                     @typescript-eslint/no-unsafe-argument
   720:15  error    Unsafe assignment of an `any` value                                                                                                                                 @typescript-eslint/no-unsafe-assignment
   720:52  error    Unsafe member access .viewerPlayerId on an `any` value                                                                                                              @typescript-eslint/no-unsafe-member-access
   731:13  error    Unsafe assignment of an `any` value                                                                                                                                 @typescript-eslint/no-unsafe-assignment
   732:18  error    Unsafe member access .outcomesByPlayerId on an `any` value                                                                                                          @typescript-eslint/no-unsafe-member-access
   733:24  error    Unsafe member access .outcomesByPlayerId on an `any` value                                                                                                          @typescript-eslint/no-unsafe-member-access
   734:21  error    Unsafe member access .outcomesByPlayerId on an `any` value                                                                                                          @typescript-eslint/no-unsafe-member-access
   738:39  error    Unsafe member access [String(viewerPlayerId)] on an `any` value                                                                                                     @typescript-eslint/no-unsafe-member-access
   744:9   error    Unsafe assignment of an `any` value                                                                                                                                 @typescript-eslint/no-unsafe-assignment
   756:32  error    Unsafe member access .winnerPlayerId on an `any` value                                                                                                              @typescript-eslint/no-unsafe-member-access
   757:28  error    Unsafe member access .finishedAt on an `any` value                                                                                                                  @typescript-eslint/no-unsafe-member-access
   758:27  error    Unsafe member access .turnIndex on an `any` value                                                                                                                   @typescript-eslint/no-unsafe-member-access
   784:26  error    Unsafe return of a value of type error                                                                                                                              @typescript-eslint/no-unsafe-return
   813:20  error    Unsafe member access .readyState on a type that cannot be resolved                                                                                                  @typescript-eslint/no-unsafe-member-access
   813:45  error    Unsafe member access .OPEN on a type that cannot be resolved                                                                                                        @typescript-eslint/no-unsafe-member-access
   814:11  error    Unsafe call of a type that could not be resolved                                                                                                                    @typescript-eslint/no-unsafe-call
   814:18  error    Unsafe member access .send on a type that cannot be resolved                                                                                                        @typescript-eslint/no-unsafe-member-access
   816:15  error    Unsafe call of a type that could not be resolved                                                                                                                    @typescript-eslint/no-unsafe-call
   816:22  error    Unsafe member access .close on a type that cannot be resolved                                                                                                       @typescript-eslint/no-unsafe-member-access
   822:11  error    Unsafe call of a type that could not be resolved                                                                                                                    @typescript-eslint/no-unsafe-call
   822:18  error    Unsafe member access .close on a type that cannot be resolved                                                                                                       @typescript-eslint/no-unsafe-member-access
   831:16  error    Unsafe member access .readyState on a type that cannot be resolved                                                                                                  @typescript-eslint/no-unsafe-member-access
   831:41  error    Unsafe member access .OPEN on a type that cannot be resolved                                                                                                        @typescript-eslint/no-unsafe-member-access
   836:16  error    Unsafe member access .readyState on a type that cannot be resolved                                                                                                  @typescript-eslint/no-unsafe-member-access
   836:41  error    Unsafe member access .OPEN on a type that cannot be resolved                                                                                                        @typescript-eslint/no-unsafe-member-access
   838:7   error    Unsafe call of a type that could not be resolved                                                                                                                    @typescript-eslint/no-unsafe-call
   838:14  error    Unsafe member access .send on a type that cannot be resolved                                                                                                        @typescript-eslint/no-unsafe-member-access
   842:9   error    Unsafe call of a type that could not be resolved                                                                                                                    @typescript-eslint/no-unsafe-call
   842:16  error    Unsafe member access .close on a type that cannot be resolved                                                                                                       @typescript-eslint/no-unsafe-member-access
   850:16  error    Unsafe member access .readyState on a type that cannot be resolved                                                                                                  @typescript-eslint/no-unsafe-member-access
   850:41  error    Unsafe member access .OPEN on a type that cannot be resolved                                                                                                        @typescript-eslint/no-unsafe-member-access
   853:7   error    Unsafe call of a type that could not be resolved                                                                                                                    @typescript-eslint/no-unsafe-call
   853:14  error    Unsafe member access .send on a type that cannot be resolved                                                                                                        @typescript-eslint/no-unsafe-member-access
   859:9   error    Unsafe call of a type that could not be resolved                                                                                                                    @typescript-eslint/no-unsafe-call
   859:16  error    Unsafe member access .close on a type that cannot be resolved                                                                                                       @typescript-eslint/no-unsafe-member-access
   868:51  error    Unsafe assignment of an `any` value                                                                                                                                 @typescript-eslint/no-unsafe-assignment
   870:54  warning  Unsafe argument of type `any` assigned to a parameter of type `object`                                                                                              @typescript-eslint/no-unsafe-argument
   874:58  error    Unsafe assignment of an `any` value                                                                                                                                 @typescript-eslint/no-unsafe-assignment
   875:39  warning  Unsafe argument of type `any` assigned to a parameter of type `object`                                                                                              @typescript-eslint/no-unsafe-argument
   918:32  error    Unsafe member access [key] on an `any` value                                                                                                                        @typescript-eslint/no-unsafe-member-access
   932:11  error    Unsafe assignment of an `any` value                                                                                                                                 @typescript-eslint/no-unsafe-assignment
   932:47  error    Unsafe member access .turnIndex on an `any` value                                                                                                                   @typescript-eslint/no-unsafe-member-access
   950:51  warning  Unsafe argument of type `any` assigned to a parameter of type `object`                                                                                              @typescript-eslint/no-unsafe-argument
   956:35  warning  Unsafe argument of type `any` assigned to a parameter of type `{}`                                                                                                  @typescript-eslint/no-unsafe-argument
   957:13  error    Unsafe assignment of an `any` value                                                                                                                                 @typescript-eslint/no-unsafe-assignment
   957:29  error    Unsafe member access [key] on an `any` value                                                                                                                        @typescript-eslint/no-unsafe-member-access
   968:36  warning  Unsafe argument of type `any` assigned to a parameter of type `object`                                                                                              @typescript-eslint/no-unsafe-argument
  1036:43  error    Unsafe member access .roomId on an `any` value                                                                                                                      @typescript-eslint/no-unsafe-member-access
  1036:62  error    Unsafe member access .room on an `any` value                                                                                                                        @typescript-eslint/no-unsafe-member-access
  1037:45  error    Unsafe member access .gameType on an `any` value                                                                                                                    @typescript-eslint/no-unsafe-member-access
  1037:66  error    Unsafe member access .game on an `any` value                                                                                                                        @typescript-eslint/no-unsafe-member-access
  1064:51  error    Unsafe member access .url on an `any` value                                                                                                                         @typescript-eslint/no-unsafe-member-access
  1090:11  error    Unsafe assignment of an `any` value                                                                                                                                 @typescript-eslint/no-unsafe-assignment
  1091:44  error    Unsafe member access .upgradeReq on an `any` value                                                                                                                  @typescript-eslint/no-unsafe-member-access
  1091:74  error    Unsafe member access .req on an `any` value                                                                                                                         @typescript-eslint/no-unsafe-member-access
  1092:11  error    Unsafe assignment of an `any` value                                                                                                                                 @typescript-eslint/no-unsafe-assignment
  1092:42  error    Unsafe member access .url on an `any` value                                                                                                                         @typescript-eslint/no-unsafe-member-access
  1092:58  error    Unsafe member access .url on an `any` value                                                                                                                         @typescript-eslint/no-unsafe-member-access

C:\wamp64\www\lemondeDeLila\backend\src\game\engine\services\action-dispatcher.service.ts
  102:11  error  Unsafe assignment of an `any` value               @typescript-eslint/no-unsafe-assignment
  102:46  error  Unsafe member access .gameType on an `any` value  @typescript-eslint/no-unsafe-member-access

C:\wamp64\www\lemondeDeLila\backend\src\game\engine\services\game-catalog-overrides.service.ts
   63:5   error  Unsafe return of a value of type `any`          @typescript-eslint/no-unsafe-return
  128:30  error  Unsafe member access .status on an `any` value  @typescript-eslint/no-unsafe-member-access
  130:23  error  Unsafe member access .status on an `any` value  @typescript-eslint/no-unsafe-member-access
  133:30  error  Unsafe member access .status on an `any` value  @typescript-eslint/no-unsafe-member-access
  135:23  error  Unsafe member access .status on an `any` value  @typescript-eslint/no-unsafe-member-access

C:\wamp64\www\lemondeDeLila\backend\src\game\engine\services\game-categories-fs-mirror.service.ts
  152:19  error  Unsafe assignment of an `any` value                                @typescript-eslint/no-unsafe-assignment
  153:39  error  Unsafe member access .id on an `any` value                         @typescript-eslint/no-unsafe-member-access
  189:9   error  Unsafe assignment of an `any` value                                @typescript-eslint/no-unsafe-assignment
  189:20  error  Unsafe member access .id on an `any` value                         @typescript-eslint/no-unsafe-member-access
  190:9   error  Unsafe assignment of an `any` value                                @typescript-eslint/no-unsafe-assignment
  190:29  error  Unsafe member access .name on an `any` value                       @typescript-eslint/no-unsafe-member-access
  190:58  error  Unsafe member access .id on an `any` value                         @typescript-eslint/no-unsafe-member-access
  191:9   error  Unsafe assignment of an `any` value                                @typescript-eslint/no-unsafe-assignment
  191:26  error  Unsafe member access .parentId on an `any` value                   @typescript-eslint/no-unsafe-member-access
  277:13  error  Unsafe assignment of an `any` value                                @typescript-eslint/no-unsafe-assignment
  278:33  error  Unsafe member access .id on an `any` value                         @typescript-eslint/no-unsafe-member-access
  282:30  error  Unsafe member access .name on an `any` value                       @typescript-eslint/no-unsafe-member-access
  283:9   error  Unsafe assignment of an `any` value                                @typescript-eslint/no-unsafe-assignment
  284:26  error  Unsafe member access .parentId on an `any` value                   @typescript-eslint/no-unsafe-member-access
  284:50  error  Unsafe call of an `any` typed value                                @typescript-eslint/no-unsafe-call
  284:57  error  Unsafe member access .parentId on an `any` value                   @typescript-eslint/no-unsafe-member-access
  285:35  error  Unsafe member access .updatedAt on an `any` value                  @typescript-eslint/no-unsafe-member-access
  297:16  error  Unexpected control character(s) in regular expression: \x00, \x1f  no-control-regex

C:\wamp64\www\lemondeDeLila\backend\src\game\engine\services\game-content-loader.service.ts
   75:25  error  Unsafe member access .version on an `any` value  @typescript-eslint/no-unsafe-member-access
   80:34  error  Unsafe member access .version on an `any` value  @typescript-eslint/no-unsafe-member-access
   89:33  error  Unsafe member access [field] on an `any` value   @typescript-eslint/no-unsafe-member-access
   94:39  error  Unsafe member access [field] on an `any` value   @typescript-eslint/no-unsafe-member-access
   98:35  error  Unsafe member access [field] on an `any` value   @typescript-eslint/no-unsafe-member-access
  104:34  error  Unsafe member access [field] on an `any` value   @typescript-eslint/no-unsafe-member-access
  126:23  error  Unsafe member access [field] on an `any` value   @typescript-eslint/no-unsafe-member-access
  128:78  error  Unsafe member access [field] on an `any` value   @typescript-eslint/no-unsafe-member-access
  132:37  error  Unsafe member access [field] on an `any` value   @typescript-eslint/no-unsafe-member-access
  139:23  error  Unsafe member access [field] on an `any` value   @typescript-eslint/no-unsafe-member-access
  139:51  error  Unsafe member access [field] on an `any` value   @typescript-eslint/no-unsafe-member-access
  144:37  error  Unsafe member access [field] on an `any` value   @typescript-eslint/no-unsafe-member-access
  145:31  error  Unsafe member access [field] on an `any` value   @typescript-eslint/no-unsafe-member-access
  152:23  error  Unsafe member access [field] on an `any` value   @typescript-eslint/no-unsafe-member-access
  152:51  error  Unsafe member access [field] on an `any` value   @typescript-eslint/no-unsafe-member-access
  155:35  error  Unsafe member access [field] on an `any` value   @typescript-eslint/no-unsafe-member-access
  156:29  error  Unsafe member access [field] on an `any` value   @typescript-eslint/no-unsafe-member-access
  195:13  error  Unsafe assignment of an `any` value              @typescript-eslint/no-unsafe-assignment
  201:13  error  Unsafe assignment of an `any` value              @typescript-eslint/no-unsafe-assignment
  205:9   error  Unsafe assignment of an `any` value              @typescript-eslint/no-unsafe-assignment

C:\wamp64\www\lemondeDeLila\backend\src\game\engine\services\game-engine-state.store.ts
  165:5  warning  Promises must be awaited, end with a call to .catch, end with a call to .then with a rejection handler or be explicitly marked as ignored with the `void` operator  @typescript-eslint/no-floating-promises

C:\wamp64\www\lemondeDeLila\backend\src\game\engine\services\game-engine.service.ts
   296:13  error    Unsafe assignment of an `any` value                                                                               @typescript-eslint/no-unsafe-assignment
   296:34  error    Unsafe member access .ui on an `any` value                                                                        @typescript-eslint/no-unsafe-member-access
   297:13  error    Unsafe assignment of an `any` value                                                                               @typescript-eslint/no-unsafe-assignment
   297:56  error    Unsafe member access .panels on an `any` value                                                                    @typescript-eslint/no-unsafe-member-access
   298:13  error    Unsafe assignment of an `any` value                                                                               @typescript-eslint/no-unsafe-assignment
   299:55  error    Unsafe member access [panelId] on an `any` value                                                                  @typescript-eslint/no-unsafe-member-access
   301:60  error    Unsafe member access .message on an `any` value                                                                   @typescript-eslint/no-unsafe-member-access
   302:26  error    Unsafe member access .message on an `any` value                                                                   @typescript-eslint/no-unsafe-member-access
   324:17  error    Unsafe assignment of an `any` value                                                                               @typescript-eslint/no-unsafe-assignment
   324:57  error    Unsafe member access .players on an `any` value                                                                   @typescript-eslint/no-unsafe-member-access
   325:30  error    Unsafe member access .players on an `any` value                                                                   @typescript-eslint/no-unsafe-member-access
   330:19  error    Unsafe call of an `any` typed value                                                                               @typescript-eslint/no-unsafe-call
   330:27  error    Unsafe member access .find on an `any` value                                                                      @typescript-eslint/no-unsafe-member-access
   330:54  error    Unsafe member access .id on an `any` value                                                                        @typescript-eslint/no-unsafe-member-access
   331:23  error    Unsafe member access .username on an `any` value                                                                  @typescript-eslint/no-unsafe-member-access
   366:5   error    '_userId' is defined but never used                                                                               @typescript-eslint/no-unused-vars
   403:11  error    Unsafe assignment of an `any` value                                                                               @typescript-eslint/no-unsafe-assignment
   403:40  error    Unsafe member access .actions on an `any` value                                                                   @typescript-eslint/no-unsafe-member-access
   408:11  error    Unsafe return of a value of type `any`                                                                            @typescript-eslint/no-unsafe-return
   408:21  error    Unsafe member access .type on an `any` value                                                                      @typescript-eslint/no-unsafe-member-access
   408:41  error    Unsafe call of an `any` typed value                                                                               @typescript-eslint/no-unsafe-call
   408:41  error    Unsafe call of an `any` typed value                                                                               @typescript-eslint/no-unsafe-call
   408:43  error    Unsafe member access .type on an `any` value                                                                      @typescript-eslint/no-unsafe-member-access
   408:55  error    Unsafe member access .toLowerCase on an `any` value                                                               @typescript-eslint/no-unsafe-member-access
   414:49  error    Unsafe member access .type on an `any` value                                                                      @typescript-eslint/no-unsafe-member-access
   429:13  error    Unsafe assignment of an `any` value                                                                               @typescript-eslint/no-unsafe-assignment
   429:41  error    Unsafe member access .key on an `any` value                                                                       @typescript-eslint/no-unsafe-member-access
   429:71  error    Unsafe member access .key on an `any` value                                                                       @typescript-eslint/no-unsafe-member-access
   430:13  error    Unsafe assignment of an `any` value                                                                               @typescript-eslint/no-unsafe-assignment
   431:28  error    Unsafe member access .type on an `any` value                                                                      @typescript-eslint/no-unsafe-member-access
   431:59  error    Unsafe member access .type on an `any` value                                                                      @typescript-eslint/no-unsafe-member-access
   432:65  error    Unsafe member access .id on an `any` value                                                                        @typescript-eslint/no-unsafe-member-access
   434:50  error    Unsafe member access .actionType on an `any` value                                                                @typescript-eslint/no-unsafe-member-access
   471:37  error    Unsafe member access .roomStartedAt on an `any` value                                                             @typescript-eslint/no-unsafe-member-access
   478:13  error    Unsafe assignment of an `any` value                                                                               @typescript-eslint/no-unsafe-assignment
   481:49  warning  Unsafe argument of type `any` assigned to a parameter of type `GameStateWithActions`                              @typescript-eslint/no-unsafe-argument
   483:24  error    Unsafe member access .status on an `any` value                                                                    @typescript-eslint/no-unsafe-member-access
   486:46  warning  Unsafe argument of type `any` assigned to a parameter of type `GameStateEntity | null | undefined`                @typescript-eslint/no-unsafe-argument
   487:66  warning  Unsafe argument of type `any` assigned to a parameter of type `GameStateEntity`                                   @typescript-eslint/no-unsafe-argument
   548:13  error    Unsafe assignment of an `any` value                                                                               @typescript-eslint/no-unsafe-assignment
   548:58  error    Unsafe member access .roomRunId on an `any` value                                                                 @typescript-eslint/no-unsafe-member-access
   549:13  error    Unsafe assignment of an `any` value                                                                               @typescript-eslint/no-unsafe-assignment
   549:52  error    Unsafe member access .runId on an `any` value                                                                     @typescript-eslint/no-unsafe-member-access
   623:13  error    Unsafe assignment of an `any` value                                                                               @typescript-eslint/no-unsafe-assignment
   623:31  error    Unsafe member access .isBot on an `any` value                                                                     @typescript-eslint/no-unsafe-member-access
   685:9   warning  Unsafe argument of type `any` assigned to a parameter of type `GameStateWithActions`                              @typescript-eslint/no-unsafe-argument
   816:32  error    Unsafe member access .type on an `any` value                                                                      @typescript-eslint/no-unsafe-member-access
   826:30  error    Unsafe member access .type on an `any` value                                                                      @typescript-eslint/no-unsafe-member-access
   927:18  error    Unexpected `await` of a non-Promise (non-"Thenable") value                                                        @typescript-eslint/await-thenable
   956:13  error    Unsafe assignment of an `any` value                                                                               @typescript-eslint/no-unsafe-assignment
   956:37  error    Unsafe member access .metadata on an `any` value                                                                  @typescript-eslint/no-unsafe-member-access
   957:13  error    Unsafe assignment of an `any` value                                                                               @typescript-eslint/no-unsafe-assignment
  1039:11  error    Unsafe assignment of an `any` value                                                                               @typescript-eslint/no-unsafe-assignment
  1039:34  error    Unsafe member access .metadata on an `any` value                                                                  @typescript-eslint/no-unsafe-member-access
  1042:11  error    Unsafe assignment of an `any` value                                                                               @typescript-eslint/no-unsafe-assignment
  1042:28  error    Unsafe member access .winnerId on an `any` value                                                                  @typescript-eslint/no-unsafe-member-access
  1050:13  error    Unsafe assignment of an `any` value                                                                               @typescript-eslint/no-unsafe-assignment
  1050:28  error    Unsafe member access [key] on an `any` value                                                                      @typescript-eslint/no-unsafe-member-access
  1057:11  error    Unsafe assignment of an `any` value                                                                               @typescript-eslint/no-unsafe-assignment
  1066:23  error    'username ?? ''' will use Object's default stringification format ('[object Object]') when stringified            @typescript-eslint/no-base-to-string
  1118:11  error    Unsafe assignment of an `any` value                                                                               @typescript-eslint/no-unsafe-assignment
  1118:34  error    Unsafe member access .metadata on an `any` value                                                                  @typescript-eslint/no-unsafe-member-access
  1126:11  error    Unsafe assignment of an `any` value                                                                               @typescript-eslint/no-unsafe-assignment
  1126:30  error    Unsafe member access .finishedAt on an `any` value                                                                @typescript-eslint/no-unsafe-member-access
  1132:11  error    Unsafe assignment of an `any` value                                                                               @typescript-eslint/no-unsafe-assignment
  1132:28  error    Unsafe member access .outcomesByPlayerId on an `any` value                                                        @typescript-eslint/no-unsafe-member-access
  1136:19  warning  Unsafe argument of type `any` assigned to a parameter of type `{}`                                                @typescript-eslint/no-unsafe-argument
  1144:13  error    Unsafe assignment of an `any` value                                                                               @typescript-eslint/no-unsafe-assignment
  1144:26  error    Unsafe member access [key] on an `any` value                                                                      @typescript-eslint/no-unsafe-member-access
  1152:13  error    Unsafe assignment of an `any` value                                                                               @typescript-eslint/no-unsafe-assignment
  1157:15  error    Unsafe assignment of an `any` value                                                                               @typescript-eslint/no-unsafe-assignment
  1169:11  error    Unsafe assignment of an `any` value                                                                               @typescript-eslint/no-unsafe-assignment
  1169:51  error    Unsafe member access .players on an `any` value                                                                   @typescript-eslint/no-unsafe-member-access
  1170:24  error    Unsafe member access .players on an `any` value                                                                   @typescript-eslint/no-unsafe-member-access
  1172:11  error    Unsafe assignment of an `any` value                                                                               @typescript-eslint/no-unsafe-assignment
  1172:20  error    Unsafe call of an `any` typed value                                                                               @typescript-eslint/no-unsafe-call
  1172:28  error    Unsafe member access .filter on an `any` value                                                                    @typescript-eslint/no-unsafe-member-access
  1173:19  error    Unsafe return of a value of type `any`                                                                            @typescript-eslint/no-unsafe-return
  1173:33  error    Unsafe member access .id on an `any` value                                                                        @typescript-eslint/no-unsafe-member-access
  1173:55  error    Unsafe member access .isBot on an `any` value                                                                     @typescript-eslint/no-unsafe-member-access
  1176:11  error    Unsafe assignment of an `any` value                                                                               @typescript-eslint/no-unsafe-assignment
  1176:34  error    Unsafe member access .metadata on an `any` value                                                                  @typescript-eslint/no-unsafe-member-access
  1177:11  error    Unsafe assignment of an `any` value                                                                               @typescript-eslint/no-unsafe-assignment
  1198:9   warning  Unsafe argument of type `any` assigned to a parameter of type `Iterable<readonly [PropertyKey, "won" | "lost"]>`  @typescript-eslint/no-unsafe-argument
  1198:9   error    Unsafe call of an `any` typed value                                                                               @typescript-eslint/no-unsafe-call
  1198:16  error    Unsafe member access .map on an `any` value                                                                       @typescript-eslint/no-unsafe-member-access
  1199:20  error    Unsafe member access .id on an `any` value                                                                        @typescript-eslint/no-unsafe-member-access
  1200:13  error    Unsafe member access .id on an `any` value                                                                        @typescript-eslint/no-unsafe-member-access
  1218:11  error    Unsafe assignment of an `any` value                                                                               @typescript-eslint/no-unsafe-assignment
  1218:51  error    Unsafe member access .players on an `any` value                                                                   @typescript-eslint/no-unsafe-member-access
  1219:24  error    Unsafe member access .players on an `any` value                                                                   @typescript-eslint/no-unsafe-member-access
  1224:13  error    Unsafe assignment of an `any` value                                                                               @typescript-eslint/no-unsafe-assignment
  1225:19  error    Unsafe member access .id on an `any` value                                                                        @typescript-eslint/no-unsafe-member-access
  1225:56  error    Unsafe member access .id on an `any` value                                                                        @typescript-eslint/no-unsafe-member-access
  1225:64  error    Unsafe member access .id on an `any` value                                                                        @typescript-eslint/no-unsafe-member-access
  1229:34  error    Unsafe member access .username on an `any` value                                                                  @typescript-eslint/no-unsafe-member-access
  1255:11  error    Unsafe assignment of an `any` value                                                                               @typescript-eslint/no-unsafe-assignment
  1255:46  error    Unsafe member access .finishedAt on an `any` value                                                                @typescript-eslint/no-unsafe-member-access
  1283:13  error    Unsafe assignment of an `any` value                                                                               @typescript-eslint/no-unsafe-assignment
  1283:24  error    Unsafe member access [key] on an `any` value                                                                      @typescript-eslint/no-unsafe-member-access
  1305:11  error    Unsafe assignment of an `any` value                                                                               @typescript-eslint/no-unsafe-assignment
  1305:22  error    Unsafe member access .outcomesByPlayerId on an `any` value                                                        @typescript-eslint/no-unsafe-member-access
  1312:33  error    'value ?? ''' will use Object's default stringification format ('[object Object]') when stringified               @typescript-eslint/no-base-to-string
  1460:39  error    Unsafe member access .id on an `any` value                                                                        @typescript-eslint/no-unsafe-member-access
  1462:67  error    Unsafe member access .username on an `any` value                                                                  @typescript-eslint/no-unsafe-member-access
  1468:58  error    Unsafe member access .name on an `any` value                                                                      @typescript-eslint/no-unsafe-member-access
  1477:38  error    Unsafe member access .id on an `any` value                                                                        @typescript-eslint/no-unsafe-member-access
  1485:38  error    Unsafe member access .isBot on an `any` value                                                                     @typescript-eslint/no-unsafe-member-access
  1486:64  error    Unsafe member access .username on an `any` value                                                                  @typescript-eslint/no-unsafe-member-access
  1499:39  error    Unsafe member access .id on an `any` value                                                                        @typescript-eslint/no-unsafe-member-access
  1503:35  error    Unsafe member access .isBot on an `any` value                                                                     @typescript-eslint/no-unsafe-member-access
  1509:54  error    Unsafe member access .username on an `any` value                                                                  @typescript-eslint/no-unsafe-member-access
  1512:13  error    Unsafe return of a value of type `any`                                                                            @typescript-eslint/no-unsafe-return
  1521:11  error    Unsafe return of a value of type `any`                                                                            @typescript-eslint/no-unsafe-return
  1529:30  error    Unsafe member access .id on an `any` value                                                                        @typescript-eslint/no-unsafe-member-access
  1531:26  error    Unsafe member access .isBot on an `any` value                                                                     @typescript-eslint/no-unsafe-member-access
  1532:54  error    Unsafe member access .username on an `any` value                                                                  @typescript-eslint/no-unsafe-member-access
  1549:37  error    Unsafe member access .id on an `any` value                                                                        @typescript-eslint/no-unsafe-member-access
  1560:15  error    Unsafe assignment of an `any` value                                                                               @typescript-eslint/no-unsafe-assignment
  1561:39  error    Unsafe member access .id on an `any` value                                                                        @typescript-eslint/no-unsafe-member-access
  1561:61  error    Unsafe member access .id on an `any` value                                                                        @typescript-eslint/no-unsafe-member-access
  1568:15  error    Unsafe assignment of an `any` value                                                                               @typescript-eslint/no-unsafe-assignment
  1574:13  error    Unsafe assignment of an `any` value                                                                               @typescript-eslint/no-unsafe-assignment
  1574:55  error    Unsafe member access .playerId on an `any` value                                                                  @typescript-eslint/no-unsafe-member-access
  1578:37  error    Unsafe member access .id on an `any` value                                                                        @typescript-eslint/no-unsafe-member-access
  1583:11  error    Unsafe assignment of an `any` value                                                                               @typescript-eslint/no-unsafe-assignment
  1668:11  error    Unsafe assignment of an `any` value                                                                               @typescript-eslint/no-unsafe-assignment
  1669:11  error    Unsafe assignment of an `any` value                                                                               @typescript-eslint/no-unsafe-assignment
  1669:41  error    Unsafe member access .playerId on an `any` value                                                                  @typescript-eslint/no-unsafe-member-access
  1683:20  error    Unsafe member access .blocking on an `any` value                                                                  @typescript-eslint/no-unsafe-member-access
  1704:11  error    Unsafe assignment of an `any` value                                                                               @typescript-eslint/no-unsafe-assignment
  1706:7   error    Unsafe assignment of an `any` value                                                                               @typescript-eslint/no-unsafe-assignment
  1706:22  error    Unsafe member access .type on an `any` value                                                                      @typescript-eslint/no-unsafe-member-access
  1706:44  error    Unsafe member access .type on an `any` value                                                                      @typescript-eslint/no-unsafe-member-access
  1707:7   error    Unsafe assignment of an `any` value                                                                               @typescript-eslint/no-unsafe-assignment
  1707:22  error    Unsafe member access .step on an `any` value                                                                      @typescript-eslint/no-unsafe-member-access
  1707:44  error    Unsafe member access .step on an `any` value                                                                      @typescript-eslint/no-unsafe-member-access
  1708:7   error    Unsafe assignment of an `any` value                                                                               @typescript-eslint/no-unsafe-assignment
  1708:26  error    Unsafe member access .playerId on an `any` value                                                                  @typescript-eslint/no-unsafe-member-access
  1708:52  error    Unsafe member access .playerId on an `any` value                                                                  @typescript-eslint/no-unsafe-member-access
  1709:7   error    Unsafe assignment of an `any` value                                                                               @typescript-eslint/no-unsafe-assignment
  1710:18  error    Unsafe member access .initiatorPlayerId on an `any` value                                                         @typescript-eslint/no-unsafe-member-access
  1710:53  error    Unsafe member access .initiatorPlayerId on an `any` value                                                         @typescript-eslint/no-unsafe-member-access
  1711:7   error    Unsafe assignment of an `any` value                                                                               @typescript-eslint/no-unsafe-assignment
  1712:18  error    Unsafe member access .targetPlayerId on an `any` value                                                            @typescript-eslint/no-unsafe-member-access
  1712:50  error    Unsafe member access .targetPlayerId on an `any` value                                                            @typescript-eslint/no-unsafe-member-access
  1748:13  error    Unsafe assignment of an `any` value                                                                               @typescript-eslint/no-unsafe-assignment
  1749:21  error    Unsafe member access .ownerPlayerId on an `any` value                                                             @typescript-eslint/no-unsafe-member-access
  1750:18  error    Unsafe member access .ownerPlayerId on an `any` value                                                             @typescript-eslint/no-unsafe-member-access
  1759:13  error    Unsafe assignment of an `any` value                                                                               @typescript-eslint/no-unsafe-assignment
  1764:20  error    Unexpected `await` of a non-Promise (non-"Thenable") value                                                        @typescript-eslint/await-thenable
  1811:23  error    Unsafe member access .step on an `any` value                                                                      @typescript-eslint/no-unsafe-member-access
  1812:15  error    Unsafe assignment of an `any` value                                                                               @typescript-eslint/no-unsafe-assignment
  1813:23  error    Unsafe member access .roundPauseUntilMs on an `any` value                                                         @typescript-eslint/no-unsafe-member-access
  1814:20  error    Unsafe member access .roundPauseUntilMs on an `any` value                                                         @typescript-eslint/no-unsafe-member-access
  1833:35  error    Unsafe member access .step on an `any` value                                                                      @typescript-eslint/no-unsafe-member-access
  1835:33  error    Unsafe member access .roundPauseUntilMs on an `any` value                                                         @typescript-eslint/no-unsafe-member-access
  1837:26  error    Unsafe member access .roundPauseUntilMs on an `any` value                                                         @typescript-eslint/no-unsafe-member-access
  1860:38  error    Unsafe member access .config on an `any` value                                                                    @typescript-eslint/no-unsafe-member-access
  1861:13  error    Unsafe assignment of an `any` value                                                                               @typescript-eslint/no-unsafe-assignment
  1862:21  error    Unsafe member access .quizDeadlineAtMs on an `any` value                                                          @typescript-eslint/no-unsafe-member-access
  1863:18  error    Unsafe member access .quizDeadlineAtMs on an `any` value                                                          @typescript-eslint/no-unsafe-member-access
  1865:13  error    Unsafe assignment of an `any` value                                                                               @typescript-eslint/no-unsafe-assignment
  1866:22  error    Unsafe member access .currentQuestion on an `any` value                                                           @typescript-eslint/no-unsafe-member-access
  1867:18  error    Unsafe member access .currentQuestion on an `any` value                                                           @typescript-eslint/no-unsafe-member-access
  1869:13  error    Unsafe assignment of an `any` value                                                                               @typescript-eslint/no-unsafe-assignment
  1870:22  error    Unsafe member access .interQuestionUntilMs on an `any` value                                                      @typescript-eslint/no-unsafe-member-access
  1871:18  error    Unsafe member access .interQuestionUntilMs on an `any` value                                                      @typescript-eslint/no-unsafe-member-access
  1889:36  error    Unsafe member access .currentQuestion on an `any` value                                                           @typescript-eslint/no-unsafe-member-access
  1890:36  error    Unsafe member access .interQuestionUntilMs on an `any` value                                                      @typescript-eslint/no-unsafe-member-access
  1891:28  error    Unsafe member access .interQuestionUntilMs on an `any` value                                                      @typescript-eslint/no-unsafe-member-access
  1913:30  error    Unsafe member access .config on an `any` value                                                                    @typescript-eslint/no-unsafe-member-access
  1914:36  error    Unsafe member access .currentQuestion on an `any` value                                                           @typescript-eslint/no-unsafe-member-access
  1915:28  error    Unsafe member access .currentQuestion on an `any` value                                                           @typescript-eslint/no-unsafe-member-access
  1917:33  error    Unsafe member access .quizDeadlineAtMs on an `any` value                                                          @typescript-eslint/no-unsafe-member-access
  1918:26  error    Unsafe member access .quizDeadlineAtMs on an `any` value                                                          @typescript-eslint/no-unsafe-member-access
  1952:34  error    Unsafe member access .botImmediateStartPending on an `any` value                                                  @typescript-eslint/no-unsafe-member-access
  1953:11  error    Unsafe assignment of an `any` value                                                                               @typescript-eslint/no-unsafe-assignment
  1955:23  error    Unsafe member access .type on an `any` value                                                                      @typescript-eslint/no-unsafe-member-access
  1956:26  error    Unsafe member access .type on an `any` value                                                                      @typescript-eslint/no-unsafe-member-access
  1958:11  error    Unsafe assignment of an `any` value                                                                               @typescript-eslint/no-unsafe-assignment
  1958:41  error    Unsafe member access .playerId on an `any` value                                                                  @typescript-eslint/no-unsafe-member-access
  1970:53  error    Unsafe member access .type on an `any` value                                                                      @typescript-eslint/no-unsafe-member-access
  1972:37  error    Unsafe member access .config on an `any` value                                                                    @typescript-eslint/no-unsafe-member-access
  1973:23  error    Unsafe member access .config on an `any` value                                                                    @typescript-eslint/no-unsafe-member-access
  1993:11  error    Unsafe assignment of an `any` value                                                                               @typescript-eslint/no-unsafe-assignment
  2133:3   error    Async method 'buildInitialState' has no 'await' expression                                                        @typescript-eslint/require-await
  2189:11  error    Unsafe assignment of an `any` value                                                                               @typescript-eslint/no-unsafe-assignment
  2190:11  error    Unsafe assignment of an `any` value                                                                               @typescript-eslint/no-unsafe-assignment
  2191:23  error    Unsafe member access .playerId on an `any` value                                                                  @typescript-eslint/no-unsafe-member-access
  2191:55  error    Unsafe member access .playerId on an `any` value                                                                  @typescript-eslint/no-unsafe-member-access
  2192:38  error    Unsafe member access .blocking on an `any` value                                                                  @typescript-eslint/no-unsafe-member-access
  2198:34  error    Unsafe member access .starterChosenAfterPawnSelection on an `any` value                                           @typescript-eslint/no-unsafe-member-access
  2247:56  error    Unsafe member access .type on an `any` value                                                                      @typescript-eslint/no-unsafe-member-access
  2256:21  error    Unsafe member access .message on an `any` value                                                                   @typescript-eslint/no-unsafe-member-access
  2284:11  error    Unsafe assignment of an `any` value                                                                               @typescript-eslint/no-unsafe-assignment
  2284:52  error    Unsafe member access .finishedAt on an `any` value                                                                @typescript-eslint/no-unsafe-member-access
  2300:3   error    Async method 'scheduleFinishedRoomReset' has no 'await' expression                                                @typescript-eslint/require-await
  2319:33  error    Unsafe member access .finishedAt on an `any` value                                                                @typescript-eslint/no-unsafe-member-access
  2338:42  error    Unsafe member access .finishedAt on an `any` value                                                                @typescript-eslint/no-unsafe-member-access
  2422:11  error    Unsafe assignment of an `any` value                                                                               @typescript-eslint/no-unsafe-assignment
  2424:16  error    Unsafe member access .botThinkingSince on an `any` value                                                          @typescript-eslint/no-unsafe-member-access
  2425:14  error    Unsafe member access .botThinkingSince on an `any` value                                                          @typescript-eslint/no-unsafe-member-access
  2465:11  error    Unsafe assignment of an `any` value                                                                               @typescript-eslint/no-unsafe-assignment
  2466:11  error    Unsafe assignment of an `any` value                                                                               @typescript-eslint/no-unsafe-assignment
  2466:30  error    Unsafe member access .gameType on an `any` value                                                                  @typescript-eslint/no-unsafe-member-access
  2467:11  error    Unsafe assignment of an `any` value                                                                               @typescript-eslint/no-unsafe-assignment
  2467:28  error    Unsafe member access .roomId on an `any` value                                                                    @typescript-eslint/no-unsafe-member-access
  2490:13  error    Unsafe assignment of an `any` value                                                                               @typescript-eslint/no-unsafe-assignment
  2491:13  error    Unsafe assignment of an `any` value                                                                               @typescript-eslint/no-unsafe-assignment
  2501:11  error    Unsafe assignment of an `any` value                                                                               @typescript-eslint/no-unsafe-assignment
  2501:23  error    Unsafe call of an `any` typed value                                                                               @typescript-eslint/no-unsafe-call
  2501:37  error    Unsafe member access .map on an `any` value                                                                       @typescript-eslint/no-unsafe-member-access
  2501:65  warning  Unsafe argument of type `any` assigned to a parameter of type `ValidatedGameActionDto`                            @typescript-eslint/no-unsafe-argument
  2510:23  error    Unsafe member access .type on an `any` value                                                                      @typescript-eslint/no-unsafe-member-access
  2518:13  error    Unsafe assignment of an `any` value                                                                               @typescript-eslint/no-unsafe-assignment
  2519:13  error    Unsafe assignment of an `any` value                                                                               @typescript-eslint/no-unsafe-assignment
  2531:13  error    Unsafe assignment of an `any` value                                                                               @typescript-eslint/no-unsafe-assignment
  2531:20  error    Unsafe call of an `any` typed value                                                                               @typescript-eslint/no-unsafe-call
  2531:27  error    Unsafe member access .type on an `any` value                                                                      @typescript-eslint/no-unsafe-member-access
  2533:16  error    Unsafe member access .length on an `any` value                                                                    @typescript-eslint/no-unsafe-member-access
  2537:45  warning  Unsafe argument of type `any` assigned to a parameter of type `string`                                            @typescript-eslint/no-unsafe-argument
  2540:13  warning  Unsafe argument of type `any` assigned to a parameter of type `string`                                            @typescript-eslint/no-unsafe-argument
  2541:13  warning  Unsafe argument of type `any` assigned to a parameter of type `GameSingleActionDto`                               @typescript-eslint/no-unsafe-argument
  2554:13  error    Unsafe assignment of an `any` value                                                                               @typescript-eslint/no-unsafe-assignment
  2554:30  error    Unsafe member access .payload on an `any` value                                                                   @typescript-eslint/no-unsafe-member-access
  2577:11  error    Unsafe assignment of an `any` value                                                                               @typescript-eslint/no-unsafe-assignment
  2577:58  error    Unsafe assignment of an `any` value                                                                               @typescript-eslint/no-unsafe-assignment
  2593:16  error    Unsafe assignment of an `any` value                                                                               @typescript-eslint/no-unsafe-assignment
  2595:15  error    Unsafe assignment of an `any` value                                                                               @typescript-eslint/no-unsafe-assignment
  2596:15  error    Unsafe assignment of an `any` value                                                                               @typescript-eslint/no-unsafe-assignment
  2598:25  error    Unsafe assignment of an `any` value                                                                               @typescript-eslint/no-unsafe-assignment
  2679:11  error    Unsafe assignment of an `any` value                                                                               @typescript-eslint/no-unsafe-assignment
  2680:20  error    Unsafe member access .grid on an `any` value                                                                      @typescript-eslint/no-unsafe-member-access
  2681:25  error    Unsafe member access .grid on an `any` value                                                                      @typescript-eslint/no-unsafe-member-access
  2688:7   error    Unsafe assignment of an `any` value                                                                               @typescript-eslint/no-unsafe-assignment
  2690:13  error    Unsafe member access .board on an `any` value                                                                     @typescript-eslint/no-unsafe-member-access
  2691:18  error    Unsafe member access .board on an `any` value                                                                     @typescript-eslint/no-unsafe-member-access
  2765:13  error    Unsafe assignment of an `any` value                                                                               @typescript-eslint/no-unsafe-assignment
  2765:44  error    Unsafe member access .tiles on an `any` value                                                                     @typescript-eslint/no-unsafe-member-access
  2765:62  error    Unsafe member access .tiles on an `any` value                                                                     @typescript-eslint/no-unsafe-member-access
  2766:13  error    Unsafe assignment of an `any` value                                                                               @typescript-eslint/no-unsafe-assignment
  2767:18  error    Unsafe member access .positions on an `any` value                                                                 @typescript-eslint/no-unsafe-member-access
  2768:25  error    Unsafe member access .positions on an `any` value                                                                 @typescript-eslint/no-unsafe-member-access
  2769:33  error    Unsafe member access .positions on an `any` value                                                                 @typescript-eslint/no-unsafe-member-access
  2770:22  error    Unsafe member access .positions on an `any` value                                                                 @typescript-eslint/no-unsafe-member-access
  2772:13  error    Unsafe assignment of an `any` value                                                                               @typescript-eslint/no-unsafe-assignment
  2773:18  error    Unsafe member access .positions on an `any` value                                                                 @typescript-eslint/no-unsafe-member-access
  2774:25  error    Unsafe member access .positions on an `any` value                                                                 @typescript-eslint/no-unsafe-member-access
  2775:33  error    Unsafe member access .positions on an `any` value                                                                 @typescript-eslint/no-unsafe-member-access
  2776:22  error    Unsafe member access .positions on an `any` value                                                                 @typescript-eslint/no-unsafe-member-access
  2779:17  error    Unsafe member access .length on an `any` value                                                                    @typescript-eslint/no-unsafe-member-access
  2786:11  error    Unsafe assignment of an `any` value                                                                               @typescript-eslint/no-unsafe-assignment
  2786:18  error    Unsafe member access .id on an `any` value                                                                        @typescript-eslint/no-unsafe-member-access
  2787:31  error    Unsafe member access .username on an `any` value                                                                  @typescript-eslint/no-unsafe-member-access
  2789:38  error    Unsafe member access .id on an `any` value                                                                        @typescript-eslint/no-unsafe-member-access
  2789:75  error    Unsafe member access .id on an `any` value                                                                        @typescript-eslint/no-unsafe-member-access
  2791:17  error    Unsafe assignment of an `any` value                                                                               @typescript-eslint/no-unsafe-assignment
  2791:41  error    Unsafe member access [String(p.id)] on an `any` value                                                             @typescript-eslint/no-unsafe-member-access
  2791:50  error    Unsafe member access .id on an `any` value                                                                        @typescript-eslint/no-unsafe-member-access
  2792:17  error    Unsafe assignment of an `any` value                                                                               @typescript-eslint/no-unsafe-assignment
  2792:41  error    Unsafe member access [String(p.id)] on an `any` value                                                             @typescript-eslint/no-unsafe-member-access
  2792:50  error    Unsafe member access .id on an `any` value                                                                        @typescript-eslint/no-unsafe-member-access
  2798:19  error    Unsafe member access .id on an `any` value                                                                        @typescript-eslint/no-unsafe-member-access
  2799:13  error    Unsafe assignment of an `any` value                                                                               @typescript-eslint/no-unsafe-assignment
  2799:25  error    Unsafe member access .username on an `any` value                                                                  @typescript-eslint/no-unsafe-member-access
  2806:15  error    Unsafe member access .nextPos on an `any` value                                                                   @typescript-eslint/no-unsafe-member-access
  2806:36  error    Unsafe member access .prevPos on an `any` value                                                                   @typescript-eslint/no-unsafe-member-access
  2806:57  error    Unsafe member access .nextPos on an `any` value                                                                   @typescript-eslint/no-unsafe-member-access
  2806:71  error    Unsafe member access .prevPos on an `any` value                                                                   @typescript-eslint/no-unsafe-member-access
  2808:38  error    Unsafe member access .id on an `any` value                                                                        @typescript-eslint/no-unsafe-member-access
  2808:57  error    Unsafe member access .id on an `any` value                                                                        @typescript-eslint/no-unsafe-member-access
  2817:37  error    Unsafe member access .length on an `any` value                                                                    @typescript-eslint/no-unsafe-member-access
  2821:15  error    Unsafe assignment of an `any` value                                                                               @typescript-eslint/no-unsafe-assignment
  2821:33  error    Unsafe member access [idx] on an `any` value                                                                      @typescript-eslint/no-unsafe-member-access
  2822:38  error    Unsafe member access .label on an `any` value                                                                     @typescript-eslint/no-unsafe-member-access
  2823:38  error    Unsafe member access .title on an `any` value                                                                     @typescript-eslint/no-unsafe-member-access
  2823:52  error    Unsafe member access .name on an `any` value                                                                      @typescript-eslint/no-unsafe-member-access
  2824:44  error    Unsafe member access .description on an `any` value                                                               @typescript-eslint/no-unsafe-member-access
  2830:15  error    Unsafe assignment of an `any` value                                                                               @typescript-eslint/no-unsafe-assignment
  2837:19  error    Unsafe assignment of an `any` value                                                                               @typescript-eslint/no-unsafe-assignment
  2837:42  error    Unsafe member access .message on an `any` value                                                                   @typescript-eslint/no-unsafe-member-access
  2885:13  error    Unsafe assignment of an `any` value                                                                               @typescript-eslint/no-unsafe-assignment
  2886:15  error    Unsafe member access .turnFlow on an `any` value                                                                  @typescript-eslint/no-unsafe-member-access
  2886:39  error    Unsafe member access .turnFlow on an `any` value                                                                  @typescript-eslint/no-unsafe-member-access
  2887:18  error    Unsafe member access .turnFlow on an `any` value                                                                  @typescript-eslint/no-unsafe-member-access
  2889:13  error    Unsafe assignment of an `any` value                                                                               @typescript-eslint/no-unsafe-assignment
  2889:36  error    Unsafe member access .skipped on an `any` value                                                                   @typescript-eslint/no-unsafe-member-access
  2897:15  error    Unsafe assignment of an `any` value                                                                               @typescript-eslint/no-unsafe-assignment
  2897:34  error    Unsafe member access .id on an `any` value                                                                        @typescript-eslint/no-unsafe-member-access
  2897:58  error    Unsafe member access .id on an `any` value                                                                        @typescript-eslint/no-unsafe-member-access
  2899:15  error    Unsafe assignment of an `any` value                                                                               @typescript-eslint/no-unsafe-assignment
  2900:25  error    Unsafe member access .remainingAfter on an `any` value                                                            @typescript-eslint/no-unsafe-member-access
  2900:61  error    Unsafe member access .remainingAfter on an `any` value                                                            @typescript-eslint/no-unsafe-member-access
  2901:57  error    Unsafe member access .id on an `any` value                                                                        @typescript-eslint/no-unsafe-member-access
  2908:13  error    Unsafe assignment of an `any` value                                                                               @typescript-eslint/no-unsafe-assignment
  2913:11  error    Unsafe assignment of an `any` value                                                                               @typescript-eslint/no-unsafe-assignment
  2929:25  error    Unsafe member access .viewerPlayerId on an `any` value                                                            @typescript-eslint/no-unsafe-member-access
  2963:11  error    Unsafe assignment of an `any` value                                                                               @typescript-eslint/no-unsafe-assignment
  2963:46  error    Unsafe member access .ui on an `any` value                                                                        @typescript-eslint/no-unsafe-member-access
  2971:11  error    Unsafe assignment of an `any` value                                                                               @typescript-eslint/no-unsafe-assignment
  2971:46  error    Unsafe member access .panels on an `any` value                                                                    @typescript-eslint/no-unsafe-member-access
  2980:11  error    Unsafe assignment of an `any` value                                                                               @typescript-eslint/no-unsafe-assignment
  2984:33  error    Unsafe member access .message on an `any` value                                                                   @typescript-eslint/no-unsafe-member-access
  2997:20  error    Unsafe member access .panels on an `any` value                                                                    @typescript-eslint/no-unsafe-member-access
  3011:11  error    Unsafe assignment of an `any` value                                                                               @typescript-eslint/no-unsafe-assignment
  3011:40  error    Unsafe member access .ui on an `any` value                                                                        @typescript-eslint/no-unsafe-member-access
  3017:11  error    Unsafe assignment of an `any` value                                                                               @typescript-eslint/no-unsafe-assignment
  3017:40  error    Unsafe member access .panels on an `any` value                                                                    @typescript-eslint/no-unsafe-member-access
  3025:11  error    Unsafe assignment of an `any` value                                                                               @typescript-eslint/no-unsafe-assignment
  3025:47  error    Unsafe member access .currentPlayerView on an `any` value                                                         @typescript-eslint/no-unsafe-member-access
  3031:13  error    Unsafe assignment of an `any` value                                                                               @typescript-eslint/no-unsafe-assignment
  3033:31  error    Unsafe member access .message on an `any` value                                                                   @typescript-eslint/no-unsafe-member-access
  3059:24  error    'text ?? ''' will use Object's default stringification format ('[object Object]') when stringified                @typescript-eslint/no-base-to-string
  3076:61  error    Unsafe member access .shoppingList on an `any` value                                                              @typescript-eslint/no-unsafe-member-access
  3081:54  error    Unsafe member access .basket on an `any` value                                                                    @typescript-eslint/no-unsafe-member-access
  3086:58  error    Unsafe member access .inventory on an `any` value                                                                 @typescript-eslint/no-unsafe-member-access
  3091:61  error    Unsafe member access .stable on an `any` value                                                                    @typescript-eslint/no-unsafe-member-access
  3096:63  error    Unsafe member access .position on an `any` value                                                                  @typescript-eslint/no-unsafe-member-access
  3103:49  error    Unsafe member access .score on an `any` value                                                                     @typescript-eslint/no-unsafe-member-access
  3105:74  error    Unsafe member access .hand on an `any` value                                                                      @typescript-eslint/no-unsafe-member-access
  3109:52  error    Unsafe member access .books on an `any` value                                                                     @typescript-eslint/no-unsafe-member-access
  3113:32  error    Unsafe member access .pollution on an `any` value                                                                 @typescript-eslint/no-unsafe-member-access
  3114:32  error    Unsafe member access .maxPollution on an `any` value                                                              @typescript-eslint/no-unsafe-member-access
  3116:13  error    Unsafe assignment of an `any` value                                                                               @typescript-eslint/no-unsafe-assignment
  3117:34  error    Unsafe member access .pollution on an `any` value                                                                 @typescript-eslint/no-unsafe-member-access
  3118:31  error    Unsafe member access .pollution on an `any` value                                                                 @typescript-eslint/no-unsafe-member-access
  3120:13  error    Unsafe assignment of an `any` value                                                                               @typescript-eslint/no-unsafe-assignment
  3121:34  error    Unsafe member access .maxPollution on an `any` value                                                              @typescript-eslint/no-unsafe-member-access
  3122:31  error    Unsafe member access .maxPollution on an `any` value                                                              @typescript-eslint/no-unsafe-member-access
  3133:17  error    Unsafe member access .panels on an `any` value                                                                    @typescript-eslint/no-unsafe-member-access
  3145:65  error    'err ?? ''' will use Object's default stringification format ('[object Object]') when stringified                 @typescript-eslint/no-base-to-string

C:\wamp64\www\lemondeDeLila\backend\src\game\engine\services\game-registry.service.ts
   78:43  error    Unsafe member access .enabled on an `any` value                         @typescript-eslint/no-unsafe-member-access
   80:17  error    Unsafe assignment of an `any` value                                     @typescript-eslint/no-unsafe-assignment
   80:19  error    'enabled' is assigned a value but never used                            @typescript-eslint/no-unused-vars
   88:45  error    Unsafe return of a value of type `any`                                  @typescript-eslint/no-unsafe-return
   91:44  error    Unsafe member access .enabled on an `any` value                         @typescript-eslint/no-unsafe-member-access
   97:13  error    Unsafe assignment of an `any` value                                     @typescript-eslint/no-unsafe-assignment
   97:15  error    'enabled' is assigned a value but never used                            @typescript-eslint/no-unused-vars
  180:13  error    Unsafe assignment of an `any` value                                     @typescript-eslint/no-unsafe-assignment
  189:44  warning  Unsafe argument of type `any` assigned to a parameter of type `string`  @typescript-eslint/no-unsafe-argument
  204:9   error    Unsafe assignment of an `any` value                                     @typescript-eslint/no-unsafe-assignment
  205:9   error    Unsafe assignment of an `any` value                                     @typescript-eslint/no-unsafe-assignment
  208:9   error    Unsafe assignment of an `any` value                                     @typescript-eslint/no-unsafe-assignment
  209:9   error    Unsafe assignment of an `any` value                                     @typescript-eslint/no-unsafe-assignment
  210:9   error    Unsafe assignment of an `any` value                                     @typescript-eslint/no-unsafe-assignment

C:\wamp64\www\lemondeDeLila\backend\src\game\engine\tests\contracts-fixtures.spec.ts
  10:51  error  'any' overrides all other types in this union type       @typescript-eslint/no-redundant-type-constituents
  59:25  error  Unsafe member access .direction on an `any` value        @typescript-eslint/no-unsafe-member-access
  59:55  error  Unsafe member access .direction on an `any` value        @typescript-eslint/no-unsafe-member-access
  63:20  error  Unsafe member access .currentPlayerId on an `any` value  @typescript-eslint/no-unsafe-member-access
  64:29  error  Unsafe member access .currentPlayerId on an `any` value  @typescript-eslint/no-unsafe-member-access
  66:31  error  Unsafe member access .label on an `any` value            @typescript-eslint/no-unsafe-member-access
  73:32  error  Unsafe member access .playerViews on an `any` value      @typescript-eslint/no-unsafe-member-access
  74:32  error  Unsafe member access .players on an `any` value          @typescript-eslint/no-unsafe-member-access
  75:32  error  Unsafe member access .shortcuts on an `any` value        @typescript-eslint/no-unsafe-member-access
  78:12  error  Unsafe call of an `any` typed value                      @typescript-eslint/no-unsafe-call
  78:25  error  Unsafe member access .toLowerCase on an `any` value      @typescript-eslint/no-unsafe-member-access
  79:12  error  Unsafe call of an `any` typed value                      @typescript-eslint/no-unsafe-call
  79:27  error  Unsafe member access .toLowerCase on an `any` value      @typescript-eslint/no-unsafe-member-access
  90:31  error  Unsafe member access .id on an `any` value               @typescript-eslint/no-unsafe-member-access
  91:31  error  Unsafe member access .gameType on an `any` value         @typescript-eslint/no-unsafe-member-access
  92:30  error  Unsafe member access .players on an `any` value          @typescript-eslint/no-unsafe-member-access

C:\wamp64\www\lemondeDeLila\backend\src\game\engine\tests\critical-cases.matrix.spec.ts
   11:7   warning  Unsafe argument of type `any` assigned to a parameter of type `GameRegistryService`      @typescript-eslint/no-unsafe-argument
   17:52  warning  Unsafe argument of type `any` assigned to a parameter of type `GameStateEntity`          @typescript-eslint/no-unsafe-argument
   27:18  error    Unsafe member access .status on an `any` value                                           @typescript-eslint/no-unsafe-member-access
   28:18  error    Unsafe member access .turn on an `any` value                                             @typescript-eslint/no-unsafe-member-access
   55:50  warning  Unsafe argument of type `any` assigned to a parameter of type `GameStateEntity`          @typescript-eslint/no-unsafe-argument
   65:34  warning  Unsafe argument of type `any` assigned to a parameter of type `GameStateEntity`          @typescript-eslint/no-unsafe-argument
   65:41  warning  Unsafe argument of type `any[]` assigned to a parameter of type `GameSingleActionDto[]`  @typescript-eslint/no-unsafe-argument
   72:18  error    Unsafe member access .turn on an `any` value                                             @typescript-eslint/no-unsafe-member-access
   77:50  warning  Unsafe argument of type `any` assigned to a parameter of type `GameStateEntity`          @typescript-eslint/no-unsafe-argument
   88:7   error    Unsafe return of a value of type `any`                                                   @typescript-eslint/no-unsafe-return
   90:34  warning  Unsafe argument of type `any` assigned to a parameter of type `GameStateEntity`          @typescript-eslint/no-unsafe-argument
   90:41  warning  Unsafe argument of type `any[]` assigned to a parameter of type `GameSingleActionDto[]`  @typescript-eslint/no-unsafe-argument
   91:34  warning  Unsafe argument of type `any` assigned to a parameter of type `GameStateEntity`          @typescript-eslint/no-unsafe-argument
   91:41  warning  Unsafe argument of type `any[]` assigned to a parameter of type `GameSingleActionDto[]`  @typescript-eslint/no-unsafe-argument
   92:34  warning  Unsafe argument of type `any` assigned to a parameter of type `GameStateEntity`          @typescript-eslint/no-unsafe-argument
   92:41  warning  Unsafe argument of type `any[]` assigned to a parameter of type `GameSingleActionDto[]`  @typescript-eslint/no-unsafe-argument
   93:34  warning  Unsafe argument of type `any` assigned to a parameter of type `GameStateEntity`          @typescript-eslint/no-unsafe-argument
   93:41  warning  Unsafe argument of type `any[]` assigned to a parameter of type `GameSingleActionDto[]`  @typescript-eslint/no-unsafe-argument
   94:34  warning  Unsafe argument of type `any` assigned to a parameter of type `GameStateEntity`          @typescript-eslint/no-unsafe-argument
   94:41  warning  Unsafe argument of type `any[]` assigned to a parameter of type `GameSingleActionDto[]`  @typescript-eslint/no-unsafe-argument
   96:18  error    Unsafe member access .status on an `any` value                                           @typescript-eslint/no-unsafe-member-access
   97:18  error    Unsafe member access .metadata on an `any` value                                         @typescript-eslint/no-unsafe-member-access
  102:7   warning  Unsafe argument of type `any` assigned to a parameter of type `RoomService`              @typescript-eslint/no-unsafe-argument
  103:7   warning  Unsafe argument of type `any` assigned to a parameter of type `GameCoreService`          @typescript-eslint/no-unsafe-argument
  104:7   warning  Unsafe argument of type `any` assigned to a parameter of type `GameRegistryService`      @typescript-eslint/no-unsafe-argument
  105:7   warning  Unsafe argument of type `any` assigned to a parameter of type `TurnLabelService`         @typescript-eslint/no-unsafe-argument
  106:7   warning  Unsafe argument of type `any` assigned to a parameter of type `BotRunnerService`         @typescript-eslint/no-unsafe-argument
  107:7   warning  Unsafe argument of type `any` assigned to a parameter of type `BotSchedulerService`      @typescript-eslint/no-unsafe-argument
  108:7   warning  Unsafe argument of type `any` assigned to a parameter of type `BotSettingsService`       @typescript-eslint/no-unsafe-argument
  109:7   warning  Unsafe argument of type `any` assigned to a parameter of type `GridRenderService`        @typescript-eslint/no-unsafe-argument
  110:7   warning  Unsafe argument of type `any` assigned to a parameter of type `GameEngineStateStore`     @typescript-eslint/no-unsafe-argument
  111:7   warning  Unsafe argument of type `any` assigned to a parameter of type `GameLoggerService`        @typescript-eslint/no-unsafe-argument
  118:7   warning  Unsafe argument of type `any` assigned to a parameter of type `GameStatsService`         @typescript-eslint/no-unsafe-argument
  131:7   error    Unsafe call of an `any` typed value                                                      @typescript-eslint/no-unsafe-call
  131:23  error    Unsafe member access .validateActions on an `any` value                                  @typescript-eslint/no-unsafe-member-access

C:\wamp64\www\lemondeDeLila\backend\src\game\engine\tests\game-engine-state.store.spec.ts
   7:36  error    Async arrow function has no 'await' expression                                                  @typescript-eslint/require-await
   8:51  error    Async arrow function has no 'await' expression                                                  @typescript-eslint/require-await
  11:36  error    Async arrow function has no 'await' expression                                                  @typescript-eslint/require-await
  16:7   error    Unsafe assignment of an `any` value                                                             @typescript-eslint/no-unsafe-assignment
  34:53  warning  Unsafe argument of type `any` assigned to a parameter of type `RedisClientFactory | undefined`  @typescript-eslint/no-unsafe-argument
  50:53  warning  Unsafe argument of type `any` assigned to a parameter of type `RedisClientFactory | undefined`  @typescript-eslint/no-unsafe-argument

C:\wamp64\www\lemondeDeLila\backend\src\game\engine\tests\game-engine.service.spec.ts
   15:36  error    Unsafe return of a value of type `any[]`                                              @typescript-eslint/no-unsafe-return
   33:7   warning  Unsafe argument of type `any` assigned to a parameter of type `RoomService`           @typescript-eslint/no-unsafe-argument
   34:7   warning  Unsafe argument of type `any` assigned to a parameter of type `GameCoreService`       @typescript-eslint/no-unsafe-argument
   35:7   warning  Unsafe argument of type `any` assigned to a parameter of type `GameRegistryService`   @typescript-eslint/no-unsafe-argument
   36:7   warning  Unsafe argument of type `any` assigned to a parameter of type `TurnLabelService`      @typescript-eslint/no-unsafe-argument
   37:7   warning  Unsafe argument of type `any` assigned to a parameter of type `BotRunnerService`      @typescript-eslint/no-unsafe-argument
   38:7   warning  Unsafe argument of type `any` assigned to a parameter of type `BotSchedulerService`   @typescript-eslint/no-unsafe-argument
   39:7   warning  Unsafe argument of type `any` assigned to a parameter of type `BotSettingsService`    @typescript-eslint/no-unsafe-argument
   40:7   warning  Unsafe argument of type `any` assigned to a parameter of type `GridRenderService`     @typescript-eslint/no-unsafe-argument
   41:7   warning  Unsafe argument of type `any` assigned to a parameter of type `GameEngineStateStore`  @typescript-eslint/no-unsafe-argument
   42:7   warning  Unsafe argument of type `any` assigned to a parameter of type `GameLoggerService`     @typescript-eslint/no-unsafe-argument
   43:7   warning  Unsafe argument of type `any` assigned to a parameter of type `GameStatsService`      @typescript-eslint/no-unsafe-argument
   46:21  error    Unsafe member access .getStateForUser on an `any` value                               @typescript-eslint/no-unsafe-member-access
  105:60  error    Unsafe return of a value of type `any`                                                @typescript-eslint/no-unsafe-return
  107:15  error    Unsafe spread of an `any` value in an array                                           @typescript-eslint/no-unsafe-assignment
  107:40  error    Unsafe member access .log on an `any` value                                           @typescript-eslint/no-unsafe-member-access
  107:53  error    Unsafe member access .log on an `any` value                                           @typescript-eslint/no-unsafe-member-access
  114:29  error    Async arrow function has no 'await' expression                                        @typescript-eslint/require-await
  114:32  error    Unsafe return of a value of type `any`                                                @typescript-eslint/no-unsafe-return
  115:74  error    Async arrow function has no 'await' expression                                        @typescript-eslint/require-await
  116:9   error    Unsafe assignment of an `any` value                                                   @typescript-eslint/no-unsafe-assignment
  118:48  error    Unsafe return of a value of type `any`                                                @typescript-eslint/no-unsafe-return
  119:47  error    Unsafe return of a value of type `any`                                                @typescript-eslint/no-unsafe-return
  125:61  error    Unsafe return of a value of type `any`                                                @typescript-eslint/no-unsafe-return
  126:48  error    Async arrow function has no 'await' expression                                        @typescript-eslint/require-await
  127:9   error    Unsafe return of a value of type `any`                                                @typescript-eslint/no-unsafe-return
  147:7   warning  Unsafe argument of type `any` assigned to a parameter of type `RoomService`           @typescript-eslint/no-unsafe-argument
  148:7   warning  Unsafe argument of type `any` assigned to a parameter of type `GameCoreService`       @typescript-eslint/no-unsafe-argument
  149:7   warning  Unsafe argument of type `any` assigned to a parameter of type `GameRegistryService`   @typescript-eslint/no-unsafe-argument
  150:7   warning  Unsafe argument of type `any` assigned to a parameter of type `TurnLabelService`      @typescript-eslint/no-unsafe-argument
  151:7   warning  Unsafe argument of type `any` assigned to a parameter of type `BotRunnerService`      @typescript-eslint/no-unsafe-argument
  152:7   warning  Unsafe argument of type `any` assigned to a parameter of type `BotSchedulerService`   @typescript-eslint/no-unsafe-argument
  153:7   warning  Unsafe argument of type `any` assigned to a parameter of type `BotSettingsService`    @typescript-eslint/no-unsafe-argument
  154:7   warning  Unsafe argument of type `any` assigned to a parameter of type `GridRenderService`     @typescript-eslint/no-unsafe-argument
  154:58  error    Unsafe return of a value of type `any`                                                @typescript-eslint/no-unsafe-return
  155:7   warning  Unsafe argument of type `any` assigned to a parameter of type `GameEngineStateStore`  @typescript-eslint/no-unsafe-argument
  156:7   warning  Unsafe argument of type `any` assigned to a parameter of type `GameLoggerService`     @typescript-eslint/no-unsafe-argument
  157:7   warning  Unsafe argument of type `any` assigned to a parameter of type `GameStatsService`      @typescript-eslint/no-unsafe-argument
  160:11  error    Unsafe assignment of an `any` value                                                   @typescript-eslint/no-unsafe-assignment
  167:11  error    Unsafe assignment of an `any` value                                                   @typescript-eslint/no-unsafe-assignment
  175:11  error    Unsafe assignment of an `any` value                                                   @typescript-eslint/no-unsafe-assignment
  175:27  error    Unsafe call of an `any` typed value                                                   @typescript-eslint/no-unsafe-call
  175:34  error    Unsafe member access .log on an `any` value                                           @typescript-eslint/no-unsafe-member-access
  175:45  error    Unsafe member access .map on an `any` value                                           @typescript-eslint/no-unsafe-member-access
  176:17  error    Unsafe member access .message on an `any` value                                       @typescript-eslint/no-unsafe-member-access
  178:11  error    Unsafe assignment of an `any` value                                                   @typescript-eslint/no-unsafe-assignment
  178:28  error    Unsafe call of an `any` typed value                                                   @typescript-eslint/no-unsafe-call
  178:36  error    Unsafe member access .log on an `any` value                                           @typescript-eslint/no-unsafe-member-access
  178:47  error    Unsafe member access .map on an `any` value                                           @typescript-eslint/no-unsafe-member-access
  179:17  error    Unsafe member access .message on an `any` value                                       @typescript-eslint/no-unsafe-member-access
  182:12  error    Unsafe call of an `any` typed value                                                   @typescript-eslint/no-unsafe-call
  182:26  error    Unsafe member access .at on an `any` value                                            @typescript-eslint/no-unsafe-member-access
  183:12  error    Unsafe call of an `any` typed value                                                   @typescript-eslint/no-unsafe-call
  183:27  error    Unsafe member access .at on an `any` value                                            @typescript-eslint/no-unsafe-member-access
  184:21  error    Unsafe member access .metadata on an `any` value                                      @typescript-eslint/no-unsafe-member-access
  189:7   warning  Unsafe argument of type `any` assigned to a parameter of type `RoomService`           @typescript-eslint/no-unsafe-argument
  190:7   warning  Unsafe argument of type `any` assigned to a parameter of type `GameCoreService`       @typescript-eslint/no-unsafe-argument
  191:7   warning  Unsafe argument of type `any` assigned to a parameter of type `GameRegistryService`   @typescript-eslint/no-unsafe-argument
  192:7   warning  Unsafe argument of type `any` assigned to a parameter of type `TurnLabelService`      @typescript-eslint/no-unsafe-argument
  193:7   warning  Unsafe argument of type `any` assigned to a parameter of type `BotRunnerService`      @typescript-eslint/no-unsafe-argument
  194:7   warning  Unsafe argument of type `any` assigned to a parameter of type `BotSchedulerService`   @typescript-eslint/no-unsafe-argument
  195:7   warning  Unsafe argument of type `any` assigned to a parameter of type `BotSettingsService`    @typescript-eslint/no-unsafe-argument
  196:7   warning  Unsafe argument of type `any` assigned to a parameter of type `GridRenderService`     @typescript-eslint/no-unsafe-argument
  197:7   warning  Unsafe argument of type `any` assigned to a parameter of type `GameEngineStateStore`  @typescript-eslint/no-unsafe-argument
  198:7   warning  Unsafe argument of type `any` assigned to a parameter of type `GameLoggerService`     @typescript-eslint/no-unsafe-argument
  199:7   warning  Unsafe argument of type `any` assigned to a parameter of type `GameStatsService`      @typescript-eslint/no-unsafe-argument
  209:11  error    Unsafe assignment of an `any` value                                                   @typescript-eslint/no-unsafe-assignment
  209:23  error    Unsafe call of an `any` typed value                                                   @typescript-eslint/no-unsafe-call
  209:39  error    Unsafe member access .validateActions on an `any` value                               @typescript-eslint/no-unsafe-member-access
  221:7   warning  Unsafe argument of type `any` assigned to a parameter of type `RoomService`           @typescript-eslint/no-unsafe-argument
  222:7   warning  Unsafe argument of type `any` assigned to a parameter of type `GameCoreService`       @typescript-eslint/no-unsafe-argument
  223:7   warning  Unsafe argument of type `any` assigned to a parameter of type `GameRegistryService`   @typescript-eslint/no-unsafe-argument
  224:7   warning  Unsafe argument of type `any` assigned to a parameter of type `TurnLabelService`      @typescript-eslint/no-unsafe-argument
  225:7   warning  Unsafe argument of type `any` assigned to a parameter of type `BotRunnerService`      @typescript-eslint/no-unsafe-argument
  226:7   warning  Unsafe argument of type `any` assigned to a parameter of type `BotSchedulerService`   @typescript-eslint/no-unsafe-argument
  227:7   warning  Unsafe argument of type `any` assigned to a parameter of type `BotSettingsService`    @typescript-eslint/no-unsafe-argument
  228:7   warning  Unsafe argument of type `any` assigned to a parameter of type `GridRenderService`     @typescript-eslint/no-unsafe-argument
  229:7   warning  Unsafe argument of type `any` assigned to a parameter of type `GameEngineStateStore`  @typescript-eslint/no-unsafe-argument
  230:7   warning  Unsafe argument of type `any` assigned to a parameter of type `GameLoggerService`     @typescript-eslint/no-unsafe-argument
  231:7   warning  Unsafe argument of type `any` assigned to a parameter of type `GameStatsService`      @typescript-eslint/no-unsafe-argument
  242:11  error    Unsafe assignment of an `any` value                                                   @typescript-eslint/no-unsafe-assignment
  242:23  error    Unsafe call of an `any` typed value                                                   @typescript-eslint/no-unsafe-call
  242:39  error    Unsafe member access .validateActions on an `any` value                               @typescript-eslint/no-unsafe-member-access
  254:7   warning  Unsafe argument of type `any` assigned to a parameter of type `RoomService`           @typescript-eslint/no-unsafe-argument
  255:7   warning  Unsafe argument of type `any` assigned to a parameter of type `GameCoreService`       @typescript-eslint/no-unsafe-argument
  256:7   warning  Unsafe argument of type `any` assigned to a parameter of type `GameRegistryService`   @typescript-eslint/no-unsafe-argument
  257:7   warning  Unsafe argument of type `any` assigned to a parameter of type `TurnLabelService`      @typescript-eslint/no-unsafe-argument
  258:7   warning  Unsafe argument of type `any` assigned to a parameter of type `BotRunnerService`      @typescript-eslint/no-unsafe-argument
  259:7   warning  Unsafe argument of type `any` assigned to a parameter of type `BotSchedulerService`   @typescript-eslint/no-unsafe-argument
  260:7   warning  Unsafe argument of type `any` assigned to a parameter of type `BotSettingsService`    @typescript-eslint/no-unsafe-argument
  261:7   warning  Unsafe argument of type `any` assigned to a parameter of type `GridRenderService`     @typescript-eslint/no-unsafe-argument
  262:7   warning  Unsafe argument of type `any` assigned to a parameter of type `GameEngineStateStore`  @typescript-eslint/no-unsafe-argument
  263:7   warning  Unsafe argument of type `any` assigned to a parameter of type `GameLoggerService`     @typescript-eslint/no-unsafe-argument
  270:7   warning  Unsafe argument of type `any` assigned to a parameter of type `GameStatsService`      @typescript-eslint/no-unsafe-argument
  283:7   error    Unsafe call of an `any` typed value                                                   @typescript-eslint/no-unsafe-call
  283:23  error    Unsafe member access .validateActions on an `any` value                               @typescript-eslint/no-unsafe-member-access
  294:7   warning  Unsafe argument of type `any` assigned to a parameter of type `RoomService`           @typescript-eslint/no-unsafe-argument
  295:7   warning  Unsafe argument of type `any` assigned to a parameter of type `GameCoreService`       @typescript-eslint/no-unsafe-argument
  296:7   warning  Unsafe argument of type `any` assigned to a parameter of type `GameRegistryService`   @typescript-eslint/no-unsafe-argument
  297:7   warning  Unsafe argument of type `any` assigned to a parameter of type `TurnLabelService`      @typescript-eslint/no-unsafe-argument
  298:7   warning  Unsafe argument of type `any` assigned to a parameter of type `BotRunnerService`      @typescript-eslint/no-unsafe-argument
  299:7   warning  Unsafe argument of type `any` assigned to a parameter of type `BotSchedulerService`   @typescript-eslint/no-unsafe-argument
  300:7   warning  Unsafe argument of type `any` assigned to a parameter of type `BotSettingsService`    @typescript-eslint/no-unsafe-argument
  301:7   warning  Unsafe argument of type `any` assigned to a parameter of type `GridRenderService`     @typescript-eslint/no-unsafe-argument
  302:7   warning  Unsafe argument of type `any` assigned to a parameter of type `GameEngineStateStore`  @typescript-eslint/no-unsafe-argument
  303:7   warning  Unsafe argument of type `any` assigned to a parameter of type `GameLoggerService`     @typescript-eslint/no-unsafe-argument
  304:7   warning  Unsafe argument of type `any` assigned to a parameter of type `GameStatsService`      @typescript-eslint/no-unsafe-argument
  318:11  error    Unsafe assignment of an `any` value                                                   @typescript-eslint/no-unsafe-assignment
  318:23  error    Unsafe call of an `any` typed value                                                   @typescript-eslint/no-unsafe-call
  318:39  error    Unsafe member access .validateActions on an `any` value                               @typescript-eslint/no-unsafe-member-access
  342:7   warning  Unsafe argument of type `any` assigned to a parameter of type `RoomService`           @typescript-eslint/no-unsafe-argument
  343:7   warning  Unsafe argument of type `any` assigned to a parameter of type `GameCoreService`       @typescript-eslint/no-unsafe-argument
  344:7   warning  Unsafe argument of type `any` assigned to a parameter of type `GameRegistryService`   @typescript-eslint/no-unsafe-argument
  350:7   warning  Unsafe argument of type `any` assigned to a parameter of type `TurnLabelService`      @typescript-eslint/no-unsafe-argument
  351:7   warning  Unsafe argument of type `any` assigned to a parameter of type `BotRunnerService`      @typescript-eslint/no-unsafe-argument
  352:7   warning  Unsafe argument of type `any` assigned to a parameter of type `BotSchedulerService`   @typescript-eslint/no-unsafe-argument
  353:7   warning  Unsafe argument of type `any` assigned to a parameter of type `BotSettingsService`    @typescript-eslint/no-unsafe-argument
  354:7   warning  Unsafe argument of type `any` assigned to a parameter of type `GridRenderService`     @typescript-eslint/no-unsafe-argument
  355:7   warning  Unsafe argument of type `any` assigned to a parameter of type `GameEngineStateStore`  @typescript-eslint/no-unsafe-argument
  356:7   warning  Unsafe argument of type `any` assigned to a parameter of type `GameLoggerService`     @typescript-eslint/no-unsafe-argument
  357:7   warning  Unsafe argument of type `any` assigned to a parameter of type `GameStatsService`      @typescript-eslint/no-unsafe-argument
  360:21  error    Unsafe member access .getInternalState on an `any` value                              @typescript-eslint/no-unsafe-member-access
  360:57  error    Async arrow function has no 'await' expression                                        @typescript-eslint/require-await
  360:60  error    Unsafe return of a value of type `any`                                                @typescript-eslint/no-unsafe-return
  361:21  error    Unsafe member access .normalizeBotThinking on an `any` value                          @typescript-eslint/no-unsafe-member-access
  361:61  error    Async arrow function has no 'await' expression                                        @typescript-eslint/require-await
  361:64  error    Unsafe return of a value of type `any`                                                @typescript-eslint/no-unsafe-return
  362:21  error    Unsafe member access .exposeState on an `any` value                                   @typescript-eslint/no-unsafe-member-access
  362:49  error    Unsafe return of a value of type `any`                                                @typescript-eslint/no-unsafe-return
  364:11  error    Unsafe assignment of an `any` value                                                   @typescript-eslint/no-unsafe-assignment
  364:23  error    Unsafe call of an `any` typed value                                                   @typescript-eslint/no-unsafe-call
  364:39  error    Unsafe member access .applyActionsInternal on an `any` value                          @typescript-eslint/no-unsafe-member-access
  373:28  error    Unsafe member access .exposeState on an `any` value                                   @typescript-eslint/no-unsafe-member-access
  393:67  error    Unsafe return of a value of type `any`                                                @typescript-eslint/no-unsafe-return
  401:29  error    Unsafe member access .pending on an `any` value                                       @typescript-eslint/no-unsafe-member-access
  408:7   warning  Unsafe argument of type `any` assigned to a parameter of type `RoomService`           @typescript-eslint/no-unsafe-argument
  409:7   warning  Unsafe argument of type `any` assigned to a parameter of type `GameCoreService`       @typescript-eslint/no-unsafe-argument
  410:7   warning  Unsafe argument of type `any` assigned to a parameter of type `GameRegistryService`   @typescript-eslint/no-unsafe-argument
  411:7   warning  Unsafe argument of type `any` assigned to a parameter of type `TurnLabelService`      @typescript-eslint/no-unsafe-argument
  412:7   warning  Unsafe argument of type `any` assigned to a parameter of type `BotRunnerService`      @typescript-eslint/no-unsafe-argument
  413:7   warning  Unsafe argument of type `any` assigned to a parameter of type `BotSchedulerService`   @typescript-eslint/no-unsafe-argument
  414:7   warning  Unsafe argument of type `any` assigned to a parameter of type `BotSettingsService`    @typescript-eslint/no-unsafe-argument
  415:7   warning  Unsafe argument of type `any` assigned to a parameter of type `GridRenderService`     @typescript-eslint/no-unsafe-argument
  416:7   warning  Unsafe argument of type `any` assigned to a parameter of type `GameEngineStateStore`  @typescript-eslint/no-unsafe-argument
  417:7   warning  Unsafe argument of type `any` assigned to a parameter of type `GameLoggerService`     @typescript-eslint/no-unsafe-argument
  418:7   warning  Unsafe argument of type `any` assigned to a parameter of type `GameStatsService`      @typescript-eslint/no-unsafe-argument
  421:11  error    Unsafe assignment of an `any` value                                                   @typescript-eslint/no-unsafe-assignment
  421:26  error    Unsafe call of an `any` typed value                                                   @typescript-eslint/no-unsafe-call
  421:42  error    Unsafe member access .markBotThinking on an `any` value                               @typescript-eslint/no-unsafe-member-access
  429:19  error    Unsafe member access .botThinking on an `any` value                                   @typescript-eslint/no-unsafe-member-access
  444:48  error    Unsafe return of a value of type `any`                                                @typescript-eslint/no-unsafe-return
  445:48  error    Unsafe return of a value of type `any`                                                @typescript-eslint/no-unsafe-return
  457:7   warning  Unsafe argument of type `any` assigned to a parameter of type `RoomService`           @typescript-eslint/no-unsafe-argument
  458:7   warning  Unsafe argument of type `any` assigned to a parameter of type `GameCoreService`       @typescript-eslint/no-unsafe-argument
  459:7   warning  Unsafe argument of type `any` assigned to a parameter of type `GameRegistryService`   @typescript-eslint/no-unsafe-argument
  460:7   warning  Unsafe argument of type `any` assigned to a parameter of type `TurnLabelService`      @typescript-eslint/no-unsafe-argument
  461:7   warning  Unsafe argument of type `any` assigned to a parameter of type `BotRunnerService`      @typescript-eslint/no-unsafe-argument
  462:7   warning  Unsafe argument of type `any` assigned to a parameter of type `BotSchedulerService`   @typescript-eslint/no-unsafe-argument
  463:7   warning  Unsafe argument of type `any` assigned to a parameter of type `BotSettingsService`    @typescript-eslint/no-unsafe-argument
  464:7   warning  Unsafe argument of type `any` assigned to a parameter of type `GridRenderService`     @typescript-eslint/no-unsafe-argument
  465:7   warning  Unsafe argument of type `any` assigned to a parameter of type `GameEngineStateStore`  @typescript-eslint/no-unsafe-argument
  466:7   warning  Unsafe argument of type `any` assigned to a parameter of type `GameLoggerService`     @typescript-eslint/no-unsafe-argument
  467:7   warning  Unsafe argument of type `any` assigned to a parameter of type `GameStatsService`      @typescript-eslint/no-unsafe-argument
  520:48  error    Unsafe return of a value of type `any`                                                @typescript-eslint/no-unsafe-return
  521:47  error    Unsafe return of a value of type `any`                                                @typescript-eslint/no-unsafe-return
  534:42  error    Unsafe return of a value of type `any`                                                @typescript-eslint/no-unsafe-return
  552:7   warning  Unsafe argument of type `any` assigned to a parameter of type `RoomService`           @typescript-eslint/no-unsafe-argument
  553:7   warning  Unsafe argument of type `any` assigned to a parameter of type `GameCoreService`       @typescript-eslint/no-unsafe-argument
  554:7   warning  Unsafe argument of type `any` assigned to a parameter of type `GameRegistryService`   @typescript-eslint/no-unsafe-argument
  555:7   warning  Unsafe argument of type `any` assigned to a parameter of type `TurnLabelService`      @typescript-eslint/no-unsafe-argument
  556:7   warning  Unsafe argument of type `any` assigned to a parameter of type `BotRunnerService`      @typescript-eslint/no-unsafe-argument
  557:7   warning  Unsafe argument of type `any` assigned to a parameter of type `BotSchedulerService`   @typescript-eslint/no-unsafe-argument
  558:7   warning  Unsafe argument of type `any` assigned to a parameter of type `BotSettingsService`    @typescript-eslint/no-unsafe-argument
  559:7   warning  Unsafe argument of type `any` assigned to a parameter of type `GridRenderService`     @typescript-eslint/no-unsafe-argument
  559:58  error    Unsafe return of a value of type `any`                                                @typescript-eslint/no-unsafe-return
  560:7   warning  Unsafe argument of type `any` assigned to a parameter of type `GameEngineStateStore`  @typescript-eslint/no-unsafe-argument
  561:7   warning  Unsafe argument of type `any` assigned to a parameter of type `GameLoggerService`     @typescript-eslint/no-unsafe-argument
  562:7   warning  Unsafe argument of type `any` assigned to a parameter of type `GameStatsService`      @typescript-eslint/no-unsafe-argument
  565:11  error    Unsafe call of an `any` typed value                                                   @typescript-eslint/no-unsafe-call
  565:27  error    Unsafe member access .getInternalState on an `any` value                              @typescript-eslint/no-unsafe-member-access
  602:48  error    Unsafe return of a value of type `any`                                                @typescript-eslint/no-unsafe-return
  603:47  error    Unsafe return of a value of type `any`                                                @typescript-eslint/no-unsafe-return
  621:7   warning  Unsafe argument of type `any` assigned to a parameter of type `RoomService`           @typescript-eslint/no-unsafe-argument
  622:7   warning  Unsafe argument of type `any` assigned to a parameter of type `GameCoreService`       @typescript-eslint/no-unsafe-argument
  623:7   warning  Unsafe argument of type `any` assigned to a parameter of type `GameRegistryService`   @typescript-eslint/no-unsafe-argument
  624:7   warning  Unsafe argument of type `any` assigned to a parameter of type `TurnLabelService`      @typescript-eslint/no-unsafe-argument
  625:7   warning  Unsafe argument of type `any` assigned to a parameter of type `BotRunnerService`      @typescript-eslint/no-unsafe-argument
  626:7   warning  Unsafe argument of type `any` assigned to a parameter of type `BotSchedulerService`   @typescript-eslint/no-unsafe-argument
  627:7   warning  Unsafe argument of type `any` assigned to a parameter of type `BotSettingsService`    @typescript-eslint/no-unsafe-argument
  628:7   warning  Unsafe argument of type `any` assigned to a parameter of type `GridRenderService`     @typescript-eslint/no-unsafe-argument
  628:58  error    Unsafe return of a value of type `any`                                                @typescript-eslint/no-unsafe-return
  629:7   warning  Unsafe argument of type `any` assigned to a parameter of type `GameEngineStateStore`  @typescript-eslint/no-unsafe-argument
  630:7   warning  Unsafe argument of type `any` assigned to a parameter of type `GameLoggerService`     @typescript-eslint/no-unsafe-argument
  631:7   warning  Unsafe argument of type `any` assigned to a parameter of type `GameStatsService`      @typescript-eslint/no-unsafe-argument
  634:11  error    Unsafe assignment of an `any` value                                                   @typescript-eslint/no-unsafe-assignment
  634:25  error    Unsafe call of an `any` typed value                                                   @typescript-eslint/no-unsafe-call
  634:41  error    Unsafe member access .getInternalState on an `any` value                              @typescript-eslint/no-unsafe-member-access
  636:18  error    Unsafe member access .status on an `any` value                                        @typescript-eslint/no-unsafe-member-access

C:\wamp64\www\lemondeDeLila\backend\src\game\engine\utils\action-id.ts
  9:54  error  'value' will use Object's default stringification format ('[object Object]') when stringified  @typescript-eslint/no-base-to-string

C:\wamp64\www\lemondeDeLila\backend\src\game\games\les-quatre-vents\aventure-sauvage\tests\aventure-sauvage-action.spec.ts
   13:3   error    Unsafe return of a value of type `any`                                                   @typescript-eslint/no-unsafe-return
   25:5   error    Unsafe assignment of an `any` value                                                      @typescript-eslint/no-unsafe-assignment
   83:5   error    Unsafe assignment of an `any` value                                                      @typescript-eslint/no-unsafe-assignment
   83:10  error    Unsafe member access .decks on an `any` value                                            @typescript-eslint/no-unsafe-member-access
   84:16  error    Unsafe member access .decks on an `any` value                                            @typescript-eslint/no-unsafe-member-access
  106:46  warning  Unsafe argument of type `any[]` assigned to a parameter of type `GameSingleActionDto[]`  @typescript-eslint/no-unsafe-argument
  112:36  error    Unsafe member access .statuses on an `any` value                                         @typescript-eslint/no-unsafe-member-access
  135:5   error    Unsafe assignment of an `any` value                                                      @typescript-eslint/no-unsafe-assignment
  135:10  error    Unsafe member access .statuses on an `any` value                                         @typescript-eslint/no-unsafe-member-access
  136:16  error    Unsafe member access .statuses on an `any` value                                         @typescript-eslint/no-unsafe-member-access
  137:7   error    Unsafe assignment of an `any` value                                                      @typescript-eslint/no-unsafe-assignment
  137:28  error    Unsafe member access .statuses on an `any` value                                         @typescript-eslint/no-unsafe-member-access
  139:5   error    Unsafe assignment of an `any` value                                                      @typescript-eslint/no-unsafe-assignment
  139:10  error    Unsafe member access .decks on an `any` value                                            @typescript-eslint/no-unsafe-member-access
  140:16  error    Unsafe member access .decks on an `any` value                                            @typescript-eslint/no-unsafe-member-access
  156:46  warning  Unsafe argument of type `any[]` assigned to a parameter of type `GameSingleActionDto[]`  @typescript-eslint/no-unsafe-argument
  161:65  error    Unsafe member access .message on an `any` value                                          @typescript-eslint/no-unsafe-member-access
  184:10  error    Unsafe member access .pawnByPlayerId on an `any` value                                   @typescript-eslint/no-unsafe-member-access
  185:10  error    Unsafe member access .positions on an `any` value                                        @typescript-eslint/no-unsafe-member-access
  195:46  warning  Unsafe argument of type `any[]` assigned to a parameter of type `GameSingleActionDto[]`  @typescript-eslint/no-unsafe-argument
  198:65  error    Unsafe member access .message on an `any` value                                          @typescript-eslint/no-unsafe-member-access
  226:11  error    Unsafe assignment of an `any` value                                                      @typescript-eslint/no-unsafe-assignment
  226:43  error    Unsafe member access .decks on an `any` value                                            @typescript-eslint/no-unsafe-member-access
  227:9   error    Unsafe call of an `any` typed value                                                      @typescript-eslint/no-unsafe-call
  227:14  error    Unsafe member access .decks on an `any` value                                            @typescript-eslint/no-unsafe-member-access
  227:43  error    Unsafe return of a value of type `any`                                                   @typescript-eslint/no-unsafe-return
  227:46  error    Unsafe member access .id on an `any` value                                               @typescript-eslint/no-unsafe-member-access
  229:22  error    Unsafe member access .length on an `any` value                                           @typescript-eslint/no-unsafe-member-access
  231:21  error    Unsafe spread of an `any` value in an array                                              @typescript-eslint/no-unsafe-assignment

C:\wamp64\www\lemondeDeLila\backend\src\game\games\les-quatre-vents\ca-derape\actions\ca-actions.service.spec.ts
  11:11  error    Unsafe assignment of an `any` value                                              @typescript-eslint/no-unsafe-assignment
  12:37  error    '_sides' is defined but never used                                               @typescript-eslint/no-unused-vars
  14:24  error    Unsafe assignment of an `any` value                                              @typescript-eslint/no-unsafe-assignment
  16:65  error    Unsafe assignment of an `any` value                                              @typescript-eslint/no-unsafe-assignment
  24:50  warning  Unsafe argument of type `any` assigned to a parameter of type `RandomService`    @typescript-eslint/no-unsafe-argument
  25:32  warning  Unsafe argument of type `any` assigned to a parameter of type `RandomService`    @typescript-eslint/no-unsafe-argument
  45:53  warning  Unsafe argument of type `any` assigned to a parameter of type `GameStateEntity`  @typescript-eslint/no-unsafe-argument
  53:35  warning  Unsafe argument of type `any` assigned to a parameter of type `GameStateEntity`  @typescript-eslint/no-unsafe-argument
  66:35  warning  Unsafe argument of type `any` assigned to a parameter of type `GameStateEntity`  @typescript-eslint/no-unsafe-argument
  81:37  warning  Unsafe argument of type `any` assigned to a parameter of type `GameStateEntity`  @typescript-eslint/no-unsafe-argument
  86:40  warning  Unsafe argument of type `any` assigned to a parameter of type `GameStateEntity`  @typescript-eslint/no-unsafe-argument

C:\wamp64\www\lemondeDeLila\backend\src\game\games\les-quatre-vents\ca-derape\actions\ca-actions.service.ts
    97:7   error    Unsafe assignment of an `any` value                                     @typescript-eslint/no-unsafe-assignment
   123:9   error    Unsafe assignment of an `any` value                                     @typescript-eslint/no-unsafe-assignment
   138:7   error    Unsafe assignment of an `any` value                                     @typescript-eslint/no-unsafe-assignment
   234:11  error    Unsafe assignment of an `any` value                                     @typescript-eslint/no-unsafe-assignment
   235:32  error    Unsafe member access .label on an `any` value                           @typescript-eslint/no-unsafe-member-access
   236:31  error    Unsafe member access .description on an `any` value                     @typescript-eslint/no-unsafe-member-access
   237:37  error    Unsafe member access .isNeutral on an `any` value                       @typescript-eslint/no-unsafe-member-access
   286:11  error    Unsafe assignment of an `any` value                                     @typescript-eslint/no-unsafe-assignment
   287:29  error    Unsafe member access .type on an `any` value                            @typescript-eslint/no-unsafe-member-access
   289:11  error    Unsafe assignment of an `any` value                                     @typescript-eslint/no-unsafe-assignment
   290:22  error    Unsafe member access .playerId on an `any` value                        @typescript-eslint/no-unsafe-member-access
   291:19  error    Unsafe member access .playerId on an `any` value                        @typescript-eslint/no-unsafe-member-access
   310:40  warning  Unsafe argument of type `any` assigned to a parameter of type `number`  @typescript-eslint/no-unsafe-argument
   319:40  warning  Unsafe argument of type `any` assigned to a parameter of type `number`  @typescript-eslint/no-unsafe-argument
   351:11  error    Unsafe assignment of an `any` value                                     @typescript-eslint/no-unsafe-assignment
   354:15  error    Unsafe member access .type on an `any` value                            @typescript-eslint/no-unsafe-member-access
   355:15  error    Unsafe member access .playerId on an `any` value                        @typescript-eslint/no-unsafe-member-access
   359:60  error    Unsafe member access .targetPlayerId on an `any` value                  @typescript-eslint/no-unsafe-member-access
   395:9   error    Unsafe assignment of an `any` value                                     @typescript-eslint/no-unsafe-assignment
   426:11  error    Unsafe assignment of an `any` value                                     @typescript-eslint/no-unsafe-assignment
   429:15  error    Unsafe member access .type on an `any` value                            @typescript-eslint/no-unsafe-member-access
   430:15  error    Unsafe member access .playerId on an `any` value                        @typescript-eslint/no-unsafe-member-access
   434:54  error    Unsafe member access .playerId on an `any` value                        @typescript-eslint/no-unsafe-member-access
   467:11  error    Unsafe assignment of an `any` value                                     @typescript-eslint/no-unsafe-assignment
   470:15  error    Unsafe member access .type on an `any` value                            @typescript-eslint/no-unsafe-member-access
   471:15  error    Unsafe member access .playerId on an `any` value                        @typescript-eslint/no-unsafe-member-access
   474:51  error    Unsafe member access .delta on an `any` value                           @typescript-eslint/no-unsafe-member-access
   482:7   error    Unsafe assignment of an `any` value                                     @typescript-eslint/no-unsafe-assignment
   510:13  error    Unsafe assignment of an `any` value                                     @typescript-eslint/no-unsafe-assignment
   511:34  error    Unsafe member access .label on an `any` value                           @typescript-eslint/no-unsafe-member-access
   512:33  error    Unsafe member access .description on an `any` value                     @typescript-eslint/no-unsafe-member-access
   513:39  error    Unsafe member access .isNeutral on an `any` value                       @typescript-eslint/no-unsafe-member-access
   695:9   error    Unsafe assignment of an `any` value                                     @typescript-eslint/no-unsafe-assignment
   697:9   error    Unsafe assignment of an `any` value                                     @typescript-eslint/no-unsafe-assignment
   948:35  warning  Unsafe argument of type `any` assigned to a parameter of type `number`  @typescript-eslint/no-unsafe-argument
   951:40  warning  Unsafe argument of type `any` assigned to a parameter of type `string`  @typescript-eslint/no-unsafe-argument
   957:7   error    Unsafe assignment of an `any` value                                     @typescript-eslint/no-unsafe-assignment
  1008:9   error    Unsafe assignment of an `any` value                                     @typescript-eslint/no-unsafe-assignment
  1057:27  warning  Unsafe argument of type `any` assigned to a parameter of type `number`  @typescript-eslint/no-unsafe-argument
  1061:57  error    Unsafe assignment of an `any` value                                     @typescript-eslint/no-unsafe-assignment
  1071:27  warning  Unsafe argument of type `any` assigned to a parameter of type `number`  @typescript-eslint/no-unsafe-argument
  1298:21  error    Unsafe member access .rng on an `any` value                             @typescript-eslint/no-unsafe-member-access
  1300:9   error    Unsafe assignment of an `any` value                                     @typescript-eslint/no-unsafe-assignment
  1300:40  error    Unsafe member access .cards on an `any` value                           @typescript-eslint/no-unsafe-member-access
  1300:59  error    Unsafe member access .cards on an `any` value                           @typescript-eslint/no-unsafe-member-access
  1301:9   error    Unsafe assignment of an `any` value                                     @typescript-eslint/no-unsafe-assignment
  1301:42  error    Unsafe member access .discard on an `any` value                         @typescript-eslint/no-unsafe-member-access
  1301:63  error    Unsafe member access .discard on an `any` value                         @typescript-eslint/no-unsafe-member-access
  1338:11  error    Unsafe assignment of an `any` value                                     @typescript-eslint/no-unsafe-assignment
  1338:43  error    Unsafe member access .id on an `any` value                              @typescript-eslint/no-unsafe-member-access
  1339:28  error    Unsafe member access .pawn on an `any` value                            @typescript-eslint/no-unsafe-member-access
  1339:57  error    Unsafe member access .pawn on an `any` value                            @typescript-eslint/no-unsafe-member-access

C:\wamp64\www\lemondeDeLila\backend\src\game\games\les-quatre-vents\ca-derape\setup\ca.setup.ts
  380:7   warning  Unsafe argument of type `any` assigned to a parameter of type `"move" | "choose_next_player" | "swap" | "neutral" | "reroll" | "skip" | "double_next_move" | "ignore_next_penalty" | "global" | "conditional" | "rule"`  @typescript-eslint/no-unsafe-argument
  382:7   warning  Unsafe argument of type `any` assigned to a parameter of type `number | undefined`                                                                                                                                       @typescript-eslint/no-unsafe-argument
  434:42  warning  Unsafe argument of type `any` assigned to a parameter of type `"move" | "choose_next_player" | "swap" | "neutral" | "reroll" | "skip" | "double_next_move" | "ignore_next_penalty" | "global" | "conditional" | "rule"`  @typescript-eslint/no-unsafe-argument
  490:36  warning  Unsafe argument of type `any` assigned to a parameter of type `"move" | "choose_next_player" | "swap" | "neutral" | "reroll" | "skip" | "double_next_move" | "ignore_next_penalty" | "global" | "conditional" | "rule"`  @typescript-eslint/no-unsafe-argument

C:\wamp64\www\lemondeDeLila\backend\src\game\games\les-quatre-vents\contes-et-cacahuetes\setup\contes-et-cacahuetes-setup.service.ts
   26:15   error  Unsafe return of a value of type `any`                                                                    @typescript-eslint/no-unsafe-return
   28:27   error  Unsafe member access .pawn on an `any` value                                                              @typescript-eslint/no-unsafe-member-access
   29:31   error  Unsafe member access .pawn on an `any` value                                                              @typescript-eslint/no-unsafe-member-access
   34:47   error  Computed name [p.id] resolves to an `any` value                                                           @typescript-eslint/no-unsafe-member-access
   34:49   error  Unsafe member access .id on an `any` value                                                                @typescript-eslint/no-unsafe-member-access
   35:11   error  Unsafe assignment of an `any` value                                                                       @typescript-eslint/no-unsafe-assignment
   39:23   error  Unsafe assignment of an `any` value                                                                       @typescript-eslint/no-unsafe-assignment
   40:11   error  Unsafe assignment of an `any` value                                                                       @typescript-eslint/no-unsafe-assignment
   44:14   error  Unsafe member access .id on an `any` value                                                                @typescript-eslint/no-unsafe-member-access
   50:7    error  Unsafe assignment of an `any` value                                                                       @typescript-eslint/no-unsafe-assignment
   75:7    error  Unsafe assignment of an `any` value                                                                       @typescript-eslint/no-unsafe-assignment
   97:36   error  'pawn.description' will use Object's default stringification format ('[object Object]') when stringified  @typescript-eslint/no-base-to-string
   98:23   error  'pawn.label ?? ''' will use Object's default stringification format ('[object Object]') when stringified  @typescript-eslint/no-base-to-string
   98:59   error  'pawn.description' will use Object's default stringification format ('[object Object]') when stringified  @typescript-eslint/no-base-to-string
   99:20   error  'pawn.label ?? ''' will use Object's default stringification format ('[object Object]') when stringified  @typescript-eslint/no-base-to-string
  101:28   error  Unsafe member access .id on an `any` value                                                                @typescript-eslint/no-unsafe-member-access
  102:31   error  Unsafe member access .label on an `any` value                                                             @typescript-eslint/no-unsafe-member-access
  103:37   error  Unsafe member access .description on an `any` value                                                       @typescript-eslint/no-unsafe-member-access
  117:9    error  Unsafe assignment of an `any` value                                                                       @typescript-eslint/no-unsafe-assignment
  179:200  error  Irregular whitespace not allowed                                                                          no-irregular-whitespace
  201:57   error  Irregular whitespace not allowed                                                                          no-irregular-whitespace
  255:56   error  Irregular whitespace not allowed                                                                          no-irregular-whitespace
  265:57   error  Irregular whitespace not allowed                                                                          no-irregular-whitespace
  344:35   error  Irregular whitespace not allowed                                                                          no-irregular-whitespace
  414:96   error  Irregular whitespace not allowed                                                                          no-irregular-whitespace
  438:115  error  Irregular whitespace not allowed                                                                          no-irregular-whitespace
  465:38   error  Irregular whitespace not allowed                                                                          no-irregular-whitespace
  495:121  error  Irregular whitespace not allowed                                                                          no-irregular-whitespace
  501:90   error  Irregular whitespace not allowed                                                                          no-irregular-whitespace
  519:60   error  Irregular whitespace not allowed                                                                          no-irregular-whitespace
  531:46   error  Irregular whitespace not allowed                                                                          no-irregular-whitespace
  531:73   error  Irregular whitespace not allowed                                                                          no-irregular-whitespace
  570:97   error  Irregular whitespace not allowed                                                                          no-irregular-whitespace
  587:22   error  Irregular whitespace not allowed                                                                          no-irregular-whitespace
  588:39   error  Irregular whitespace not allowed                                                                          no-irregular-whitespace
  594:106  error  Irregular whitespace not allowed                                                                          no-irregular-whitespace
  618:128  error  Irregular whitespace not allowed                                                                          no-irregular-whitespace
  640:258  error  Irregular whitespace not allowed                                                                          no-irregular-whitespace
  641:174  error  Irregular whitespace not allowed                                                                          no-irregular-whitespace
  641:210  error  Irregular whitespace not allowed                                                                          no-irregular-whitespace
  643:9    error  Irregular whitespace not allowed                                                                          no-irregular-whitespace
  649:247  error  Irregular whitespace not allowed                                                                          no-irregular-whitespace
  651:114  error  Irregular whitespace not allowed                                                                          no-irregular-whitespace
  653:99   error  Irregular whitespace not allowed                                                                          no-irregular-whitespace
  659:59   error  Irregular whitespace not allowed                                                                          no-irregular-whitespace
  659:355  error  Irregular whitespace not allowed                                                                          no-irregular-whitespace
  660:223  error  Irregular whitespace not allowed                                                                          no-irregular-whitespace
  661:313  error  Irregular whitespace not allowed                                                                          no-irregular-whitespace
  662:9    error  Irregular whitespace not allowed                                                                          no-irregular-whitespace
  669:54   error  Irregular whitespace not allowed                                                                          no-irregular-whitespace
  671:141  error  Irregular whitespace not allowed                                                                          no-irregular-whitespace
  672:304  error  Irregular whitespace not allowed                                                                          no-irregular-whitespace
  673:113  error  Irregular whitespace not allowed                                                                          no-irregular-whitespace
  673:126  error  Irregular whitespace not allowed                                                                          no-irregular-whitespace
  673:142  error  Irregular whitespace not allowed                                                                          no-irregular-whitespace
  680:194  error  Irregular whitespace not allowed                                                                          no-irregular-whitespace
  680:309  error  Irregular whitespace not allowed                                                                          no-irregular-whitespace
  691:9    error  Irregular whitespace not allowed                                                                          no-irregular-whitespace
  691:97   error  Irregular whitespace not allowed                                                                          no-irregular-whitespace
  697:70   error  Irregular whitespace not allowed                                                                          no-irregular-whitespace
  698:176  error  Irregular whitespace not allowed                                                                          no-irregular-whitespace
  698:201  error  Irregular whitespace not allowed                                                                          no-irregular-whitespace
  698:252  error  Irregular whitespace not allowed                                                                          no-irregular-whitespace
  699:236  error  Irregular whitespace not allowed                                                                          no-irregular-whitespace
  699:361  error  Irregular whitespace not allowed                                                                          no-irregular-whitespace
  700:243  error  Irregular whitespace not allowed                                                                          no-irregular-whitespace
  706:72   error  Irregular whitespace not allowed                                                                          no-irregular-whitespace
  707:216  error  Irregular whitespace not allowed                                                                          no-irregular-whitespace
  708:146  error  Irregular whitespace not allowed                                                                          no-irregular-whitespace
  708:183  error  Irregular whitespace not allowed                                                                          no-irregular-whitespace
  715:48   error  Irregular whitespace not allowed                                                                          no-irregular-whitespace
  716:284  error  Irregular whitespace not allowed                                                                          no-irregular-whitespace
  717:156  error  Irregular whitespace not allowed                                                                          no-irregular-whitespace
  718:90   error  Irregular whitespace not allowed                                                                          no-irregular-whitespace
  718:115  error  Irregular whitespace not allowed                                                                          no-irregular-whitespace
  719:121  error  Irregular whitespace not allowed                                                                          no-irregular-whitespace
  725:65   error  Irregular whitespace not allowed                                                                          no-irregular-whitespace
  726:217  error  Irregular whitespace not allowed                                                                          no-irregular-whitespace
  727:292  error  Irregular whitespace not allowed                                                                          no-irregular-whitespace
  727:412  error  Irregular whitespace not allowed                                                                          no-irregular-whitespace
  727:427  error  Irregular whitespace not allowed                                                                          no-irregular-whitespace
  728:75   error  Irregular whitespace not allowed                                                                          no-irregular-whitespace
  728:134  error  Irregular whitespace not allowed                                                                          no-irregular-whitespace
  734:64   error  Irregular whitespace not allowed                                                                          no-irregular-whitespace
  736:42   error  Irregular whitespace not allowed                                                                          no-irregular-whitespace
  736:266  error  Irregular whitespace not allowed                                                                          no-irregular-whitespace
  736:302  error  Irregular whitespace not allowed                                                                          no-irregular-whitespace
  743:189  error  Irregular whitespace not allowed                                                                          no-irregular-whitespace
  745:66   error  Irregular whitespace not allowed                                                                          no-irregular-whitespace
  746:21   error  Irregular whitespace not allowed                                                                          no-irregular-whitespace
  746:58   error  Irregular whitespace not allowed                                                                          no-irregular-whitespace
  746:82   error  Irregular whitespace not allowed                                                                          no-irregular-whitespace
  752:57   error  Irregular whitespace not allowed                                                                          no-irregular-whitespace
  753:282  error  Irregular whitespace not allowed                                                                          no-irregular-whitespace
  754:268  error  Irregular whitespace not allowed                                                                          no-irregular-whitespace
  754:291  error  Irregular whitespace not allowed                                                                          no-irregular-whitespace
  761:37   error  Irregular whitespace not allowed                                                                          no-irregular-whitespace
  762:116  error  Irregular whitespace not allowed                                                                          no-irregular-whitespace
  762:247  error  Irregular whitespace not allowed                                                                          no-irregular-whitespace
  763:204  error  Irregular whitespace not allowed                                                                          no-irregular-whitespace
  763:245  error  Irregular whitespace not allowed                                                                          no-irregular-whitespace
  764:21   error  Irregular whitespace not allowed                                                                          no-irregular-whitespace
  764:42   error  Irregular whitespace not allowed                                                                          no-irregular-whitespace
  764:70   error  Irregular whitespace not allowed                                                                          no-irregular-whitespace
  765:6    error  Irregular whitespace not allowed                                                                          no-irregular-whitespace
  765:129  error  Irregular whitespace not allowed                                                                          no-irregular-whitespace
  771:58   error  Irregular whitespace not allowed                                                                          no-irregular-whitespace
  772:298  error  Irregular whitespace not allowed                                                                          no-irregular-whitespace
  773:258  error  Irregular whitespace not allowed                                                                          no-irregular-whitespace
  775:9    error  Irregular whitespace not allowed                                                                          no-irregular-whitespace
  775:71   error  Irregular whitespace not allowed                                                                          no-irregular-whitespace
  775:99   error  Irregular whitespace not allowed                                                                          no-irregular-whitespace
  781:69   error  Irregular whitespace not allowed                                                                          no-irregular-whitespace
  784:58   error  Irregular whitespace not allowed                                                                          no-irregular-whitespace
  785:275  error  Irregular whitespace not allowed                                                                          no-irregular-whitespace
  787:18   error  Irregular whitespace not allowed                                                                          no-irregular-whitespace
  793:312  error  Irregular whitespace not allowed                                                                          no-irregular-whitespace
  794:94   error  Irregular whitespace not allowed                                                                          no-irregular-whitespace
  794:381  error  Irregular whitespace not allowed                                                                          no-irregular-whitespace
  795:185  error  Irregular whitespace not allowed                                                                          no-irregular-whitespace
  802:117  error  Irregular whitespace not allowed                                                                          no-irregular-whitespace
  802:192  error  Irregular whitespace not allowed                                                                          no-irregular-whitespace
  803:35   error  Irregular whitespace not allowed                                                                          no-irregular-whitespace
  811:31   error  Irregular whitespace not allowed                                                                          no-irregular-whitespace
  811:85   error  Irregular whitespace not allowed                                                                          no-irregular-whitespace
  811:99   error  Irregular whitespace not allowed                                                                          no-irregular-whitespace
  813:84   error  Irregular whitespace not allowed                                                                          no-irregular-whitespace
  819:346  error  Irregular whitespace not allowed                                                                          no-irregular-whitespace
  829:93   error  Irregular whitespace not allowed                                                                          no-irregular-whitespace
  836:93   error  Irregular whitespace not allowed                                                                          no-irregular-whitespace
  837:232  error  Irregular whitespace not allowed                                                                          no-irregular-whitespace
  847:278  error  Irregular whitespace not allowed                                                                          no-irregular-whitespace
  848:206  error  Irregular whitespace not allowed                                                                          no-irregular-whitespace
  848:244  error  Irregular whitespace not allowed                                                                          no-irregular-whitespace
  848:301  error  Irregular whitespace not allowed                                                                          no-irregular-whitespace
  849:67   error  Irregular whitespace not allowed                                                                          no-irregular-whitespace
  849:146  error  Irregular whitespace not allowed                                                                          no-irregular-whitespace
  849:174  error  Irregular whitespace not allowed                                                                          no-irregular-whitespace
  857:123  error  Irregular whitespace not allowed                                                                          no-irregular-whitespace
  857:202  error  Irregular whitespace not allowed                                                                          no-irregular-whitespace
  858:9    error  Irregular whitespace not allowed                                                                          no-irregular-whitespace
  858:99   error  Irregular whitespace not allowed                                                                          no-irregular-whitespace
  864:80   error  Irregular whitespace not allowed                                                                          no-irregular-whitespace
  865:94   error  Irregular whitespace not allowed                                                                          no-irregular-whitespace
  865:135  error  Irregular whitespace not allowed                                                                          no-irregular-whitespace
  866:124  error  Irregular whitespace not allowed                                                                          no-irregular-whitespace
  866:145  error  Irregular whitespace not allowed                                                                          no-irregular-whitespace
  875:164  error  Irregular whitespace not allowed                                                                          no-irregular-whitespace
  882:101  error  Irregular whitespace not allowed                                                                          no-irregular-whitespace
  882:247  error  Irregular whitespace not allowed                                                                          no-irregular-whitespace
  882:304  error  Irregular whitespace not allowed                                                                          no-irregular-whitespace
  892:9    error  Irregular whitespace not allowed                                                                          no-irregular-whitespace

C:\wamp64\www\lemondeDeLila\backend\src\game\games\les-quatre-vents\contes-et-cacahuetes\tests\contes.effects.spec.ts
   11:3   error    Unsafe return of a value of type `any`                                                   @typescript-eslint/no-unsafe-return
   24:5   error    Unsafe assignment of an `any` value                                                      @typescript-eslint/no-unsafe-assignment
   45:49  error    Unsafe member access .decks on an `any` value                                            @typescript-eslint/no-unsafe-member-access
   66:42  error    Unsafe return of a value of type `any`                                                   @typescript-eslint/no-unsafe-return
   81:15  warning  Unsafe argument of type `any` assigned to a parameter of type `TurnFlowService`          @typescript-eslint/no-unsafe-argument
  100:5   error    Unsafe assignment of an `any` value                                                      @typescript-eslint/no-unsafe-assignment
  122:48  warning  Unsafe argument of type `any[]` assigned to a parameter of type `GameSingleActionDto[]`  @typescript-eslint/no-unsafe-argument
  125:36  error    Unsafe member access .playerId on an `any` value                                         @typescript-eslint/no-unsafe-member-access
  126:36  error    Unsafe member access .data on an `any` value                                             @typescript-eslint/no-unsafe-member-access
  128:48  warning  Unsafe argument of type `any[]` assigned to a parameter of type `GameSingleActionDto[]`  @typescript-eslint/no-unsafe-argument
  131:36  error    Unsafe member access .playerId on an `any` value                                         @typescript-eslint/no-unsafe-member-access
  132:36  error    Unsafe member access .data on an `any` value                                             @typescript-eslint/no-unsafe-member-access
  134:48  warning  Unsafe argument of type `any[]` assigned to a parameter of type `GameSingleActionDto[]`  @typescript-eslint/no-unsafe-argument
  139:44  error    Unsafe member access .winnerId on an `any` value                                         @typescript-eslint/no-unsafe-member-access

C:\wamp64\www\lemondeDeLila\backend\src\game\games\les-quatre-vents\contes-et-cacahuetes\tests\contes.pawn-selection.spec.ts
  12:3   error    Unsafe return of a value of type `any`                                                   @typescript-eslint/no-unsafe-return
  25:5   error    Unsafe assignment of an `any` value                                                      @typescript-eslint/no-unsafe-assignment
  45:42  error    Unsafe return of a value of type `any`                                                   @typescript-eslint/no-unsafe-return
  60:15  warning  Unsafe argument of type `any` assigned to a parameter of type `TurnFlowService`          @typescript-eslint/no-unsafe-argument
  79:36  error    Unsafe member access .type on an `any` value                                             @typescript-eslint/no-unsafe-member-access
  80:11  error    Unsafe assignment of an `any` value                                                      @typescript-eslint/no-unsafe-assignment
  80:48  error    Unsafe member access .data on an `any` value                                             @typescript-eslint/no-unsafe-member-access
  81:23  error    Unsafe member access .length on an `any` value                                           @typescript-eslint/no-unsafe-member-access
  82:30  error    Unsafe member access [0] on an `any` value                                               @typescript-eslint/no-unsafe-member-access
  84:25  error    Unsafe member access [0] on an `any` value                                               @typescript-eslint/no-unsafe-member-access
  86:55  error    Unsafe member access .setupStarterId on an `any` value                                   @typescript-eslint/no-unsafe-member-access
  88:43  error    Unsafe member access .playerId on an `any` value                                         @typescript-eslint/no-unsafe-member-access
  91:36  error    Unsafe member access .type on an `any` value                                             @typescript-eslint/no-unsafe-member-access
  92:50  error    Unsafe member access .playerId on an `any` value                                         @typescript-eslint/no-unsafe-member-access
  93:54  warning  Unsafe argument of type `any` assigned to a parameter of type `GameStateEntity`          @typescript-eslint/no-unsafe-argument
  95:44  error    Unsafe member access .type on an `any` value                                             @typescript-eslint/no-unsafe-member-access
  96:50  warning  Unsafe argument of type `any[]` assigned to a parameter of type `GameSingleActionDto[]`  @typescript-eslint/no-unsafe-argument

C:\wamp64\www\lemondeDeLila\backend\src\game\games\les-quatre-vents\contes-et-cacahuetes\tests\contes.shortcuts.spec.ts
  14:21  error  Unsafe member access .type on an `any` value        @typescript-eslint/no-unsafe-member-access
  14:53  error  Unsafe member access .actionType on an `any` value  @typescript-eslint/no-unsafe-member-access
  20:21  error  Unsafe member access .type on an `any` value        @typescript-eslint/no-unsafe-member-access
  20:56  error  Unsafe member access .id on an `any` value          @typescript-eslint/no-unsafe-member-access
  26:21  error  Unsafe member access .type on an `any` value        @typescript-eslint/no-unsafe-member-access
  26:56  error  Unsafe member access .id on an `any` value          @typescript-eslint/no-unsafe-member-access

C:\wamp64\www\lemondeDeLila\backend\src\game\games\les-quatre-vents\en-attendant-minuit\actions\minuit-action.service.ts
    99:16   error    Unsafe member access .isBot on an `any` value                                                             @typescript-eslint/no-unsafe-member-access
   100:30   error    Unsafe member access .id on an `any` value                                                                @typescript-eslint/no-unsafe-member-access
   109:37   error    Unsafe member access .username on an `any` value                                                          @typescript-eslint/no-unsafe-member-access
   115:36   error    Unsafe member access .id on an `any` value                                                                @typescript-eslint/no-unsafe-member-access
   117:38   error    Unsafe member access .pawn on an `any` value                                                              @typescript-eslint/no-unsafe-member-access
   133:18   error    Irregular whitespace not allowed                                                                          no-irregular-whitespace
   168:5    error    Unsafe assignment of an `any` value                                                                       @typescript-eslint/no-unsafe-assignment
   192:11   error    Unsafe assignment of an `any` value                                                                       @typescript-eslint/no-unsafe-assignment
   193:29   error    Unsafe member access .type on an `any` value                                                              @typescript-eslint/no-unsafe-member-access
   195:11   error    Unsafe assignment of an `any` value                                                                       @typescript-eslint/no-unsafe-assignment
   196:22   error    Unsafe member access .playerId on an `any` value                                                          @typescript-eslint/no-unsafe-member-access
   197:19   error    Unsafe member access .playerId on an `any` value                                                          @typescript-eslint/no-unsafe-member-access
   202:37   warning  Unsafe argument of type `any` assigned to a parameter of type `number`                                    @typescript-eslint/no-unsafe-argument
   207:41   warning  Unsafe argument of type `any` assigned to a parameter of type `number`                                    @typescript-eslint/no-unsafe-argument
   243:52   error    Unsafe member access .answer on an `any` value                                                            @typescript-eslint/no-unsafe-member-access
   294:11   error    Unsafe assignment of an `any` value                                                                       @typescript-eslint/no-unsafe-assignment
   297:15   error    Unsafe member access .type on an `any` value                                                              @typescript-eslint/no-unsafe-member-access
   298:15   error    Unsafe member access .playerId on an `any` value                                                          @typescript-eslint/no-unsafe-member-access
   301:60   error    Unsafe member access .targetPlayerId on an `any` value                                                    @typescript-eslint/no-unsafe-member-access
   340:102  error    Irregular whitespace not allowed                                                                          no-irregular-whitespace
   358:52   error    Unsafe member access .type on an `any` value                                                              @typescript-eslint/no-unsafe-member-access
   396:11   error    Unsafe assignment of an `any` value                                                                       @typescript-eslint/no-unsafe-assignment
   399:28   error    Unsafe member access .type on an `any` value                                                              @typescript-eslint/no-unsafe-member-access
   400:46   error    Unsafe member access .playerId on an `any` value                                                          @typescript-eslint/no-unsafe-member-access
   416:33   error    Unsafe member access .type on an `any` value                                                              @typescript-eslint/no-unsafe-member-access
   441:17   error    Irregular whitespace not allowed                                                                          no-irregular-whitespace
   449:28   error    Unsafe member access .id on an `any` value                                                                @typescript-eslint/no-unsafe-member-access
   450:31   error    Unsafe member access .label on an `any` value                                                             @typescript-eslint/no-unsafe-member-access
   451:37   error    Unsafe member access .description on an `any` value                                                       @typescript-eslint/no-unsafe-member-access
   533:11   error    Unsafe assignment of an `any` value                                                                       @typescript-eslint/no-unsafe-assignment
   534:29   error    Unsafe member access .type on an `any` value                                                              @typescript-eslint/no-unsafe-member-access
   535:37   error    Unsafe member access .playerId on an `any` value                                                          @typescript-eslint/no-unsafe-member-access
   537:11   error    Unsafe assignment of an `any` value                                                                       @typescript-eslint/no-unsafe-assignment
   538:11   error    Unsafe assignment of an `any` value                                                                       @typescript-eslint/no-unsafe-assignment
   539:15   error    Unsafe member access .pawnId on an `any` value                                                            @typescript-eslint/no-unsafe-member-access
   539:33   error    Unsafe member access .pawn on an `any` value                                                              @typescript-eslint/no-unsafe-member-access
   539:49   error    Unsafe member access .value on an `any` value                                                             @typescript-eslint/no-unsafe-member-access
   540:11   error    Unsafe assignment of an `any` value                                                                       @typescript-eslint/no-unsafe-assignment
   540:44   error    Unsafe member access .data on an `any` value                                                              @typescript-eslint/no-unsafe-member-access
   541:17   error    Unsafe member access .data on an `any` value                                                              @typescript-eslint/no-unsafe-member-access
   543:68   warning  Unsafe argument of type `any` assigned to a parameter of type `PawnChoice[]`                              @typescript-eslint/no-unsafe-argument
   544:33   error    'chosen?.id ?? ''' will use Object's default stringification format ('[object Object]') when stringified  @typescript-eslint/no-base-to-string
   588:36   error    Unsafe member access .id on an `any` value                                                                @typescript-eslint/no-unsafe-member-access
   589:38   error    Unsafe member access .name on an `any` value                                                              @typescript-eslint/no-unsafe-member-access
   590:45   error    Unsafe member access .description on an `any` value                                                       @typescript-eslint/no-unsafe-member-access
   651:47   error    Unsafe member access .description on an `any` value                                                       @typescript-eslint/no-unsafe-member-access
   778:33   error    Irregular whitespace not allowed                                                                          no-irregular-whitespace
   848:19   error    Irregular whitespace not allowed                                                                          no-irregular-whitespace
   866:15   error    Irregular whitespace not allowed                                                                          no-irregular-whitespace
   869:58   error    Unsafe member access .type on an `any` value                                                              @typescript-eslint/no-unsafe-member-access
   900:22   error    Irregular whitespace not allowed                                                                          no-irregular-whitespace
   904:18   error    Unsafe member access .type on an `any` value                                                              @typescript-eslint/no-unsafe-member-access
   912:22   error    Irregular whitespace not allowed                                                                          no-irregular-whitespace
   916:18   error    Unsafe member access .type on an `any` value                                                              @typescript-eslint/no-unsafe-member-access
   973:7    error    Unsafe assignment of an `any` value                                                                       @typescript-eslint/no-unsafe-assignment
  1051:18   error    Unsafe assignment of an `any` value                                                                       @typescript-eslint/no-unsafe-assignment
  1051:43   error    Unsafe assignment of an `any` value                                                                       @typescript-eslint/no-unsafe-assignment

C:\wamp64\www\lemondeDeLila\backend\src\game\games\les-quatre-vents\en-attendant-minuit\presenter\minuit-presenter.service.ts
  37:49  error  Unsafe member access .playerId on an `any` value  @typescript-eslint/no-unsafe-member-access
  41:5   error  Unsafe return of a value of type `any`            @typescript-eslint/no-unsafe-return
  49:7   error  Unsafe assignment of an `any` value               @typescript-eslint/no-unsafe-assignment
  50:27  error  Unsafe member access .extras on an `any` value    @typescript-eslint/no-unsafe-member-access

C:\wamp64\www\lemondeDeLila\backend\src\game\games\les-quatre-vents\en-attendant-minuit\rulebook\rulebook.ts
   34:9   error  Unsafe assignment of an `any` value               @typescript-eslint/no-unsafe-assignment
   55:9   error  Unsafe assignment of an `any` value               @typescript-eslint/no-unsafe-assignment
  101:9   error  Unsafe assignment of an `any` value               @typescript-eslint/no-unsafe-assignment
  102:42  error  Unsafe member access .type on an `any` value      @typescript-eslint/no-unsafe-member-access
  104:7   error  Unsafe assignment of an `any` value               @typescript-eslint/no-unsafe-assignment
  119:36  error  Unsafe member access .pawn on an `any` value      @typescript-eslint/no-unsafe-member-access
  120:36  error  Unsafe member access .pawnId on an `any` value    @typescript-eslint/no-unsafe-member-access
  121:36  error  Unsafe member access .value on an `any` value     @typescript-eslint/no-unsafe-member-access
  153:52  error  Unsafe member access .answer on an `any` value    @typescript-eslint/no-unsafe-member-access
  163:9   error  Unsafe assignment of an `any` value               @typescript-eslint/no-unsafe-assignment
  175:21  error  Unsafe member access .type on an `any` value      @typescript-eslint/no-unsafe-member-access
  195:21  error  Unsafe member access .type on an `any` value      @typescript-eslint/no-unsafe-member-access
  203:21  error  Unsafe member access .type on an `any` value      @typescript-eslint/no-unsafe-member-access
  212:34  error  Unsafe member access .playerId on an `any` value  @typescript-eslint/no-unsafe-member-access

C:\wamp64\www\lemondeDeLila\backend\src\game\games\les-quatre-vents\en-attendant-minuit\setup\minuit-setup.service.ts
   37:16  error  Unsafe member access .isBot on an `any` value        @typescript-eslint/no-unsafe-member-access
   38:30  error  Unsafe member access .id on an `any` value           @typescript-eslint/no-unsafe-member-access
   40:37  error  Unsafe member access .username on an `any` value     @typescript-eslint/no-unsafe-member-access
   46:36  error  Unsafe member access .id on an `any` value           @typescript-eslint/no-unsafe-member-access
   48:38  error  Unsafe member access .pawn on an `any` value         @typescript-eslint/no-unsafe-member-access
   66:42  error  Unsafe member access .id on an `any` value           @typescript-eslint/no-unsafe-member-access
   71:11  error  Unsafe assignment of an `any` value                  @typescript-eslint/no-unsafe-assignment
   99:16  error  Unsafe assignment of an `any` value                  @typescript-eslint/no-unsafe-assignment
  109:11  error  Unsafe assignment of an `any` value                  @typescript-eslint/no-unsafe-assignment
  142:32  error  Unsafe member access .id on an `any` value           @typescript-eslint/no-unsafe-member-access
  143:35  error  Unsafe member access .label on an `any` value        @typescript-eslint/no-unsafe-member-access
  144:41  error  Unsafe member access .description on an `any` value  @typescript-eslint/no-unsafe-member-access
  151:7   error  Unsafe assignment of an `any` value                  @typescript-eslint/no-unsafe-assignment
  152:22  error  Unsafe member access .playerId on an `any` value     @typescript-eslint/no-unsafe-member-access
  155:13  error  Unsafe assignment of an `any` value                  @typescript-eslint/no-unsafe-assignment
  155:38  error  Unsafe member access .playerId on an `any` value     @typescript-eslint/no-unsafe-member-access
  182:44  error  Unsafe member access .id on an `any` value           @typescript-eslint/no-unsafe-member-access
  183:46  error  Unsafe member access .name on an `any` value         @typescript-eslint/no-unsafe-member-access

C:\wamp64\www\lemondeDeLila\backend\src\game\games\les-quatre-vents\en-attendant-minuit\tests\minuit-action.service.spec.ts
   17:56  error    Unsafe member access .id on an `any` value                                               @typescript-eslint/no-unsafe-member-access
   36:14  error    Unsafe assignment of an `any` value                                                      @typescript-eslint/no-unsafe-assignment
   36:22  error    Unsafe assignment of an `any` value                                                      @typescript-eslint/no-unsafe-assignment
   36:29  error    Unsafe assignment of an `any` value                                                      @typescript-eslint/no-unsafe-assignment
   40:13  error    Unsafe object destructuring of a property with an `any` value                            @typescript-eslint/no-unsafe-assignment
   40:21  error    Unsafe object destructuring of a property with an `any` value                            @typescript-eslint/no-unsafe-assignment
   40:28  error    Unsafe object destructuring of a property with an `any` value                            @typescript-eslint/no-unsafe-assignment
   42:7   warning  Unsafe argument of type `any` assigned to a parameter of type `RandomService`            @typescript-eslint/no-unsafe-argument
   43:7   warning  Unsafe argument of type `any` assigned to a parameter of type `TurnFlowService`          @typescript-eslint/no-unsafe-argument
   44:7   warning  Unsafe argument of type `any` assigned to a parameter of type `GameCoreService`          @typescript-eslint/no-unsafe-argument
   46:31  warning  Unsafe argument of type `any` assigned to a parameter of type `RandomService`            @typescript-eslint/no-unsafe-argument
   49:11  error    Unsafe assignment of an `any` value                                                      @typescript-eslint/no-unsafe-assignment
   57:7   error    Unsafe assignment of an `any` value                                                      @typescript-eslint/no-unsafe-assignment
   73:46  warning  Unsafe argument of type `any[]` assigned to a parameter of type `GameSingleActionDto[]`  @typescript-eslint/no-unsafe-argument
   81:13  error    Unsafe object destructuring of a property with an `any` value                            @typescript-eslint/no-unsafe-assignment
   81:21  error    Unsafe object destructuring of a property with an `any` value                            @typescript-eslint/no-unsafe-assignment
   81:28  error    Unsafe object destructuring of a property with an `any` value                            @typescript-eslint/no-unsafe-assignment
   82:5   error    Unsafe call of an `any` typed value                                                      @typescript-eslint/no-unsafe-call
   82:12  error    Unsafe member access .rollDice on an `any` value                                         @typescript-eslint/no-unsafe-member-access
   84:7   warning  Unsafe argument of type `any` assigned to a parameter of type `RandomService`            @typescript-eslint/no-unsafe-argument
   85:7   warning  Unsafe argument of type `any` assigned to a parameter of type `TurnFlowService`          @typescript-eslint/no-unsafe-argument
   86:7   warning  Unsafe argument of type `any` assigned to a parameter of type `GameCoreService`          @typescript-eslint/no-unsafe-argument
   88:31  warning  Unsafe argument of type `any` assigned to a parameter of type `RandomService`            @typescript-eslint/no-unsafe-argument
   91:11  error    Unsafe assignment of an `any` value                                                      @typescript-eslint/no-unsafe-assignment
   99:7   error    Unsafe assignment of an `any` value                                                      @typescript-eslint/no-unsafe-assignment
  123:46  warning  Unsafe argument of type `any[]` assigned to a parameter of type `GameSingleActionDto[]`  @typescript-eslint/no-unsafe-argument
  126:64  error    Unsafe member access .message on an `any` value                                          @typescript-eslint/no-unsafe-member-access
  134:13  error    Unsafe object destructuring of a property with an `any` value                            @typescript-eslint/no-unsafe-assignment
  134:21  error    Unsafe object destructuring of a property with an `any` value                            @typescript-eslint/no-unsafe-assignment
  134:28  error    Unsafe object destructuring of a property with an `any` value                            @typescript-eslint/no-unsafe-assignment
  135:5   error    Unsafe call of an `any` typed value                                                      @typescript-eslint/no-unsafe-call
  135:12  error    Unsafe member access .rollDice on an `any` value                                         @typescript-eslint/no-unsafe-member-access
  137:7   warning  Unsafe argument of type `any` assigned to a parameter of type `RandomService`            @typescript-eslint/no-unsafe-argument
  138:7   warning  Unsafe argument of type `any` assigned to a parameter of type `TurnFlowService`          @typescript-eslint/no-unsafe-argument
  139:7   warning  Unsafe argument of type `any` assigned to a parameter of type `GameCoreService`          @typescript-eslint/no-unsafe-argument
  141:31  warning  Unsafe argument of type `any` assigned to a parameter of type `RandomService`            @typescript-eslint/no-unsafe-argument
  144:11  error    Unsafe assignment of an `any` value                                                      @typescript-eslint/no-unsafe-assignment
  152:7   error    Unsafe assignment of an `any` value                                                      @typescript-eslint/no-unsafe-assignment
  166:46  warning  Unsafe argument of type `any[]` assigned to a parameter of type `GameSingleActionDto[]`  @typescript-eslint/no-unsafe-argument
  169:64  error    Unsafe member access .message on an `any` value                                          @typescript-eslint/no-unsafe-member-access
  175:13  error    Unsafe object destructuring of a property with an `any` value                            @typescript-eslint/no-unsafe-assignment
  175:21  error    Unsafe object destructuring of a property with an `any` value                            @typescript-eslint/no-unsafe-assignment
  175:28  error    Unsafe object destructuring of a property with an `any` value                            @typescript-eslint/no-unsafe-assignment
  177:7   warning  Unsafe argument of type `any` assigned to a parameter of type `RandomService`            @typescript-eslint/no-unsafe-argument
  178:7   warning  Unsafe argument of type `any` assigned to a parameter of type `TurnFlowService`          @typescript-eslint/no-unsafe-argument
  179:7   warning  Unsafe argument of type `any` assigned to a parameter of type `GameCoreService`          @typescript-eslint/no-unsafe-argument
  181:31  warning  Unsafe argument of type `any` assigned to a parameter of type `RandomService`            @typescript-eslint/no-unsafe-argument
  184:11  error    Unsafe assignment of an `any` value                                                      @typescript-eslint/no-unsafe-assignment
  192:7   error    Unsafe assignment of an `any` value                                                      @typescript-eslint/no-unsafe-assignment
  200:7   error    Unsafe assignment of an `any` value                                                      @typescript-eslint/no-unsafe-assignment
  217:46  warning  Unsafe argument of type `any[]` assigned to a parameter of type `GameSingleActionDto[]`  @typescript-eslint/no-unsafe-argument
  222:53  error    Unsafe member access .id on an `any` value                                               @typescript-eslint/no-unsafe-member-access
  226:48  error    Unsafe member access .id on an `any` value                                               @typescript-eslint/no-unsafe-member-access
  231:13  error    Unsafe object destructuring of a property with an `any` value                            @typescript-eslint/no-unsafe-assignment
  231:21  error    Unsafe object destructuring of a property with an `any` value                            @typescript-eslint/no-unsafe-assignment
  231:28  error    Unsafe object destructuring of a property with an `any` value                            @typescript-eslint/no-unsafe-assignment
  233:7   warning  Unsafe argument of type `any` assigned to a parameter of type `RandomService`            @typescript-eslint/no-unsafe-argument
  234:7   warning  Unsafe argument of type `any` assigned to a parameter of type `TurnFlowService`          @typescript-eslint/no-unsafe-argument
  235:7   warning  Unsafe argument of type `any` assigned to a parameter of type `GameCoreService`          @typescript-eslint/no-unsafe-argument
  237:31  warning  Unsafe argument of type `any` assigned to a parameter of type `RandomService`            @typescript-eslint/no-unsafe-argument
  240:11  error    Unsafe assignment of an `any` value                                                      @typescript-eslint/no-unsafe-assignment
  248:7   error    Unsafe assignment of an `any` value                                                      @typescript-eslint/no-unsafe-assignment
  257:7   error    Unsafe assignment of an `any` value                                                      @typescript-eslint/no-unsafe-assignment
  279:13  error    Unsafe object destructuring of a property with an `any` value                            @typescript-eslint/no-unsafe-assignment
  279:21  error    Unsafe object destructuring of a property with an `any` value                            @typescript-eslint/no-unsafe-assignment
  279:28  error    Unsafe object destructuring of a property with an `any` value                            @typescript-eslint/no-unsafe-assignment
  281:7   warning  Unsafe argument of type `any` assigned to a parameter of type `RandomService`            @typescript-eslint/no-unsafe-argument
  282:7   warning  Unsafe argument of type `any` assigned to a parameter of type `TurnFlowService`          @typescript-eslint/no-unsafe-argument
  283:7   warning  Unsafe argument of type `any` assigned to a parameter of type `GameCoreService`          @typescript-eslint/no-unsafe-argument
  285:31  warning  Unsafe argument of type `any` assigned to a parameter of type `RandomService`            @typescript-eslint/no-unsafe-argument
  288:11  error    Unsafe assignment of an `any` value                                                      @typescript-eslint/no-unsafe-assignment
  296:7   error    Unsafe assignment of an `any` value                                                      @typescript-eslint/no-unsafe-assignment
  303:7   error    Unsafe assignment of an `any` value                                                      @typescript-eslint/no-unsafe-assignment
  319:46  warning  Unsafe argument of type `any[]` assigned to a parameter of type `GameSingleActionDto[]`  @typescript-eslint/no-unsafe-argument
  329:13  error    Unsafe object destructuring of a property with an `any` value                            @typescript-eslint/no-unsafe-assignment
  329:21  error    Unsafe object destructuring of a property with an `any` value                            @typescript-eslint/no-unsafe-assignment
  329:28  error    Unsafe object destructuring of a property with an `any` value                            @typescript-eslint/no-unsafe-assignment
  331:7   warning  Unsafe argument of type `any` assigned to a parameter of type `RandomService`            @typescript-eslint/no-unsafe-argument
  332:7   warning  Unsafe argument of type `any` assigned to a parameter of type `TurnFlowService`          @typescript-eslint/no-unsafe-argument
  333:7   warning  Unsafe argument of type `any` assigned to a parameter of type `GameCoreService`          @typescript-eslint/no-unsafe-argument
  335:31  warning  Unsafe argument of type `any` assigned to a parameter of type `RandomService`            @typescript-eslint/no-unsafe-argument
  338:11  error    Unsafe assignment of an `any` value                                                      @typescript-eslint/no-unsafe-assignment
  346:7   error    Unsafe assignment of an `any` value                                                      @typescript-eslint/no-unsafe-assignment
  369:46  warning  Unsafe argument of type `any[]` assigned to a parameter of type `GameSingleActionDto[]`  @typescript-eslint/no-unsafe-argument
  372:64  error    Unsafe member access .message on an `any` value                                          @typescript-eslint/no-unsafe-member-access
  384:13  error    Unsafe object destructuring of a property with an `any` value                            @typescript-eslint/no-unsafe-assignment
  384:21  error    Unsafe object destructuring of a property with an `any` value                            @typescript-eslint/no-unsafe-assignment
  384:28  error    Unsafe object destructuring of a property with an `any` value                            @typescript-eslint/no-unsafe-assignment
  386:7   warning  Unsafe argument of type `any` assigned to a parameter of type `RandomService`            @typescript-eslint/no-unsafe-argument
  387:7   warning  Unsafe argument of type `any` assigned to a parameter of type `TurnFlowService`          @typescript-eslint/no-unsafe-argument
  388:7   warning  Unsafe argument of type `any` assigned to a parameter of type `GameCoreService`          @typescript-eslint/no-unsafe-argument
  390:31  warning  Unsafe argument of type `any` assigned to a parameter of type `RandomService`            @typescript-eslint/no-unsafe-argument
  393:11  error    Unsafe assignment of an `any` value                                                      @typescript-eslint/no-unsafe-assignment
  401:7   error    Unsafe assignment of an `any` value                                                      @typescript-eslint/no-unsafe-assignment
  424:7   error    Unsafe assignment of an `any` value                                                      @typescript-eslint/no-unsafe-assignment
  434:46  warning  Unsafe argument of type `any[]` assigned to a parameter of type `GameSingleActionDto[]`  @typescript-eslint/no-unsafe-argument
  437:64  error    Unsafe member access .message on an `any` value                                          @typescript-eslint/no-unsafe-member-access
  459:50  warning  Unsafe argument of type `any` assigned to a parameter of type `GameStateEntity`          @typescript-eslint/no-unsafe-argument
  482:7   warning  Unsafe argument of type `any` assigned to a parameter of type `GameStateEntity`          @typescript-eslint/no-unsafe-argument
  483:7   warning  Unsafe argument of type `any` assigned to a parameter of type `GameSingleActionDto`      @typescript-eslint/no-unsafe-argument

C:\wamp64\www\lemondeDeLila\backend\src\game\games\les-quatre-vents\frousse-party\tests\frousse-action.service.spec.ts
   26:7   warning  Unsafe argument of type `any` assigned to a parameter of type `RandomService`            @typescript-eslint/no-unsafe-argument
   27:7   warning  Unsafe argument of type `any` assigned to a parameter of type `TurnFlowService`          @typescript-eslint/no-unsafe-argument
   28:7   warning  Unsafe argument of type `any` assigned to a parameter of type `GameCoreService`          @typescript-eslint/no-unsafe-argument
   31:31  warning  Unsafe argument of type `any` assigned to a parameter of type `RandomService`            @typescript-eslint/no-unsafe-argument
   34:11  error    Unsafe assignment of an `any` value                                                      @typescript-eslint/no-unsafe-assignment
   39:7   error    Unsafe assignment of an `any` value                                                      @typescript-eslint/no-unsafe-assignment
   40:7   error    Unsafe assignment of an `any` value                                                      @typescript-eslint/no-unsafe-assignment
   71:46  warning  Unsafe argument of type `any[]` assigned to a parameter of type `GameSingleActionDto[]`  @typescript-eslint/no-unsafe-argument
   77:17  error    Unsafe member access .positions on an `any` value                                        @typescript-eslint/no-unsafe-member-access
   98:7   warning  Unsafe argument of type `any` assigned to a parameter of type `RandomService`            @typescript-eslint/no-unsafe-argument
   99:7   warning  Unsafe argument of type `any` assigned to a parameter of type `TurnFlowService`          @typescript-eslint/no-unsafe-argument
  100:7   warning  Unsafe argument of type `any` assigned to a parameter of type `GameCoreService`          @typescript-eslint/no-unsafe-argument
  103:31  warning  Unsafe argument of type `any` assigned to a parameter of type `RandomService`            @typescript-eslint/no-unsafe-argument
  106:11  error    Unsafe assignment of an `any` value                                                      @typescript-eslint/no-unsafe-assignment
  112:7   error    Unsafe assignment of an `any` value                                                      @typescript-eslint/no-unsafe-assignment
  135:46  warning  Unsafe argument of type `any[]` assigned to a parameter of type `GameSingleActionDto[]`  @typescript-eslint/no-unsafe-argument
  138:55  error    Unsafe return of a value of type `any`                                                   @typescript-eslint/no-unsafe-return
  138:57  error    Unsafe member access .message on an `any` value                                          @typescript-eslint/no-unsafe-member-access
  162:7   warning  Unsafe argument of type `any` assigned to a parameter of type `RandomService`            @typescript-eslint/no-unsafe-argument
  163:7   warning  Unsafe argument of type `any` assigned to a parameter of type `TurnFlowService`          @typescript-eslint/no-unsafe-argument
  164:7   warning  Unsafe argument of type `any` assigned to a parameter of type `GameCoreService`          @typescript-eslint/no-unsafe-argument
  167:31  warning  Unsafe argument of type `any` assigned to a parameter of type `RandomService`            @typescript-eslint/no-unsafe-argument
  170:11  error    Unsafe assignment of an `any` value                                                      @typescript-eslint/no-unsafe-assignment
  176:7   error    Unsafe assignment of an `any` value                                                      @typescript-eslint/no-unsafe-assignment
  199:46  warning  Unsafe argument of type `any[]` assigned to a parameter of type `GameSingleActionDto[]`  @typescript-eslint/no-unsafe-argument
  202:64  error    Unsafe member access .message on an `any` value                                          @typescript-eslint/no-unsafe-member-access
  227:7   warning  Unsafe argument of type `any` assigned to a parameter of type `RandomService`            @typescript-eslint/no-unsafe-argument
  228:7   warning  Unsafe argument of type `any` assigned to a parameter of type `TurnFlowService`          @typescript-eslint/no-unsafe-argument
  229:7   warning  Unsafe argument of type `any` assigned to a parameter of type `GameCoreService`          @typescript-eslint/no-unsafe-argument
  232:31  warning  Unsafe argument of type `any` assigned to a parameter of type `RandomService`            @typescript-eslint/no-unsafe-argument
  235:11  error    Unsafe assignment of an `any` value                                                      @typescript-eslint/no-unsafe-assignment
  241:7   error    Unsafe assignment of an `any` value                                                      @typescript-eslint/no-unsafe-assignment
  264:46  warning  Unsafe argument of type `any[]` assigned to a parameter of type `GameSingleActionDto[]`  @typescript-eslint/no-unsafe-argument
  267:64  error    Unsafe member access .message on an `any` value                                          @typescript-eslint/no-unsafe-member-access
  291:7   warning  Unsafe argument of type `any` assigned to a parameter of type `RandomService`            @typescript-eslint/no-unsafe-argument
  292:7   warning  Unsafe argument of type `any` assigned to a parameter of type `TurnFlowService`          @typescript-eslint/no-unsafe-argument
  293:7   warning  Unsafe argument of type `any` assigned to a parameter of type `GameCoreService`          @typescript-eslint/no-unsafe-argument
  296:31  warning  Unsafe argument of type `any` assigned to a parameter of type `RandomService`            @typescript-eslint/no-unsafe-argument
  299:11  error    Unsafe assignment of an `any` value                                                      @typescript-eslint/no-unsafe-assignment
  308:7   error    Unsafe assignment of an `any` value                                                      @typescript-eslint/no-unsafe-assignment
  318:46  warning  Unsafe argument of type `any[]` assigned to a parameter of type `GameSingleActionDto[]`  @typescript-eslint/no-unsafe-argument
  345:7   warning  Unsafe argument of type `any` assigned to a parameter of type `RandomService`            @typescript-eslint/no-unsafe-argument
  346:7   warning  Unsafe argument of type `any` assigned to a parameter of type `TurnFlowService`          @typescript-eslint/no-unsafe-argument
  347:7   warning  Unsafe argument of type `any` assigned to a parameter of type `GameCoreService`          @typescript-eslint/no-unsafe-argument
  350:31  warning  Unsafe argument of type `any` assigned to a parameter of type `RandomService`            @typescript-eslint/no-unsafe-argument
  353:11  error    Unsafe assignment of an `any` value                                                      @typescript-eslint/no-unsafe-assignment
  372:7   error    Unsafe assignment of an `any` value                                                      @typescript-eslint/no-unsafe-assignment
  416:46  warning  Unsafe argument of type `any[]` assigned to a parameter of type `GameSingleActionDto[]`  @typescript-eslint/no-unsafe-argument
  419:64  error    Unsafe member access .message on an `any` value                                          @typescript-eslint/no-unsafe-member-access
  444:7   warning  Unsafe argument of type `any` assigned to a parameter of type `RandomService`            @typescript-eslint/no-unsafe-argument
  445:7   warning  Unsafe argument of type `any` assigned to a parameter of type `TurnFlowService`          @typescript-eslint/no-unsafe-argument
  446:7   warning  Unsafe argument of type `any` assigned to a parameter of type `GameCoreService`          @typescript-eslint/no-unsafe-argument
  449:31  warning  Unsafe argument of type `any` assigned to a parameter of type `RandomService`            @typescript-eslint/no-unsafe-argument
  452:11  error    Unsafe assignment of an `any` value                                                      @typescript-eslint/no-unsafe-assignment
  457:7   error    Unsafe assignment of an `any` value                                                      @typescript-eslint/no-unsafe-assignment
  458:7   error    Unsafe assignment of an `any` value                                                      @typescript-eslint/no-unsafe-assignment
  489:46  warning  Unsafe argument of type `any[]` assigned to a parameter of type `GameSingleActionDto[]`  @typescript-eslint/no-unsafe-argument
  492:64  error    Unsafe member access .message on an `any` value                                          @typescript-eslint/no-unsafe-member-access

C:\wamp64\www\lemondeDeLila\backend\src\game\games\les-quatre-vents\galopons-ensemble\actions\galopons-action.service.ts
   93:5   error    Unsafe assignment of an `any` value                                     @typescript-eslint/no-unsafe-assignment
  119:36  error    Unsafe member access .keepTurn on an `any` value                        @typescript-eslint/no-unsafe-member-access
  122:28  error    Unsafe member access .keepTurn on an `any` value                        @typescript-eslint/no-unsafe-member-access
  150:11  error    Unsafe assignment of an `any` value                                     @typescript-eslint/no-unsafe-assignment
  153:15  error    Unsafe member access .type on an `any` value                            @typescript-eslint/no-unsafe-member-access
  154:15  error    Unsafe member access .playerId on an `any` value                        @typescript-eslint/no-unsafe-member-access
  157:60  error    Unsafe member access .targetPlayerId on an `any` value                  @typescript-eslint/no-unsafe-member-access
  260:11  error    Unsafe assignment of an `any` value                                     @typescript-eslint/no-unsafe-assignment
  261:29  error    Unsafe member access .type on an `any` value                            @typescript-eslint/no-unsafe-member-access
  263:11  error    Unsafe assignment of an `any` value                                     @typescript-eslint/no-unsafe-assignment
  264:22  error    Unsafe member access .playerId on an `any` value                        @typescript-eslint/no-unsafe-member-access
  265:19  error    Unsafe member access .playerId on an `any` value                        @typescript-eslint/no-unsafe-member-access
  270:40  warning  Unsafe argument of type `any` assigned to a parameter of type `number`  @typescript-eslint/no-unsafe-argument
  440:21  error    Unsafe member access .keepTurn on an `any` value                        @typescript-eslint/no-unsafe-member-access
  720:11  error    Unsafe assignment of an `any` value                                     @typescript-eslint/no-unsafe-assignment
  720:48  error    Unsafe member access .id on an `any` value                              @typescript-eslint/no-unsafe-member-access
  722:22  error    Unsafe member access .pawn on an `any` value                            @typescript-eslint/no-unsafe-member-access
  722:56  error    Unsafe member access .pawn on an `any` value                            @typescript-eslint/no-unsafe-member-access

C:\wamp64\www\lemondeDeLila\backend\src\game\games\les-quatre-vents\galopons-ensemble\presenter\galopons-presenter.service.ts
  32:5   error  Unsafe return of a value of type `any`          @typescript-eslint/no-unsafe-return
  40:7   error  Unsafe assignment of an `any` value             @typescript-eslint/no-unsafe-assignment
  41:27  error  Unsafe member access .extras on an `any` value  @typescript-eslint/no-unsafe-member-access

C:\wamp64\www\lemondeDeLila\backend\src\game\games\les-quatre-vents\galopons-ensemble\rulebook\rulebook.ts
   29:9   error  Unsafe assignment of an `any` value               @typescript-eslint/no-unsafe-assignment
   71:9   error  Unsafe assignment of an `any` value               @typescript-eslint/no-unsafe-assignment
   82:15  error  Unsafe member access .type on an `any` value      @typescript-eslint/no-unsafe-member-access
  100:15  error  Unsafe member access .type on an `any` value      @typescript-eslint/no-unsafe-member-access
  108:15  error  Unsafe member access .type on an `any` value      @typescript-eslint/no-unsafe-member-access
  117:17  error  Unsafe member access .playerId on an `any` value  @typescript-eslint/no-unsafe-member-access

C:\wamp64\www\lemondeDeLila\backend\src\game\games\les-quatre-vents\galopons-ensemble\setup\galopons-setup.service.ts
  31:11  error  Unsafe assignment of an `any` value  @typescript-eslint/no-unsafe-assignment
  40:16  error  Unsafe assignment of an `any` value  @typescript-eslint/no-unsafe-assignment

C:\wamp64\www\lemondeDeLila\backend\src\game\games\les-quatre-vents\mission-galaxie\actions\mission-galaxie-action.service.ts
   96:5   error    Unsafe assignment of an `any` value                                     @typescript-eslint/no-unsafe-assignment
  136:11  error    Unsafe assignment of an `any` value                                     @typescript-eslint/no-unsafe-assignment
  139:11  error    Unsafe assignment of an `any` value                                     @typescript-eslint/no-unsafe-assignment
  140:22  error    Unsafe member access .playerId on an `any` value                        @typescript-eslint/no-unsafe-member-access
  141:19  error    Unsafe member access .playerId on an `any` value                        @typescript-eslint/no-unsafe-member-access
  145:30  error    Unsafe member access .data on an `any` value                            @typescript-eslint/no-unsafe-member-access
  159:45  warning  Unsafe argument of type `any` assigned to a parameter of type `number`  @typescript-eslint/no-unsafe-argument
  166:9   warning  Unsafe argument of type `any` assigned to a parameter of type `number`  @typescript-eslint/no-unsafe-argument
  174:7   error    Unsafe assignment of an `any` value                                     @typescript-eslint/no-unsafe-assignment
  180:7   error    Unsafe assignment of an `any` value                                     @typescript-eslint/no-unsafe-assignment
  202:43  warning  Unsafe argument of type `any` assigned to a parameter of type `number`  @typescript-eslint/no-unsafe-argument
  215:57  error    Unsafe member access .choiceIndex on an `any` value                     @typescript-eslint/no-unsafe-member-access
  259:11  error    Unsafe assignment of an `any` value                                     @typescript-eslint/no-unsafe-assignment
  262:60  error    Unsafe member access .targetPlayerId on an `any` value                  @typescript-eslint/no-unsafe-member-access
  263:51  error    Unsafe member access .delta on an `any` value                           @typescript-eslint/no-unsafe-member-access
  273:11  error    Unsafe assignment of an `any` value                                     @typescript-eslint/no-unsafe-assignment
  274:30  error    Unsafe member access .data on an `any` value                            @typescript-eslint/no-unsafe-member-access
  274:55  error    Unsafe member access .data on an `any` value                            @typescript-eslint/no-unsafe-member-access
  590:5   error    '_playerId' is defined but never used                                   @typescript-eslint/no-unused-vars
  692:11  error    Unsafe assignment of an `any` value                                     @typescript-eslint/no-unsafe-assignment
  692:48  error    Unsafe member access .id on an `any` value                              @typescript-eslint/no-unsafe-member-access
  694:22  error    Unsafe member access .pawn on an `any` value                            @typescript-eslint/no-unsafe-member-access
  694:56  error    Unsafe member access .pawn on an `any` value                            @typescript-eslint/no-unsafe-member-access

C:\wamp64\www\lemondeDeLila\backend\src\game\games\les-quatre-vents\mission-galaxie\presenter\mission-galaxie-presenter.service.ts
  35:5   error  Unsafe return of a value of type `any`          @typescript-eslint/no-unsafe-return
  43:7   error  Unsafe assignment of an `any` value             @typescript-eslint/no-unsafe-assignment
  44:27  error  Unsafe member access .extras on an `any` value  @typescript-eslint/no-unsafe-member-access

C:\wamp64\www\lemondeDeLila\backend\src\game\games\les-quatre-vents\mission-galaxie\rulebook\rulebook.ts
   29:9   error  Unsafe assignment of an `any` value                     @typescript-eslint/no-unsafe-assignment
   31:17  error  Unsafe member access .playerId on an `any` value        @typescript-eslint/no-unsafe-member-access
   34:17  error  Unsafe member access .type on an `any` value            @typescript-eslint/no-unsafe-member-access
   43:17  error  Unsafe member access .type on an `any` value            @typescript-eslint/no-unsafe-member-access
   44:13  error  Unsafe assignment of an `any` value                     @typescript-eslint/no-unsafe-assignment
   45:32  error  Unsafe member access .data on an `any` value            @typescript-eslint/no-unsafe-member-access
   45:57  error  Unsafe member access .data on an `any` value            @typescript-eslint/no-unsafe-member-access
   87:9   error  Unsafe assignment of an `any` value                     @typescript-eslint/no-unsafe-assignment
   89:17  error  Unsafe member access .playerId on an `any` value        @typescript-eslint/no-unsafe-member-access
  103:15  error  Unsafe member access .type on an `any` value            @typescript-eslint/no-unsafe-member-access
  110:17  error  Unsafe member access .type on an `any` value            @typescript-eslint/no-unsafe-member-access
  133:56  error  Unsafe member access .choiceIndex on an `any` value     @typescript-eslint/no-unsafe-member-access
  138:17  error  Unsafe member access .type on an `any` value            @typescript-eslint/no-unsafe-member-access
  144:13  error  Unsafe assignment of an `any` value                     @typescript-eslint/no-unsafe-assignment
  145:32  error  Unsafe member access .data on an `any` value            @typescript-eslint/no-unsafe-member-access
  145:57  error  Unsafe member access .data on an `any` value            @typescript-eslint/no-unsafe-member-access
  146:62  error  Unsafe member access .targetPlayerId on an `any` value  @typescript-eslint/no-unsafe-member-access
  147:53  error  Unsafe member access .delta on an `any` value           @typescript-eslint/no-unsafe-member-access

C:\wamp64\www\lemondeDeLila\backend\src\game\games\les-quatre-vents\mission-galaxie\setup\mission-galaxie-setup.service.ts
  37:11  error  Unsafe assignment of an `any` value  @typescript-eslint/no-unsafe-assignment
  56:9   error  Unsafe assignment of an `any` value  @typescript-eslint/no-unsafe-assignment
  57:9   error  Unsafe assignment of an `any` value  @typescript-eslint/no-unsafe-assignment
  58:9   error  Unsafe assignment of an `any` value  @typescript-eslint/no-unsafe-assignment

C:\wamp64\www\lemondeDeLila\backend\src\game\games\les-quatre-vents\mon-village-mon-histoire\actions\mon-village-action.service.ts
  100:11  error  Unsafe assignment of an `any` value           @typescript-eslint/no-unsafe-assignment
  312:11  error  Unsafe assignment of an `any` value           @typescript-eslint/no-unsafe-assignment
  312:48  error  Unsafe member access .id on an `any` value    @typescript-eslint/no-unsafe-member-access
  314:22  error  Unsafe member access .pawn on an `any` value  @typescript-eslint/no-unsafe-member-access
  314:56  error  Unsafe member access .pawn on an `any` value  @typescript-eslint/no-unsafe-member-access

C:\wamp64\www\lemondeDeLila\backend\src\game\games\les-quatre-vents\mon-village-mon-histoire\presenter\mon-village-presenter.service.ts
  48:5   error  Unsafe return of a value of type `any`          @typescript-eslint/no-unsafe-return
  58:7   error  Unsafe assignment of an `any` value             @typescript-eslint/no-unsafe-assignment
  59:27  error  Unsafe member access .extras on an `any` value  @typescript-eslint/no-unsafe-member-access

C:\wamp64\www\lemondeDeLila\backend\src\game\games\les-quatre-vents\mon-village-mon-histoire\setup\mon-village-setup.service.ts
  41:11  error  Unsafe assignment of an `any` value  @typescript-eslint/no-unsafe-assignment
  44:9   error  Unsafe assignment of an `any` value  @typescript-eslint/no-unsafe-assignment
  53:7   error  Unsafe assignment of an `any` value  @typescript-eslint/no-unsafe-assignment

C:\wamp64\www\lemondeDeLila\backend\src\game\games\les-quatre-vents\odyssee-quatre-cieux\actions\odyssee-action.service.ts
   71:5    error    Unsafe assignment of an `any` value                                     @typescript-eslint/no-unsafe-assignment
   95:39   error    Unsafe member access .winnerId on an `any` value                        @typescript-eslint/no-unsafe-member-access
  125:11   error    Unsafe assignment of an `any` value                                     @typescript-eslint/no-unsafe-assignment
  128:15   error    Unsafe member access .type on an `any` value                            @typescript-eslint/no-unsafe-member-access
  129:15   error    Unsafe member access .playerId on an `any` value                        @typescript-eslint/no-unsafe-member-access
  133:55   error    Unsafe member access .pawnIndex on an `any` value                       @typescript-eslint/no-unsafe-member-access
  134:60   error    Unsafe member access .targetProgress on an `any` value                  @typescript-eslint/no-unsafe-member-access
  138:34   error    Unsafe member access .data on an `any` value                            @typescript-eslint/no-unsafe-member-access
  139:11   error    Unsafe assignment of an `any` value                                     @typescript-eslint/no-unsafe-assignment
  140:30   error    Unsafe member access .data on an `any` value                            @typescript-eslint/no-unsafe-member-access
  140:53   error    Unsafe member access .data on an `any` value                            @typescript-eslint/no-unsafe-member-access
  149:11   error    Unsafe assignment of an `any` value                                     @typescript-eslint/no-unsafe-assignment
  150:15   error    Unsafe member access .choices on an `any` value                         @typescript-eslint/no-unsafe-member-access
  161:36   error    Unsafe assignment of an `any` value                                     @typescript-eslint/no-unsafe-assignment
  165:37   error    Unsafe member access .winnerId on an `any` value                        @typescript-eslint/no-unsafe-member-access
  230:5    error    '_roll' is defined but never used                                       @typescript-eslint/no-unused-vars
  325:15   error    Unsafe assignment of an `any` value                                     @typescript-eslint/no-unsafe-assignment
  325:35   error    Unsafe member access .progress on an `any` value                        @typescript-eslint/no-unsafe-member-access
  325:64   error    Unsafe member access .progress on an `any` value                        @typescript-eslint/no-unsafe-member-access
  326:51   error    Unsafe return of a value of type `any`                                  @typescript-eslint/no-unsafe-return
  328:31   error    Unsafe return of a value of type `any`                                  @typescript-eslint/no-unsafe-return
  331:115  warning  Unsafe argument of type `any` assigned to a parameter of type `number`  @typescript-eslint/no-unsafe-argument
  331:120  error    Unsafe member access .pawnIndex on an `any` value                       @typescript-eslint/no-unsafe-member-access
  333:9    error    Unsafe return of a value of type `any`                                  @typescript-eslint/no-unsafe-return
  410:11   error    Unsafe assignment of an `any` value                                     @typescript-eslint/no-unsafe-assignment
  411:39   error    Unsafe member access .pawnNamesByPlayer on an `any` value               @typescript-eslint/no-unsafe-member-access
  412:14   error    Unsafe member access .pawnNamesByPlayer on an `any` value               @typescript-eslint/no-unsafe-member-access
  421:11   error    Unsafe assignment of an `any` value                                     @typescript-eslint/no-unsafe-assignment
  421:43   error    Unsafe member access .id on an `any` value                              @typescript-eslint/no-unsafe-member-access
  422:34   error    Unsafe member access .pawn on an `any` value                            @typescript-eslint/no-unsafe-member-access
  422:63   error    Unsafe member access .pawn on an `any` value                            @typescript-eslint/no-unsafe-member-access

C:\wamp64\www\lemondeDeLila\backend\src\game\games\les-quatre-vents\odyssee-quatre-cieux\presenter\odyssee-presenter.service.ts
  70:5   error  Unsafe return of a value of type `any`          @typescript-eslint/no-unsafe-return
  78:7   error  Unsafe assignment of an `any` value             @typescript-eslint/no-unsafe-assignment
  79:27  error  Unsafe member access .extras on an `any` value  @typescript-eslint/no-unsafe-member-access

C:\wamp64\www\lemondeDeLila\backend\src\game\games\les-quatre-vents\odyssee-quatre-cieux\rulebook\rulebook.ts
  27:9   error  Unsafe assignment of an `any` value               @typescript-eslint/no-unsafe-assignment
  38:17  error  Unsafe member access .playerId on an `any` value  @typescript-eslint/no-unsafe-member-access
  71:9   error  Unsafe assignment of an `any` value               @typescript-eslint/no-unsafe-assignment
  74:7   error  Unsafe assignment of an `any` value               @typescript-eslint/no-unsafe-assignment

C:\wamp64\www\lemondeDeLila\backend\src\game\games\les-quatre-vents\panier-express\actions\panier-express-deck.service.ts
  34:7  error  Unsafe assignment of an `any` value     @typescript-eslint/no-unsafe-assignment
  72:5  error  Unsafe return of a value of type `any`  @typescript-eslint/no-unsafe-return

C:\wamp64\www\lemondeDeLila\backend\src\game\games\les-quatre-vents\panier-express\actions\panier-express-draw.service.ts
   27:11  error  Unsafe assignment of an `any` value                         @typescript-eslint/no-unsafe-assignment
   27:35  error  Unsafe member access .statuses on an `any` value            @typescript-eslint/no-unsafe-member-access
   96:11  error  Unsafe assignment of an `any` value                         @typescript-eslint/no-unsafe-assignment
   99:33  error  Unsafe member access .lastObtainedCourse on an `any` value  @typescript-eslint/no-unsafe-member-access
  105:7   error  Unsafe assignment of an `any` value                         @typescript-eslint/no-unsafe-assignment
  108:38  error  Unsafe member access .discards on an `any` value            @typescript-eslint/no-unsafe-member-access
  110:17  error  Unsafe spread of an `any` value in an array                 @typescript-eslint/no-unsafe-assignment
  110:42  error  Unsafe member access .discards on an `any` value            @typescript-eslint/no-unsafe-member-access
  115:33  error  Unsafe member access .discards on an `any` value            @typescript-eslint/no-unsafe-member-access
  137:40  error  Unsafe member access .roomId on an `any` value              @typescript-eslint/no-unsafe-member-access
  138:42  error  Unsafe member access .gameType on an `any` value            @typescript-eslint/no-unsafe-member-access

C:\wamp64\www\lemondeDeLila\backend\src\game\games\les-quatre-vents\panier-express\actions\panier-express-exchange.service.ts
   101:7   error    Unsafe return of a value of type `any`                                  @typescript-eslint/no-unsafe-return
   118:40  error    Unsafe member access .roomId on an `any` value                          @typescript-eslint/no-unsafe-member-access
   119:42  error    Unsafe member access .gameType on an `any` value                        @typescript-eslint/no-unsafe-member-access
   133:11  error    Unsafe assignment of an `any` value                                     @typescript-eslint/no-unsafe-assignment
   134:11  error    Unsafe assignment of an `any` value                                     @typescript-eslint/no-unsafe-assignment
   135:26  error    Unsafe member access .type on an `any` value                            @typescript-eslint/no-unsafe-member-access
   135:57  error    Unsafe member access .step on an `any` value                            @typescript-eslint/no-unsafe-member-access
   147:33  error    Unsafe member access .targetUsername on an `any` value                  @typescript-eslint/no-unsafe-member-access
   147:86  error    Unsafe member access .initiatorUsername on an `any` value               @typescript-eslint/no-unsafe-member-access
   161:13  error    Unsafe assignment of an `any` value                                     @typescript-eslint/no-unsafe-assignment
   162:13  error    Unsafe assignment of an `any` value                                     @typescript-eslint/no-unsafe-assignment
   165:52  error    Unsafe member access .inventory on an `any` value                       @typescript-eslint/no-unsafe-member-access
   191:13  error    Unsafe assignment of an `any` value                                     @typescript-eslint/no-unsafe-assignment
   194:13  error    Unsafe assignment of an `any` value                                     @typescript-eslint/no-unsafe-assignment
   197:64  error    Unsafe member access .inventory on an `any` value                       @typescript-eslint/no-unsafe-member-access
   198:58  error    Unsafe member access .inventory on an `any` value                       @typescript-eslint/no-unsafe-member-access
   218:13  error    Unsafe assignment of an `any` value                                     @typescript-eslint/no-unsafe-assignment
   221:13  error    Unsafe assignment of an `any` value                                     @typescript-eslint/no-unsafe-assignment
   224:64  error    Unsafe member access .inventory on an `any` value                       @typescript-eslint/no-unsafe-member-access
   225:58  error    Unsafe member access .inventory on an `any` value                       @typescript-eslint/no-unsafe-member-access
   274:13  error    Unsafe assignment of an `any` value                                     @typescript-eslint/no-unsafe-assignment
   277:52  error    Unsafe member access .inventory on an `any` value                       @typescript-eslint/no-unsafe-member-access
   286:9   error    Unsafe assignment of an `any` value                                     @typescript-eslint/no-unsafe-assignment
   357:9   error    Unsafe assignment of an `any` value                                     @typescript-eslint/no-unsafe-assignment
   380:13  error    Unsafe assignment of an `any` value                                     @typescript-eslint/no-unsafe-assignment
   381:48  error    Unsafe member access .inventory on an `any` value                       @typescript-eslint/no-unsafe-member-access
   391:9   error    Unsafe assignment of an `any` value                                     @typescript-eslint/no-unsafe-assignment
   418:9   error    Unsafe assignment of an `any` value                                     @typescript-eslint/no-unsafe-assignment
   445:9   error    Unsafe assignment of an `any` value                                     @typescript-eslint/no-unsafe-assignment
   471:13  error    Unsafe assignment of an `any` value                                     @typescript-eslint/no-unsafe-assignment
   477:9   error    Unsafe assignment of an `any` value                                     @typescript-eslint/no-unsafe-assignment
   494:13  error    Unsafe assignment of an `any` value                                     @typescript-eslint/no-unsafe-assignment
   495:50  error    Unsafe member access .inventory on an `any` value                       @typescript-eslint/no-unsafe-member-access
   505:9   error    Unsafe assignment of an `any` value                                     @typescript-eslint/no-unsafe-assignment
   536:13  error    Unsafe assignment of an `any` value                                     @typescript-eslint/no-unsafe-assignment
   537:13  error    Unsafe assignment of an `any` value                                     @typescript-eslint/no-unsafe-assignment
   540:50  error    Unsafe member access .inventory on an `any` value                       @typescript-eslint/no-unsafe-member-access
   541:57  error    Unsafe member access .inventory on an `any` value                       @typescript-eslint/no-unsafe-member-access
   579:13  error    Unsafe assignment of an `any` value                                     @typescript-eslint/no-unsafe-assignment
   580:34  error    Unsafe member access .positions on an `any` value                       @typescript-eslint/no-unsafe-member-access
   581:13  error    Unsafe assignment of an `any` value                                     @typescript-eslint/no-unsafe-assignment
   581:43  error    Unsafe member access .tiles on an `any` value                           @typescript-eslint/no-unsafe-member-access
   581:60  error    Unsafe member access .tiles on an `any` value                           @typescript-eslint/no-unsafe-member-access
   582:13  error    Unsafe assignment of an `any` value                                     @typescript-eslint/no-unsafe-assignment
   582:27  error    Unsafe member access .length on an `any` value                          @typescript-eslint/no-unsafe-member-access
   603:13  error    Unsafe assignment of an `any` value                                     @typescript-eslint/no-unsafe-assignment
   604:13  error    Unsafe assignment of an `any` value                                     @typescript-eslint/no-unsafe-assignment
   607:49  error    Unsafe member access .inventory on an `any` value                       @typescript-eslint/no-unsafe-member-access
   608:53  error    Unsafe member access .inventory on an `any` value                       @typescript-eslint/no-unsafe-member-access
   644:48  error    Unsafe member access .inventory on an `any` value                       @typescript-eslint/no-unsafe-member-access
   663:51  error    Unsafe member access .id on an `any` value                              @typescript-eslint/no-unsafe-member-access
   694:57  error    Unsafe member access .inventory on an `any` value                       @typescript-eslint/no-unsafe-member-access
   736:57  error    Unsafe member access .inventory on an `any` value                       @typescript-eslint/no-unsafe-member-access
   779:13  error    Unsafe assignment of an `any` value                                     @typescript-eslint/no-unsafe-assignment
   781:15  error    Unsafe member access .id on an `any` value                              @typescript-eslint/no-unsafe-member-access
   781:32  error    Unsafe return of a value of type `any`                                  @typescript-eslint/no-unsafe-return
   783:9   error    Unsafe return of a value of type `any`                                  @typescript-eslint/no-unsafe-return
   800:13  error    Unsafe assignment of an `any` value                                     @typescript-eslint/no-unsafe-assignment
   801:13  error    Unsafe assignment of an `any` value                                     @typescript-eslint/no-unsafe-assignment
   801:51  error    Unsafe member access .targets on an `any` value                         @typescript-eslint/no-unsafe-member-access
   802:19  error    Unsafe member access .targets on an `any` value                         @typescript-eslint/no-unsafe-member-access
   805:42  error    Unsafe member access .roomId on an `any` value                          @typescript-eslint/no-unsafe-member-access
   806:44  error    Unsafe member access .gameType on an `any` value                        @typescript-eslint/no-unsafe-member-access
   827:15  error    Unsafe assignment of an `any` value                                     @typescript-eslint/no-unsafe-assignment
   830:49  error    Unsafe member access .inventory on an `any` value                       @typescript-eslint/no-unsafe-member-access
   834:17  error    Unsafe member access .id on an `any` value                              @typescript-eslint/no-unsafe-member-access
   834:34  error    Unsafe return of a value of type `any`                                  @typescript-eslint/no-unsafe-return
   835:50  error    Unsafe member access .inventory on an `any` value                       @typescript-eslint/no-unsafe-member-access
   836:11  error    Unsafe return of a value of type `any`                                  @typescript-eslint/no-unsafe-return
   865:14  error    Unsafe assignment of an `any` value                                     @typescript-eslint/no-unsafe-assignment
   867:43  error    Unsafe member access .shoppingList on an `any` value                    @typescript-eslint/no-unsafe-member-access
   868:45  error    Unsafe member access .basket on an `any` value                          @typescript-eslint/no-unsafe-member-access
   869:48  error    Unsafe member access .inventory on an `any` value                       @typescript-eslint/no-unsafe-member-access
   879:9   error    Unsafe assignment of an `any` value                                     @typescript-eslint/no-unsafe-assignment
   889:7   error    Unsafe assignment of an `any` value                                     @typescript-eslint/no-unsafe-assignment
   897:7   error    Unsafe assignment of an `any` value                                     @typescript-eslint/no-unsafe-assignment
   905:7   error    Unsafe assignment of an `any` value                                     @typescript-eslint/no-unsafe-assignment
   912:5   error    Unsafe assignment of an `any` value                                     @typescript-eslint/no-unsafe-assignment
   929:11  error    Unsafe member access .id on an `any` value                              @typescript-eslint/no-unsafe-member-access
   929:28  error    Unsafe return of a value of type `any`                                  @typescript-eslint/no-unsafe-return
   933:5   error    Unsafe return of a value of type `any`                                  @typescript-eslint/no-unsafe-return
   935:9   error    Unsafe assignment of an `any` value                                     @typescript-eslint/no-unsafe-assignment
   936:9   error    Unsafe assignment of an `any` value                                     @typescript-eslint/no-unsafe-assignment
   936:47  error    Unsafe member access .discards on an `any` value                        @typescript-eslint/no-unsafe-member-access
   937:7   error    Unsafe call of an `any` typed value                                     @typescript-eslint/no-unsafe-call
   937:12  error    Unsafe member access .discards on an `any` value                        @typescript-eslint/no-unsafe-member-access
   944:7   error    Unsafe assignment of an `any` value                                     @typescript-eslint/no-unsafe-assignment
   945:19  error    Unsafe member access .lastObtainedCourse on an `any` value              @typescript-eslint/no-unsafe-member-access
   948:7   error    Unsafe assignment of an `any` value                                     @typescript-eslint/no-unsafe-assignment
   949:19  error    Unsafe member access .discards on an `any` value                        @typescript-eslint/no-unsafe-member-access
   950:9   error    Unsafe assignment of an `any` value                                     @typescript-eslint/no-unsafe-assignment
   950:31  error    Unsafe spread of an `any` value in an array                             @typescript-eslint/no-unsafe-assignment
   965:11  error    Unsafe member access .id on an `any` value                              @typescript-eslint/no-unsafe-member-access
   965:28  error    Unsafe return of a value of type `any`                                  @typescript-eslint/no-unsafe-return
   966:39  error    Unsafe member access .inventory on an `any` value                       @typescript-eslint/no-unsafe-member-access
   967:5   error    Unsafe return of a value of type `any`                                  @typescript-eslint/no-unsafe-return
   980:11  error    Unsafe member access .id on an `any` value                              @typescript-eslint/no-unsafe-member-access
   980:28  error    Unsafe return of a value of type `any`                                  @typescript-eslint/no-unsafe-return
   981:5   error    Unsafe return of a value of type `any`                                  @typescript-eslint/no-unsafe-return
   992:9   error    Unsafe assignment of an `any` value                                     @typescript-eslint/no-unsafe-assignment
   993:9   error    Unsafe assignment of an `any` value                                     @typescript-eslint/no-unsafe-assignment
   993:39  error    Unsafe member access .discards on an `any` value                        @typescript-eslint/no-unsafe-member-access
   994:7   error    Unsafe call of an `any` typed value                                     @typescript-eslint/no-unsafe-call
   994:12  error    Unsafe member access .discards on an `any` value                        @typescript-eslint/no-unsafe-member-access
  1000:7   error    Unsafe assignment of an `any` value                                     @typescript-eslint/no-unsafe-assignment
  1001:19  error    Unsafe member access .discards on an `any` value                        @typescript-eslint/no-unsafe-member-access
  1002:19  error    Unsafe spread of an `any` value in an array                             @typescript-eslint/no-unsafe-assignment
  1013:9   error    Unsafe assignment of an `any` value                                     @typescript-eslint/no-unsafe-assignment
  1014:9   error    Unsafe assignment of an `any` value                                     @typescript-eslint/no-unsafe-assignment
  1014:25  error    Unsafe member access .statuses on an `any` value                        @typescript-eslint/no-unsafe-member-access
  1015:30  warning  Unsafe argument of type `any` assigned to a parameter of type `number`  @typescript-eslint/no-unsafe-argument
  1020:7   error    Unsafe assignment of an `any` value                                     @typescript-eslint/no-unsafe-assignment
  1021:19  error    Unsafe member access .statuses on an `any` value                        @typescript-eslint/no-unsafe-member-access
  1022:9   error    Unsafe assignment of an `any` value                                     @typescript-eslint/no-unsafe-assignment
  1023:21  error    Unsafe member access .statuses on an `any` value                        @typescript-eslint/no-unsafe-member-access

C:\wamp64\www\lemondeDeLila\backend\src\game\games\les-quatre-vents\panier-express\actions\panier-express-quiz.service.ts
  45:9   error  Unsafe assignment of an `any` value           @typescript-eslint/no-unsafe-assignment
  77:5   error  Unsafe assignment of an `any` value           @typescript-eslint/no-unsafe-assignment
  80:11  error  Unsafe assignment of an `any` value           @typescript-eslint/no-unsafe-assignment
  80:50  error  Unsafe member access .quiz on an `any` value  @typescript-eslint/no-unsafe-member-access
  92:11  error  Unsafe assignment of an `any` value           @typescript-eslint/no-unsafe-assignment

C:\wamp64\www\lemondeDeLila\backend\src\game\games\les-quatre-vents\panier-express\bots\panier-express-bot.service.ts
   29:42  error  Unsafe member access .roomId on an `any` value          @typescript-eslint/no-unsafe-member-access
   30:44  error  Unsafe member access .gameType on an `any` value        @typescript-eslint/no-unsafe-member-access
   53:42  error  Unsafe member access .roomId on an `any` value          @typescript-eslint/no-unsafe-member-access
   54:44  error  Unsafe member access .gameType on an `any` value        @typescript-eslint/no-unsafe-member-access
   78:15  error  Unsafe assignment of an `any` value                     @typescript-eslint/no-unsafe-assignment
   79:15  error  Unsafe assignment of an `any` value                     @typescript-eslint/no-unsafe-assignment
   80:30  error  Unsafe member access .type on an `any` value            @typescript-eslint/no-unsafe-member-access
   80:61  error  Unsafe member access .step on an `any` value            @typescript-eslint/no-unsafe-member-access
   83:29  error  Unsafe member access .playerId on an `any` value        @typescript-eslint/no-unsafe-member-access
   86:35  error  Unsafe member access .give on an `any` value            @typescript-eslint/no-unsafe-member-access
   87:28  error  Unsafe member access .take on an `any` value            @typescript-eslint/no-unsafe-member-access
   87:56  error  Unsafe member access .take on an `any` value            @typescript-eslint/no-unsafe-member-access
   90:38  error  Unsafe member access .bonusRequested on an `any` value  @typescript-eslint/no-unsafe-member-access
  105:15  error  Unsafe assignment of an `any` value                     @typescript-eslint/no-unsafe-assignment
  106:15  error  Unsafe assignment of an `any` value                     @typescript-eslint/no-unsafe-assignment
  106:43  error  Unsafe member access .inventory on an `any` value       @typescript-eslint/no-unsafe-member-access
  106:63  error  Unsafe member access .inventory on an `any` value       @typescript-eslint/no-unsafe-member-access
  107:15  error  Unsafe assignment of an `any` value                     @typescript-eslint/no-unsafe-assignment
  107:24  error  Unsafe call of an `any` typed value                     @typescript-eslint/no-unsafe-call
  107:28  error  Unsafe member access .filter on an `any` value          @typescript-eslint/no-unsafe-member-access
  107:71  error  Unsafe member access .length on an `any` value          @typescript-eslint/no-unsafe-member-access
  108:49  error  Unsafe member access .length on an `any` value          @typescript-eslint/no-unsafe-member-access
  144:42  error  Unsafe member access .roomId on an `any` value          @typescript-eslint/no-unsafe-member-access
  145:44  error  Unsafe member access .gameType on an `any` value        @typescript-eslint/no-unsafe-member-access

C:\wamp64\www\lemondeDeLila\backend\src\game\games\les-quatre-vents\panier-express\definitions\victory.definition.ts
  12:13  error  Unsafe assignment of an `any` value                   @typescript-eslint/no-unsafe-assignment
  13:34  error  Unsafe member access .positions on an `any` value     @typescript-eslint/no-unsafe-member-access
  14:40  error  Unsafe member access .positions on an `any` value     @typescript-eslint/no-unsafe-member-access
  15:37  error  Unsafe member access .positions on an `any` value     @typescript-eslint/no-unsafe-member-access
  19:15  error  Unsafe assignment of an `any` value                   @typescript-eslint/no-unsafe-assignment
  19:60  error  Unsafe member access .shoppingList on an `any` value  @typescript-eslint/no-unsafe-member-access
  20:29  error  Unsafe member access .shoppingList on an `any` value  @typescript-eslint/no-unsafe-member-access
  22:15  error  Unsafe assignment of an `any` value                   @typescript-eslint/no-unsafe-assignment
  22:54  error  Unsafe member access .basket on an `any` value        @typescript-eslint/no-unsafe-member-access
  23:29  error  Unsafe member access .basket on an `any` value        @typescript-eslint/no-unsafe-member-access
  25:15  error  Unsafe assignment of an `any` value                   @typescript-eslint/no-unsafe-assignment
  26:24  error  Unsafe member access .length on an `any` value        @typescript-eslint/no-unsafe-member-access
  27:11  error  Unsafe call of an `any` typed value                   @typescript-eslint/no-unsafe-call
  27:24  error  Unsafe member access .every on an `any` value         @typescript-eslint/no-unsafe-member-access
  27:40  error  Unsafe return of a value of type `any`                @typescript-eslint/no-unsafe-return
  27:40  error  Unsafe call of an `any` typed value                   @typescript-eslint/no-unsafe-call
  27:47  error  Unsafe member access .includes on an `any` value      @typescript-eslint/no-unsafe-member-access
  29:15  error  Unsafe assignment of an `any` value                   @typescript-eslint/no-unsafe-assignment
  30:30  error  Unsafe member access [player.id] on an `any` value    @typescript-eslint/no-unsafe-member-access
  31:25  error  Unsafe member access [player.id] on an `any` value    @typescript-eslint/no-unsafe-member-access
  39:43  error  Unsafe member access .length on an `any` value        @typescript-eslint/no-unsafe-member-access

C:\wamp64\www\lemondeDeLila\backend\src\game\games\les-quatre-vents\panier-express\model\panier-express-utils.service.ts
   59:7   error  Unsafe assignment of an `any` value                   @typescript-eslint/no-unsafe-assignment
   59:18  error  Unsafe member access .id on an `any` value            @typescript-eslint/no-unsafe-member-access
   60:7   error  Unsafe assignment of an `any` value                   @typescript-eslint/no-unsafe-assignment
   61:23  error  Unsafe member access .username on an `any` value      @typescript-eslint/no-unsafe-member-access
   62:20  error  Unsafe member access .username on an `any` value      @typescript-eslint/no-unsafe-member-access
   63:30  error  Unsafe member access .id on an `any` value            @typescript-eslint/no-unsafe-member-access
   64:21  error  Unsafe member access .isBot on an `any` value         @typescript-eslint/no-unsafe-member-access
   65:47  error  Unsafe member access .shoppingList on an `any` value  @typescript-eslint/no-unsafe-member-access
   66:41  error  Unsafe member access .basket on an `any` value        @typescript-eslint/no-unsafe-member-access
   67:44  error  Unsafe member access .inventory on an `any` value     @typescript-eslint/no-unsafe-member-access
   68:7   error  Unsafe assignment of an `any` value                   @typescript-eslint/no-unsafe-assignment
   68:27  error  Unsafe member access .pawn on an `any` value          @typescript-eslint/no-unsafe-member-access
   68:54  error  Unsafe member access .pawn on an `any` value          @typescript-eslint/no-unsafe-member-access
   86:15  error  Unsafe assignment of an `any` value                   @typescript-eslint/no-unsafe-assignment
  130:37  error  Unsafe member access .username on an `any` value      @typescript-eslint/no-unsafe-member-access
  131:20  error  Unsafe member access .isBot on an `any` value         @typescript-eslint/no-unsafe-member-access
  143:36  error  Unsafe member access .shoppingList on an `any` value  @typescript-eslint/no-unsafe-member-access
  144:22  error  Unsafe member access .shoppingList on an `any` value  @typescript-eslint/no-unsafe-member-access
  146:36  error  Unsafe member access .basket on an `any` value        @typescript-eslint/no-unsafe-member-access
  146:58  error  Unsafe member access .basket on an `any` value        @typescript-eslint/no-unsafe-member-access
  148:36  error  Unsafe member access .inventory on an `any` value     @typescript-eslint/no-unsafe-member-access
  149:22  error  Unsafe member access .inventory on an `any` value     @typescript-eslint/no-unsafe-member-access
  221:18  error  Unsafe member access .type on an `any` value          @typescript-eslint/no-unsafe-member-access
  227:30  error  Unsafe member access .standId on an `any` value       @typescript-eslint/no-unsafe-member-access
  243:9   error  Unsafe return of a value of type `any`                @typescript-eslint/no-unsafe-return
  243:22  error  Unsafe member access .id on an `any` value            @typescript-eslint/no-unsafe-member-access

C:\wamp64\www\lemondeDeLila\backend\src\game\games\les-quatre-vents\panier-express\panier-express.service.ts
   165:11  error    Unsafe assignment of an `any` value                                                                                                                                                                                                                                                                @typescript-eslint/no-unsafe-assignment
   167:21  error    Unsafe member access .category on an `any` value                                                                                                                                                                                                                                                   @typescript-eslint/no-unsafe-member-access
   168:21  error    Unsafe member access .subcategory on an `any` value                                                                                                                                                                                                                                                @typescript-eslint/no-unsafe-member-access
   169:21  error    Unsafe member access .tiles on an `any` value                                                                                                                                                                                                                                                      @typescript-eslint/no-unsafe-member-access
   170:21  error    Unsafe member access .positions on an `any` value                                                                                                                                                                                                                                                  @typescript-eslint/no-unsafe-member-access
   171:21  error    Unsafe member access .decks on an `any` value                                                                                                                                                                                                                                                      @typescript-eslint/no-unsafe-member-access
   234:28  error    Unsafe member access .pawn on an `any` value                                                                                                                                                                                                                                                       @typescript-eslint/no-unsafe-member-access
   235:31  error    Unsafe member access .pawn on an `any` value                                                                                                                                                                                                                                                       @typescript-eslint/no-unsafe-member-access
   288:41  error    Unsafe member access .pawn on an `any` value                                                                                                                                                                                                                                                       @typescript-eslint/no-unsafe-member-access
   289:41  error    Unsafe member access .pawn on an `any` value                                                                                                                                                                                                                                                       @typescript-eslint/no-unsafe-member-access
   307:28  error    Unsafe member access .pawn on an `any` value                                                                                                                                                                                                                                                       @typescript-eslint/no-unsafe-member-access
   308:31  error    Unsafe member access .pawn on an `any` value                                                                                                                                                                                                                                                       @typescript-eslint/no-unsafe-member-access
   495:7   warning  Unsafe argument of type `any` assigned to a parameter of type `{ skipTurn: Record<number, number>; keepTurn?: Record<number, number> | undefined; revealInventory?: Record<number, number> | undefined; revealShoppingList?: Record<...> | undefined; noDrawCourses?: Record<...> | undefined; }`  @typescript-eslint/no-unsafe-argument
   513:20  warning  Unsafe argument of type `any` assigned to a parameter of type `ArrayLike<unknown> | { [s: string]: unknown; }`                                                                                                                                                                                     @typescript-eslint/no-unsafe-argument
   513:35  error    Unsafe member access .lastObtainedCourse on an `any` value                                                                                                                                                                                                                                         @typescript-eslint/no-unsafe-member-access
   517:46  error    'val' will use Object's default stringification format ('[object Object]') when stringified                                                                                                                                                                                                        @typescript-eslint/no-base-to-string
   587:7   error    Unsafe assignment of an `any` value                                                                                                                                                                                                                                                                @typescript-eslint/no-unsafe-assignment
   588:32  error    Unsafe member access .revealShoppingList on an `any` value                                                                                                                                                                                                                                         @typescript-eslint/no-unsafe-member-access
   589:32  error    Unsafe member access .revealShoppingList on an `any` value                                                                                                                                                                                                                                         @typescript-eslint/no-unsafe-member-access
   591:7   error    Unsafe assignment of an `any` value                                                                                                                                                                                                                                                                @typescript-eslint/no-unsafe-assignment
   592:32  error    Unsafe member access .noDrawCourses on an `any` value                                                                                                                                                                                                                                              @typescript-eslint/no-unsafe-member-access
   593:32  error    Unsafe member access .noDrawCourses on an `any` value                                                                                                                                                                                                                                              @typescript-eslint/no-unsafe-member-access
   631:9   error    Unsafe assignment of an `any` value                                                                                                                                                                                                                                                                @typescript-eslint/no-unsafe-assignment
   635:21  error    Unsafe member access .pawn on an `any` value                                                                                                                                                                                                                                                       @typescript-eslint/no-unsafe-member-access
   635:50  error    Unsafe member access .pawn on an `any` value                                                                                                                                                                                                                                                       @typescript-eslint/no-unsafe-member-access
   642:19  error    Unsafe member access .pawn on an `any` value                                                                                                                                                                                                                                                       @typescript-eslint/no-unsafe-member-access
   642:48  error    Unsafe member access .pawn on an `any` value                                                                                                                                                                                                                                                       @typescript-eslint/no-unsafe-member-access
   645:9   error    Unsafe return of a value of type `any`                                                                                                                                                                                                                                                             @typescript-eslint/no-unsafe-return
   647:33  error    Unsafe return of a value of type `any`                                                                                                                                                                                                                                                             @typescript-eslint/no-unsafe-return
   651:7   error    Unsafe assignment of an `any` value                                                                                                                                                                                                                                                                @typescript-eslint/no-unsafe-assignment
   654:20  error    Unsafe return of a value of type `any`                                                                                                                                                                                                                                                             @typescript-eslint/no-unsafe-return
   656:27  error    Unsafe assignment of an `any` value                                                                                                                                                                                                                                                                @typescript-eslint/no-unsafe-assignment
   656:33  error    Unsafe member access .id on an `any` value                                                                                                                                                                                                                                                         @typescript-eslint/no-unsafe-member-access
   657:7   error    Unsafe return of a value of type `any`                                                                                                                                                                                                                                                             @typescript-eslint/no-unsafe-return
   677:11  error    Unsafe assignment of an `any` value                                                                                                                                                                                                                                                                @typescript-eslint/no-unsafe-assignment
   678:28  error    Unsafe member access .type on an `any` value                                                                                                                                                                                                                                                       @typescript-eslint/no-unsafe-member-access
   686:23  error    Unsafe member access .pawn on an `any` value                                                                                                                                                                                                                                                       @typescript-eslint/no-unsafe-member-access
   695:33  error    Unsafe return of a value of type `any`                                                                                                                                                                                                                                                             @typescript-eslint/no-unsafe-return
   696:30  error    Unsafe member access .pawn on an `any` value                                                                                                                                                                                                                                                       @typescript-eslint/no-unsafe-member-access
   696:59  error    Unsafe member access .pawn on an `any` value                                                                                                                                                                                                                                                       @typescript-eslint/no-unsafe-member-access
   697:18  error    Unsafe return of a value of type `any`                                                                                                                                                                                                                                                             @typescript-eslint/no-unsafe-return
   698:7   error    Unsafe return of a value of type `any`                                                                                                                                                                                                                                                             @typescript-eslint/no-unsafe-return
   709:21  error    Unsafe member access .pawn on an `any` value                                                                                                                                                                                                                                                       @typescript-eslint/no-unsafe-member-access
   709:50  error    Unsafe member access .pawn on an `any` value                                                                                                                                                                                                                                                       @typescript-eslint/no-unsafe-member-access
   727:7   error    Unsafe assignment of an `any` value                                                                                                                                                                                                                                                                @typescript-eslint/no-unsafe-assignment
   751:23  error    Unsafe member access .pawn on an `any` value                                                                                                                                                                                                                                                       @typescript-eslint/no-unsafe-member-access
   758:11  error    Unsafe assignment of an `any` value                                                                                                                                                                                                                                                                @typescript-eslint/no-unsafe-assignment
   760:15  error    Unsafe member access .pawnAnnouncementsDone on an `any` value                                                                                                                                                                                                                                      @typescript-eslint/no-unsafe-member-access
   762:32  error    Unsafe member access .pawn on an `any` value                                                                                                                                                                                                                                                       @typescript-eslint/no-unsafe-member-access
   762:61  error    Unsafe member access .pawn on an `any` value                                                                                                                                                                                                                                                       @typescript-eslint/no-unsafe-member-access
   766:63  warning  Unsafe argument of type `any` assigned to a parameter of type `number`                                                                                                                                                                                                                             @typescript-eslint/no-unsafe-argument
   766:65  error    Unsafe member access .id on an `any` value                                                                                                                                                                                                                                                         @typescript-eslint/no-unsafe-member-access
   795:11  error    Unsafe assignment of an `any` value                                                                                                                                                                                                                                                                @typescript-eslint/no-unsafe-assignment
   796:15  error    Unsafe member access .starterChosenAfterPawnSelection on an `any` value                                                                                                                                                                                                                            @typescript-eslint/no-unsafe-member-access
   803:11  error    Unsafe assignment of an `any` value                                                                                                                                                                                                                                                                @typescript-eslint/no-unsafe-assignment
   838:11  error    Unsafe assignment of an `any` value                                                                                                                                                                                                                                                                @typescript-eslint/no-unsafe-assignment
   845:40  error    Unsafe member access .roomId on an `any` value                                                                                                                                                                                                                                                     @typescript-eslint/no-unsafe-member-access
   846:42  error    Unsafe member access .gameType on an `any` value                                                                                                                                                                                                                                                   @typescript-eslint/no-unsafe-member-access
   904:11  error    Unsafe assignment of an `any` value                                                                                                                                                                                                                                                                @typescript-eslint/no-unsafe-assignment
   905:29  error    Unsafe member access .type on an `any` value                                                                                                                                                                                                                                                       @typescript-eslint/no-unsafe-member-access
   906:11  error    Unsafe assignment of an `any` value                                                                                                                                                                                                                                                                @typescript-eslint/no-unsafe-assignment
   907:36  error    Unsafe member access .actorId on an `any` value                                                                                                                                                                                                                                                    @typescript-eslint/no-unsafe-member-access
   908:32  error    Unsafe member access .actorId on an `any` value                                                                                                                                                                                                                                                    @typescript-eslint/no-unsafe-member-access
   909:26  error    Unsafe member access .playerId on an `any` value                                                                                                                                                                                                                                                   @typescript-eslint/no-unsafe-member-access
   910:44  error    Unsafe member access .playerId on an `any` value                                                                                                                                                                                                                                                   @typescript-eslint/no-unsafe-member-access
   922:11  error    Unsafe assignment of an `any` value                                                                                                                                                                                                                                                                @typescript-eslint/no-unsafe-assignment
   922:27  error    Unsafe member access .data on an `any` value                                                                                                                                                                                                                                                       @typescript-eslint/no-unsafe-member-access
   923:30  error    Unsafe member access .kind on an `any` value                                                                                                                                                                                                                                                       @typescript-eslint/no-unsafe-member-access
   932:13  error    Unsafe assignment of an `any` value                                                                                                                                                                                                                                                                @typescript-eslint/no-unsafe-assignment
   934:11  error    Unsafe assignment of an `any` value                                                                                                                                                                                                                                                                @typescript-eslint/no-unsafe-assignment
   934:30  error    Unsafe member access .decks on an `any` value                                                                                                                                                                                                                                                      @typescript-eslint/no-unsafe-member-access
   940:11  warning  Unsafe argument of type `any` assigned to a parameter of type `DeckPoolState<string>`                                                                                                                                                                                                              @typescript-eslint/no-unsafe-argument
   944:9   error    Unsafe assignment of an `any` value                                                                                                                                                                                                                                                                @typescript-eslint/no-unsafe-assignment
   949:13  warning  Unsafe argument of type `any` assigned to a parameter of type `DeckPoolState<string>`                                                                                                                                                                                                              @typescript-eslint/no-unsafe-argument
   963:11  error    Unsafe assignment of an `any` value                                                                                                                                                                                                                                                                @typescript-eslint/no-unsafe-assignment
   978:7   error    Unsafe return of a value of type `any`                                                                                                                                                                                                                                                             @typescript-eslint/no-unsafe-return
   993:13  error    Unsafe assignment of an `any` value                                                                                                                                                                                                                                                                @typescript-eslint/no-unsafe-assignment
   996:9   warning  Unsafe argument of type `any` assigned to a parameter of type `DeckPoolState<string>`                                                                                                                                                                                                              @typescript-eslint/no-unsafe-argument
   996:17  error    Unsafe member access .decks on an `any` value                                                                                                                                                                                                                                                      @typescript-eslint/no-unsafe-member-access
  1005:11  error    Unsafe assignment of an `any` value                                                                                                                                                                                                                                                                @typescript-eslint/no-unsafe-assignment
  1010:29  error    Unsafe assignment of an `any` value                                                                                                                                                                                                                                                                @typescript-eslint/no-unsafe-assignment
  1010:41  error    Unsafe member access .id on an `any` value                                                                                                                                                                                                                                                         @typescript-eslint/no-unsafe-member-access
  1010:45  error    Unsafe assignment of an `any` value                                                                                                                                                                                                                                                                @typescript-eslint/no-unsafe-assignment
  1010:57  error    Unsafe member access .username on an `any` value                                                                                                                                                                                                                                                   @typescript-eslint/no-unsafe-member-access
  1019:15  error    Unsafe assignment of an `any` value                                                                                                                                                                                                                                                                @typescript-eslint/no-unsafe-assignment
  1024:13  error    Unsafe assignment of an `any` value                                                                                                                                                                                                                                                                @typescript-eslint/no-unsafe-assignment
  1025:15  warning  Unsafe argument of type `any` assigned to a parameter of type `DeckPoolState<string>`                                                                                                                                                                                                              @typescript-eslint/no-unsafe-argument
  1025:28  error    Unsafe member access .decks on an `any` value                                                                                                                                                                                                                                                      @typescript-eslint/no-unsafe-member-access
  1037:7   error    Unsafe return of a value of type `any`                                                                                                                                                                                                                                                             @typescript-eslint/no-unsafe-return
  1045:40  error    Unsafe member access .username on an `any` value                                                                                                                                                                                                                                                   @typescript-eslint/no-unsafe-member-access
  1058:13  error    Unsafe assignment of an `any` value                                                                                                                                                                                                                                                                @typescript-eslint/no-unsafe-assignment
  1058:41  error    Unsafe member access .order on an `any` value                                                                                                                                                                                                                                                      @typescript-eslint/no-unsafe-member-access
  1059:11  error    Unsafe call of an `any` typed value                                                                                                                                                                                                                                                                @typescript-eslint/no-unsafe-call
  1059:16  error    Unsafe member access .order on an `any` value                                                                                                                                                                                                                                                      @typescript-eslint/no-unsafe-member-access
  1061:35  error    Unsafe member access .cursor on an `any` value                                                                                                                                                                                                                                                     @typescript-eslint/no-unsafe-member-access
  1062:38  error    Unsafe member access .processed on an `any` value                                                                                                                                                                                                                                                  @typescript-eslint/no-unsafe-member-access
  1064:16  error    Unsafe member access .length on an `any` value                                                                                                                                                                                                                                                     @typescript-eslint/no-unsafe-member-access
  1071:47  error    Unsafe member access .length on an `any` value                                                                                                                                                                                                                                                     @typescript-eslint/no-unsafe-member-access
  1073:36  error    Unsafe member access .length on an `any` value                                                                                                                                                                                                                                                     @typescript-eslint/no-unsafe-member-access
  1074:38  error    Unsafe member access [nextCursor] on an `any` value                                                                                                                                                                                                                                                @typescript-eslint/no-unsafe-member-access
  1075:15  error    Unsafe assignment of an `any` value                                                                                                                                                                                                                                                                @typescript-eslint/no-unsafe-assignment
  1076:25  error    Unsafe member access .id on an `any` value                                                                                                                                                                                                                                                         @typescript-eslint/no-unsafe-member-access
  1078:56  error    Unsafe member access .inventory on an `any` value                                                                                                                                                                                                                                                  @typescript-eslint/no-unsafe-member-access
  1082:13  error    Unsafe assignment of an `any` value                                                                                                                                                                                                                                                                @typescript-eslint/no-unsafe-assignment
  1090:17  error    Unsafe assignment of an `any` value                                                                                                                                                                                                                                                                @typescript-eslint/no-unsafe-assignment
  1097:9   error    Unsafe return of a value of type `any`                                                                                                                                                                                                                                                             @typescript-eslint/no-unsafe-return
  1106:15  error    Unsafe assignment of an `any` value                                                                                                                                                                                                                                                                @typescript-eslint/no-unsafe-assignment
  1121:11  error    Unsafe assignment of an `any` value                                                                                                                                                                                                                                                                @typescript-eslint/no-unsafe-assignment
  1121:39  error    Unsafe member access .queue on an `any` value                                                                                                                                                                                                                                                      @typescript-eslint/no-unsafe-member-access
  1121:53  error    Unsafe member access .queue on an `any` value                                                                                                                                                                                                                                                      @typescript-eslint/no-unsafe-member-access
  1122:33  error    Unsafe member access .cursor on an `any` value                                                                                                                                                                                                                                                     @typescript-eslint/no-unsafe-member-access
  1123:11  error    Unsafe assignment of an `any` value                                                                                                                                                                                                                                                                @typescript-eslint/no-unsafe-assignment
  1123:25  error    Unsafe member access [cursor] on an `any` value                                                                                                                                                                                                                                                    @typescript-eslint/no-unsafe-member-access
  1124:43  error    Unsafe member access .playerId on an `any` value                                                                                                                                                                                                                                                   @typescript-eslint/no-unsafe-member-access
  1130:20  error    Unsafe member access .playerId on an `any` value                                                                                                                                                                                                                                                   @typescript-eslint/no-unsafe-member-access
  1131:14  error    Unsafe member access .standId on an `any` value                                                                                                                                                                                                                                                    @typescript-eslint/no-unsafe-member-access
  1131:37  error    Unsafe member access .standId on an `any` value                                                                                                                                                                                                                                                    @typescript-eslint/no-unsafe-member-access
  1135:28  error    Unsafe member access .length on an `any` value                                                                                                                                                                                                                                                     @typescript-eslint/no-unsafe-member-access
  1136:13  error    Unsafe assignment of an `any` value                                                                                                                                                                                                                                                                @typescript-eslint/no-unsafe-assignment
  1136:31  error    Unsafe member access [nextCursor] on an `any` value                                                                                                                                                                                                                                                @typescript-eslint/no-unsafe-member-access
  1137:7   error    Unsafe return of a value of type `any`                                                                                                                                                                                                                                                             @typescript-eslint/no-unsafe-return
  1141:11  error    Unsafe assignment of an `any` value                                                                                                                                                                                                                                                                @typescript-eslint/no-unsafe-assignment
  1141:32  error    Unsafe member access .playerId on an `any` value                                                                                                                                                                                                                                                   @typescript-eslint/no-unsafe-member-access
  1143:11  error    Unsafe assignment of an `any` value                                                                                                                                                                                                                                                                @typescript-eslint/no-unsafe-assignment
  1143:26  error    Unsafe member access .label on an `any` value                                                                                                                                                                                                                                                      @typescript-eslint/no-unsafe-member-access
  1144:34  error    Unsafe assignment of an `any` value                                                                                                                                                                                                                                                                @typescript-eslint/no-unsafe-assignment
  1164:5   error    Unsafe return of a value of type `any`                                                                                                                                                                                                                                                             @typescript-eslint/no-unsafe-return
  1190:11  error    Unsafe assignment of an `any` value                                                                                                                                                                                                                                                                @typescript-eslint/no-unsafe-assignment
  1191:18  error    Unsafe member access .type on an `any` value                                                                                                                                                                                                                                                       @typescript-eslint/no-unsafe-member-access
  1191:46  error    Unsafe member access .data on an `any` value                                                                                                                                                                                                                                                       @typescript-eslint/no-unsafe-member-access
  1192:13  error    Unsafe assignment of an `any` value                                                                                                                                                                                                                                                                @typescript-eslint/no-unsafe-assignment
  1192:43  error    Unsafe member access .data on an `any` value                                                                                                                                                                                                                                                       @typescript-eslint/no-unsafe-member-access
  1192:65  error    Unsafe member access .data on an `any` value                                                                                                                                                                                                                                                       @typescript-eslint/no-unsafe-member-access
  1193:7   error    Unsafe return of a value of type `any`                                                                                                                                                                                                                                                             @typescript-eslint/no-unsafe-return
  1195:9   error    Unsafe assignment of an `any` value                                                                                                                                                                                                                                                                @typescript-eslint/no-unsafe-assignment
  1197:11  error    Unsafe assignment of an `any` value                                                                                                                                                                                                                                                                @typescript-eslint/no-unsafe-assignment
  1198:25  error    Unsafe member access .data on an `any` value                                                                                                                                                                                                                                                       @typescript-eslint/no-unsafe-member-access
  1200:21  error    Unsafe spread of an `any` value in an array                                                                                                                                                                                                                                                        @typescript-eslint/no-unsafe-assignment
  1201:36  error    Unsafe member access .data on an `any` value                                                                                                                                                                                                                                                       @typescript-eslint/no-unsafe-member-access
  1215:5   error    Unsafe return of a value of type `any`                                                                                                                                                                                                                                                             @typescript-eslint/no-unsafe-return
  1315:41  error    Unsafe member access .label on an `any` value                                                                                                                                                                                                                                                      @typescript-eslint/no-unsafe-member-access
  1378:47  error    Unsafe member access .description on an `any` value                                                                                                                                                                                                                                                @typescript-eslint/no-unsafe-member-access
  1554:66  error    'event' will use Object's default stringification format ('[object Object]') when stringified                                                                                                                                                                                                      @typescript-eslint/no-base-to-string
  1563:7   error    Unsafe return of a value of type `any`                                                                                                                                                                                                                                                             @typescript-eslint/no-unsafe-return
  1606:15  error    Unsafe member access .id on an `any` value                                                                                                                                                                                                                                                         @typescript-eslint/no-unsafe-member-access
  1606:27  error    Unsafe return of a value of type `any`                                                                                                                                                                                                                                                             @typescript-eslint/no-unsafe-return
  1607:51  error    Unsafe member access .basket on an `any` value                                                                                                                                                                                                                                                     @typescript-eslint/no-unsafe-member-access
  1608:54  error    Unsafe member access .inventory on an `any` value                                                                                                                                                                                                                                                  @typescript-eslint/no-unsafe-member-access
  1611:11  error    Unsafe return of a value of type `any`                                                                                                                                                                                                                                                             @typescript-eslint/no-unsafe-return
  1615:11  error    Unsafe return of a value of type `any`                                                                                                                                                                                                                                                             @typescript-eslint/no-unsafe-return
  1617:9   error    Unsafe return of a value of type `any`                                                                                                                                                                                                                                                             @typescript-eslint/no-unsafe-return
  1631:15  error    Unsafe member access .id on an `any` value                                                                                                                                                                                                                                                         @typescript-eslint/no-unsafe-member-access
  1631:27  error    Unsafe return of a value of type `any`                                                                                                                                                                                                                                                             @typescript-eslint/no-unsafe-return
  1632:54  error    Unsafe member access .inventory on an `any` value                                                                                                                                                                                                                                                  @typescript-eslint/no-unsafe-member-access
  1633:43  error    Unsafe return of a value of type `any`                                                                                                                                                                                                                                                             @typescript-eslint/no-unsafe-return
  1635:9   error    Unsafe return of a value of type `any`                                                                                                                                                                                                                                                             @typescript-eslint/no-unsafe-return
  1645:15  error    Unsafe member access .id on an `any` value                                                                                                                                                                                                                                                         @typescript-eslint/no-unsafe-member-access
  1645:27  error    Unsafe return of a value of type `any`                                                                                                                                                                                                                                                             @typescript-eslint/no-unsafe-return
  1646:49  error    Unsafe member access .shoppingList on an `any` value                                                                                                                                                                                                                                               @typescript-eslint/no-unsafe-member-access
  1647:51  error    Unsafe member access .basket on an `any` value                                                                                                                                                                                                                                                     @typescript-eslint/no-unsafe-member-access
  1648:54  error    Unsafe member access .inventory on an `any` value                                                                                                                                                                                                                                                  @typescript-eslint/no-unsafe-member-access
  1658:13  error    Unsafe return of a value of type `any`                                                                                                                                                                                                                                                             @typescript-eslint/no-unsafe-return
  1665:11  error    Unsafe return of a value of type `any`                                                                                                                                                                                                                                                             @typescript-eslint/no-unsafe-return
  1669:11  error    Unsafe return of a value of type `any`                                                                                                                                                                                                                                                             @typescript-eslint/no-unsafe-return
  1675:11  error    Unsafe return of a value of type `any`                                                                                                                                                                                                                                                             @typescript-eslint/no-unsafe-return
  1678:9   error    Unsafe return of a value of type `any`                                                                                                                                                                                                                                                             @typescript-eslint/no-unsafe-return
  1681:13  error    Unsafe assignment of an `any` value                                                                                                                                                                                                                                                                @typescript-eslint/no-unsafe-assignment
  1682:65  error    Unsafe member access .id on an `any` value                                                                                                                                                                                                                                                         @typescript-eslint/no-unsafe-member-access
  1685:46  error    Unsafe member access .basket on an `any` value                                                                                                                                                                                                                                                     @typescript-eslint/no-unsafe-member-access
  1688:46  error    Unsafe member access .inventory on an `any` value                                                                                                                                                                                                                                                  @typescript-eslint/no-unsafe-member-access
  1695:13  error    Unsafe assignment of an `any` value                                                                                                                                                                                                                                                                @typescript-eslint/no-unsafe-assignment
  1696:28  error    Unsafe member access .lastObtainedCourse on an `any` value                                                                                                                                                                                                                                         @typescript-eslint/no-unsafe-member-access
  1705:13  error    Unsafe assignment of an `any` value                                                                                                                                                                                                                                                                @typescript-eslint/no-unsafe-assignment
  1707:54  error    Unsafe member access .basket on an `any` value                                                                                                                                                                                                                                                     @typescript-eslint/no-unsafe-member-access
  1708:57  error    Unsafe member access .inventory on an `any` value                                                                                                                                                                                                                                                  @typescript-eslint/no-unsafe-member-access
  1800:31  error    Unsafe assignment of an `any` value                                                                                                                                                                                                                                                                @typescript-eslint/no-unsafe-assignment
  1800:43  error    Unsafe member access .id on an `any` value                                                                                                                                                                                                                                                         @typescript-eslint/no-unsafe-member-access
  1800:47  error    Unsafe assignment of an `any` value                                                                                                                                                                                                                                                                @typescript-eslint/no-unsafe-assignment
  1800:59  error    Unsafe member access .username on an `any` value                                                                                                                                                                                                                                                   @typescript-eslint/no-unsafe-member-access
  1802:38  error    Unsafe member access .username on an `any` value                                                                                                                                                                                                                                                   @typescript-eslint/no-unsafe-member-access
  1854:15  error    Unsafe assignment of an `any` value                                                                                                                                                                                                                                                                @typescript-eslint/no-unsafe-assignment
  1855:52  error    Unsafe member access .inventory on an `any` value                                                                                                                                                                                                                                                  @typescript-eslint/no-unsafe-member-access
  1951:13  error    Unsafe assignment of an `any` value                                                                                                                                                                                                                                                                @typescript-eslint/no-unsafe-assignment
  1951:25  error    Unsafe member access .id on an `any` value                                                                                                                                                                                                                                                         @typescript-eslint/no-unsafe-member-access
  1971:35  error    Computed name [p.id] resolves to an `any` value                                                                                                                                                                                                                                                    @typescript-eslint/no-unsafe-member-access
  1971:37  error    Unsafe member access .id on an `any` value                                                                                                                                                                                                                                                         @typescript-eslint/no-unsafe-member-access
  1972:19  error    Unsafe assignment of an `any` value                                                                                                                                                                                                                                                                @typescript-eslint/no-unsafe-assignment
  1974:21  error    Unsafe member access .type on an `any` value                                                                                                                                                                                                                                                       @typescript-eslint/no-unsafe-member-access
  1975:27  error    Unsafe member access .standId on an `any` value                                                                                                                                                                                                                                                    @typescript-eslint/no-unsafe-member-access
  1977:24  error    Unsafe assignment of an `any` value                                                                                                                                                                                                                                                                @typescript-eslint/no-unsafe-assignment
  1977:36  error    Unsafe member access .id on an `any` value                                                                                                                                                                                                                                                         @typescript-eslint/no-unsafe-member-access
  2016:17  error    Unsafe assignment of an `any` value                                                                                                                                                                                                                                                                @typescript-eslint/no-unsafe-assignment
  2017:21  error    Unsafe member access .type on an `any` value                                                                                                                                                                                                                                                       @typescript-eslint/no-unsafe-member-access
  2050:15  error    Unsafe assignment of an `any` value                                                                                                                                                                                                                                                                @typescript-eslint/no-unsafe-assignment
  2051:50  error    Unsafe member access .inventory on an `any` value                                                                                                                                                                                                                                                  @typescript-eslint/no-unsafe-member-access
  2054:31  error    Unsafe assignment of an `any` value                                                                                                                                                                                                                                                                @typescript-eslint/no-unsafe-assignment
  2054:43  error    Unsafe member access .id on an `any` value                                                                                                                                                                                                                                                         @typescript-eslint/no-unsafe-member-access
  2054:47  error    Unsafe assignment of an `any` value                                                                                                                                                                                                                                                                @typescript-eslint/no-unsafe-assignment
  2054:59  error    Unsafe member access .username on an `any` value                                                                                                                                                                                                                                                   @typescript-eslint/no-unsafe-member-access
  2056:38  error    Unsafe member access .username on an `any` value                                                                                                                                                                                                                                                   @typescript-eslint/no-unsafe-member-access
  2083:40  warning  Unsafe argument of type `any` assigned to a parameter of type `number`                                                                                                                                                                                                                             @typescript-eslint/no-unsafe-argument
  2083:42  error    Unsafe member access .id on an `any` value                                                                                                                                                                                                                                                         @typescript-eslint/no-unsafe-member-access
  2117:15  error    Unsafe assignment of an `any` value                                                                                                                                                                                                                                                                @typescript-eslint/no-unsafe-assignment
  2118:51  error    Unsafe member access .shoppingList on an `any` value                                                                                                                                                                                                                                               @typescript-eslint/no-unsafe-member-access
  2119:53  error    Unsafe member access .basket on an `any` value                                                                                                                                                                                                                                                     @typescript-eslint/no-unsafe-member-access
  2154:19  error    Unsafe member access .id on an `any` value                                                                                                                                                                                                                                                         @typescript-eslint/no-unsafe-member-access
  2154:36  error    Unsafe return of a value of type `any`                                                                                                                                                                                                                                                             @typescript-eslint/no-unsafe-return
  2155:59  error    Unsafe member access .basket on an `any` value                                                                                                                                                                                                                                                     @typescript-eslint/no-unsafe-member-access
  2156:13  error    Unsafe return of a value of type `any`                                                                                                                                                                                                                                                             @typescript-eslint/no-unsafe-return
  2164:13  error    Unsafe assignment of an `any` value                                                                                                                                                                                                                                                                @typescript-eslint/no-unsafe-assignment
  2165:37  error    Unsafe member access .lastObtainedCourse on an `any` value                                                                                                                                                                                                                                         @typescript-eslint/no-unsafe-member-access
  2189:17  error    Unsafe assignment of an `any` value                                                                                                                                                                                                                                                                @typescript-eslint/no-unsafe-assignment
  2190:21  error    Unsafe member access .type on an `any` value                                                                                                                                                                                                                                                       @typescript-eslint/no-unsafe-member-access
  2211:44  error    Computed name [p.id] resolves to an `any` value                                                                                                                                                                                                                                                    @typescript-eslint/no-unsafe-member-access
  2211:46  error    Unsafe member access .id on an `any` value                                                                                                                                                                                                                                                         @typescript-eslint/no-unsafe-member-access
  2226:38  error    Unsafe assignment of an `any` value                                                                                                                                                                                                                                                                @typescript-eslint/no-unsafe-assignment
  2226:50  error    Unsafe member access .id on an `any` value                                                                                                                                                                                                                                                         @typescript-eslint/no-unsafe-member-access
  2308:50  error    Unsafe member access .inventory on an `any` value                                                                                                                                                                                                                                                  @typescript-eslint/no-unsafe-member-access
  2311:13  error    Unsafe assignment of an `any` value                                                                                                                                                                                                                                                                @typescript-eslint/no-unsafe-assignment
  2311:23  error    Unsafe member access .id on an `any` value                                                                                                                                                                                                                                                         @typescript-eslint/no-unsafe-member-access
  2335:15  error    Unsafe assignment of an `any` value                                                                                                                                                                                                                                                                @typescript-eslint/no-unsafe-assignment
  2351:17  error    Unsafe assignment of an `any` value                                                                                                                                                                                                                                                                @typescript-eslint/no-unsafe-assignment
  2352:21  error    Unsafe member access .type on an `any` value                                                                                                                                                                                                                                                       @typescript-eslint/no-unsafe-member-access
  2352:61  error    Unsafe member access .standId on an `any` value                                                                                                                                                                                                                                                    @typescript-eslint/no-unsafe-member-access
  2382:15  error    Unsafe assignment of an `any` value                                                                                                                                                                                                                                                                @typescript-eslint/no-unsafe-assignment
  2383:53  error    Unsafe member access .shoppingList on an `any` value                                                                                                                                                                                                                                               @typescript-eslint/no-unsafe-member-access
  2384:55  error    Unsafe member access .basket on an `any` value                                                                                                                                                                                                                                                     @typescript-eslint/no-unsafe-member-access
  2385:58  error    Unsafe member access .inventory on an `any` value                                                                                                                                                                                                                                                  @typescript-eslint/no-unsafe-member-access
  2406:17  error    Unsafe member access .id on an `any` value                                                                                                                                                                                                                                                         @typescript-eslint/no-unsafe-member-access
  2407:50  error    Unsafe member access .inventory on an `any` value                                                                                                                                                                                                                                                  @typescript-eslint/no-unsafe-member-access
  2410:39  error    Unsafe member access .username on an `any` value                                                                                                                                                                                                                                                   @typescript-eslint/no-unsafe-member-access
  2410:63  error    Unsafe member access .id on an `any` value                                                                                                                                                                                                                                                         @typescript-eslint/no-unsafe-member-access
  2411:31  error    Unsafe assignment of an `any` value                                                                                                                                                                                                                                                                @typescript-eslint/no-unsafe-assignment
  2411:49  error    Unsafe member access .id on an `any` value                                                                                                                                                                                                                                                         @typescript-eslint/no-unsafe-member-access
  2439:37  error    Unsafe member access .id on an `any` value                                                                                                                                                                                                                                                         @typescript-eslint/no-unsafe-member-access
  2458:53  error    Unsafe member access .id on an `any` value                                                                                                                                                                                                                                                         @typescript-eslint/no-unsafe-member-access
  2463:15  error    Unsafe assignment of an `any` value                                                                                                                                                                                                                                                                @typescript-eslint/no-unsafe-assignment
  2497:37  error    Unsafe member access .id on an `any` value                                                                                                                                                                                                                                                         @typescript-eslint/no-unsafe-member-access
  2516:17  error    Unsafe assignment of an `any` value                                                                                                                                                                                                                                                                @typescript-eslint/no-unsafe-assignment
  2517:27  error    Unsafe member access .id on an `any` value                                                                                                                                                                                                                                                         @typescript-eslint/no-unsafe-member-access
  2519:58  error    Unsafe member access .inventory on an `any` value                                                                                                                                                                                                                                                  @typescript-eslint/no-unsafe-member-access
  2523:15  error    Unsafe assignment of an `any` value                                                                                                                                                                                                                                                                @typescript-eslint/no-unsafe-assignment
  2541:11  error    Unsafe assignment of an `any` value                                                                                                                                                                                                                                                                @typescript-eslint/no-unsafe-assignment
  2569:53  error    Unsafe member access .id on an `any` value                                                                                                                                                                                                                                                         @typescript-eslint/no-unsafe-member-access
  2582:15  error    Unsafe assignment of an `any` value                                                                                                                                                                                                                                                                @typescript-eslint/no-unsafe-assignment
  2583:25  error    Unsafe member access .id on an `any` value                                                                                                                                                                                                                                                         @typescript-eslint/no-unsafe-member-access
  2585:15  error    Unsafe assignment of an `any` value                                                                                                                                                                                                                                                                @typescript-eslint/no-unsafe-assignment
  2586:25  error    Unsafe member access .id on an `any` value                                                                                                                                                                                                                                                         @typescript-eslint/no-unsafe-member-access
  2588:52  error    Unsafe member access .inventory on an `any` value                                                                                                                                                                                                                                                  @typescript-eslint/no-unsafe-member-access
  2589:59  error    Unsafe member access .inventory on an `any` value                                                                                                                                                                                                                                                  @typescript-eslint/no-unsafe-member-access
  2627:33  error    Unsafe member access .id on an `any` value                                                                                                                                                                                                                                                         @typescript-eslint/no-unsafe-member-access
  2628:28  error    Unsafe return of a value of type `any`                                                                                                                                                                                                                                                             @typescript-eslint/no-unsafe-return
  2628:30  error    Unsafe member access .id on an `any` value                                                                                                                                                                                                                                                         @typescript-eslint/no-unsafe-member-access
  2647:17  error    Unsafe member access .id on an `any` value                                                                                                                                                                                                                                                         @typescript-eslint/no-unsafe-member-access
  2647:38  error    Unsafe member access .id on an `any` value                                                                                                                                                                                                                                                         @typescript-eslint/no-unsafe-member-access
  2647:55  error    Unsafe return of a value of type `any`                                                                                                                                                                                                                                                             @typescript-eslint/no-unsafe-return
  2648:11  error    Unsafe return of a value of type `any`                                                                                                                                                                                                                                                             @typescript-eslint/no-unsafe-return
  2648:64  error    Unsafe member access .inventory on an `any` value                                                                                                                                                                                                                                                  @typescript-eslint/no-unsafe-member-access
  2650:15  error    Unsafe assignment of an `any` value                                                                                                                                                                                                                                                                @typescript-eslint/no-unsafe-assignment
  2650:60  error    Unsafe member access .id on an `any` value                                                                                                                                                                                                                                                         @typescript-eslint/no-unsafe-member-access
  2651:15  error    Unsafe assignment of an `any` value                                                                                                                                                                                                                                                                @typescript-eslint/no-unsafe-assignment
  2651:64  error    Unsafe member access .id on an `any` value                                                                                                                                                                                                                                                         @typescript-eslint/no-unsafe-member-access
  2652:58  error    Unsafe member access .inventory on an `any` value                                                                                                                                                                                                                                                  @typescript-eslint/no-unsafe-member-access
  2653:65  error    Unsafe member access .inventory on an `any` value                                                                                                                                                                                                                                                  @typescript-eslint/no-unsafe-member-access
  2655:17  error    Unsafe member access .id on an `any` value                                                                                                                                                                                                                                                         @typescript-eslint/no-unsafe-member-access
  2655:34  error    Unsafe return of a value of type `any`                                                                                                                                                                                                                                                             @typescript-eslint/no-unsafe-return
  2656:17  error    Unsafe member access .id on an `any` value                                                                                                                                                                                                                                                         @typescript-eslint/no-unsafe-member-access
  2656:34  error    Unsafe return of a value of type `any`                                                                                                                                                                                                                                                             @typescript-eslint/no-unsafe-return
  2657:11  error    Unsafe return of a value of type `any`                                                                                                                                                                                                                                                             @typescript-eslint/no-unsafe-return
  2676:31  error    'eventLabel || event' will use Object's default stringification format ('[object Object]') when stringified                                                                                                                                                                                        @typescript-eslint/no-base-to-string
  2676:31  error    Invalid type "{}" of template literal expression                                                                                                                                                                                                                                                   @typescript-eslint/restrict-template-expressions
  2766:11  error    Unsafe assignment of an `any` value                                                                                                                                                                                                                                                                @typescript-eslint/no-unsafe-assignment
  2767:36  error    Unsafe member access .actorId on an `any` value                                                                                                                                                                                                                                                    @typescript-eslint/no-unsafe-member-access
  2768:32  error    Unsafe member access .actorId on an `any` value                                                                                                                                                                                                                                                    @typescript-eslint/no-unsafe-member-access
  2770:11  error    Unsafe assignment of an `any` value                                                                                                                                                                                                                                                                @typescript-eslint/no-unsafe-assignment
  2785:11  error    Unsafe assignment of an `any` value                                                                                                                                                                                                                                                                @typescript-eslint/no-unsafe-assignment
  2786:36  error    Unsafe member access .actorId on an `any` value                                                                                                                                                                                                                                                    @typescript-eslint/no-unsafe-member-access
  2787:32  error    Unsafe member access .actorId on an `any` value                                                                                                                                                                                                                                                    @typescript-eslint/no-unsafe-member-access
  2789:11  error    Unsafe assignment of an `any` value                                                                                                                                                                                                                                                                @typescript-eslint/no-unsafe-assignment
  2806:11  error    Unsafe assignment of an `any` value                                                                                                                                                                                                                                                                @typescript-eslint/no-unsafe-assignment
  2807:36  error    Unsafe member access .actorId on an `any` value                                                                                                                                                                                                                                                    @typescript-eslint/no-unsafe-member-access
  2808:32  error    Unsafe member access .actorId on an `any` value                                                                                                                                                                                                                                                    @typescript-eslint/no-unsafe-member-access
  2827:11  error    Unsafe assignment of an `any` value                                                                                                                                                                                                                                                                @typescript-eslint/no-unsafe-assignment
  2828:36  error    Unsafe member access .actorId on an `any` value                                                                                                                                                                                                                                                    @typescript-eslint/no-unsafe-member-access
  2829:32  error    Unsafe member access .actorId on an `any` value                                                                                                                                                                                                                                                    @typescript-eslint/no-unsafe-member-access
  2837:11  error    Unsafe assignment of an `any` value                                                                                                                                                                                                                                                                @typescript-eslint/no-unsafe-assignment
  2839:26  error    Unsafe member access .type on an `any` value                                                                                                                                                                                                                                                       @typescript-eslint/no-unsafe-member-access
  2839:57  error    Unsafe member access .step on an `any` value                                                                                                                                                                                                                                                       @typescript-eslint/no-unsafe-member-access
  2840:26  error    Unsafe member access .card on an `any` value                                                                                                                                                                                                                                                       @typescript-eslint/no-unsafe-member-access
  2843:26  error    Unsafe member access .type on an `any` value                                                                                                                                                                                                                                                       @typescript-eslint/no-unsafe-member-access
  2843:57  error    Unsafe member access .step on an `any` value                                                                                                                                                                                                                                                       @typescript-eslint/no-unsafe-member-access
  2844:26  error    Unsafe member access .initiatorPlayerId on an `any` value                                                                                                                                                                                                                                          @typescript-eslint/no-unsafe-member-access
  2862:11  error    Unsafe assignment of an `any` value                                                                                                                                                                                                                                                                @typescript-eslint/no-unsafe-assignment
  2863:36  error    Unsafe member access .actorId on an `any` value                                                                                                                                                                                                                                                    @typescript-eslint/no-unsafe-member-access
  2864:32  error    Unsafe member access .actorId on an `any` value                                                                                                                                                                                                                                                    @typescript-eslint/no-unsafe-member-access
  2872:11  error    Unsafe assignment of an `any` value                                                                                                                                                                                                                                                                @typescript-eslint/no-unsafe-assignment
  2874:26  error    Unsafe member access .type on an `any` value                                                                                                                                                                                                                                                       @typescript-eslint/no-unsafe-member-access
  2875:26  error    Unsafe member access .data on an `any` value                                                                                                                                                                                                                                                       @typescript-eslint/no-unsafe-member-access
  2905:11  error    Unsafe assignment of an `any` value                                                                                                                                                                                                                                                                @typescript-eslint/no-unsafe-assignment
  2906:36  error    Unsafe member access .actorId on an `any` value                                                                                                                                                                                                                                                    @typescript-eslint/no-unsafe-member-access
  2907:32  error    Unsafe member access .actorId on an `any` value                                                                                                                                                                                                                                                    @typescript-eslint/no-unsafe-member-access
  2915:11  error    Unsafe assignment of an `any` value                                                                                                                                                                                                                                                                @typescript-eslint/no-unsafe-assignment
  2917:26  error    Unsafe member access .type on an `any` value                                                                                                                                                                                                                                                       @typescript-eslint/no-unsafe-member-access
  2918:26  error    Unsafe member access .data on an `any` value                                                                                                                                                                                                                                                       @typescript-eslint/no-unsafe-member-access
  2942:11  error    Unsafe assignment of an `any` value                                                                                                                                                                                                                                                                @typescript-eslint/no-unsafe-assignment
  2943:37  error    Unsafe member access .actorId on an `any` value                                                                                                                                                                                                                                                    @typescript-eslint/no-unsafe-member-access
  2944:32  error    Unsafe member access .actorId on an `any` value                                                                                                                                                                                                                                                    @typescript-eslint/no-unsafe-member-access
  2978:28  error    'rawValue ?? ''' will use Object's default stringification format ('[object Object]') when stringified                                                                                                                                                                                             @typescript-eslint/no-base-to-string
  2984:41  error    Unsafe member access .id on an `any` value                                                                                                                                                                                                                                                         @typescript-eslint/no-unsafe-member-access
  2987:44  error    Unsafe member access .label on an `any` value                                                                                                                                                                                                                                                      @typescript-eslint/no-unsafe-member-access
  3014:9   error    Unsafe return of a value of type `any`                                                                                                                                                                                                                                                             @typescript-eslint/no-unsafe-return
  3014:16  error    Unsafe member access .id on an `any` value                                                                                                                                                                                                                                                         @typescript-eslint/no-unsafe-member-access
  3036:11  error    Unsafe assignment of an `any` value                                                                                                                                                                                                                                                                @typescript-eslint/no-unsafe-assignment
  3037:36  error    Unsafe member access .actorId on an `any` value                                                                                                                                                                                                                                                    @typescript-eslint/no-unsafe-member-access
  3038:32  error    Unsafe member access .actorId on an `any` value                                                                                                                                                                                                                                                    @typescript-eslint/no-unsafe-member-access
  3042:11  error    Unsafe assignment of an `any` value                                                                                                                                                                                                                                                                @typescript-eslint/no-unsafe-assignment
  3043:29  error    Unsafe member access .type on an `any` value                                                                                                                                                                                                                                                       @typescript-eslint/no-unsafe-member-access
  3043:56  error    Unsafe member access .playerId on an `any` value                                                                                                                                                                                                                                                   @typescript-eslint/no-unsafe-member-access
  3051:11  error    Unsafe assignment of an `any` value                                                                                                                                                                                                                                                                @typescript-eslint/no-unsafe-assignment
  3051:43  error    Unsafe member access .choices on an `any` value                                                                                                                                                                                                                                                    @typescript-eslint/no-unsafe-member-access
  3051:62  error    Unsafe member access .choices on an `any` value                                                                                                                                                                                                                                                    @typescript-eslint/no-unsafe-member-access
  3052:66  error    Unsafe member access .length on an `any` value                                                                                                                                                                                                                                                     @typescript-eslint/no-unsafe-member-access
  3056:34  error    Unsafe member access .data on an `any` value                                                                                                                                                                                                                                                       @typescript-eslint/no-unsafe-member-access
  3064:9   error    Unsafe return of a value of type `any`                                                                                                                                                                                                                                                             @typescript-eslint/no-unsafe-return
  3064:11  error    Unsafe member access .id on an `any` value                                                                                                                                                                                                                                                         @typescript-eslint/no-unsafe-member-access
  3078:54  error    Unsafe member access .inventory on an `any` value                                                                                                                                                                                                                                                  @typescript-eslint/no-unsafe-member-access
  3081:11  error    Unsafe return of a value of type `any`                                                                                                                                                                                                                                                             @typescript-eslint/no-unsafe-return
  3083:9   error    Unsafe return of a value of type `any`                                                                                                                                                                                                                                                             @typescript-eslint/no-unsafe-return
  3117:49  error    Unsafe member access .shoppingList on an `any` value                                                                                                                                                                                                                                               @typescript-eslint/no-unsafe-member-access
  3118:51  error    Unsafe member access .basket on an `any` value                                                                                                                                                                                                                                                     @typescript-eslint/no-unsafe-member-access
  3119:54  error    Unsafe member access .inventory on an `any` value                                                                                                                                                                                                                                                  @typescript-eslint/no-unsafe-member-access
  3128:13  error    Unsafe return of a value of type `any`                                                                                                                                                                                                                                                             @typescript-eslint/no-unsafe-return
  3134:11  error    Unsafe return of a value of type `any`                                                                                                                                                                                                                                                             @typescript-eslint/no-unsafe-return
  3139:11  error    Unsafe return of a value of type `any`                                                                                                                                                                                                                                                             @typescript-eslint/no-unsafe-return
  3143:11  error    Unsafe return of a value of type `any`                                                                                                                                                                                                                                                             @typescript-eslint/no-unsafe-return
  3147:9   error    Unsafe return of a value of type `any`                                                                                                                                                                                                                                                             @typescript-eslint/no-unsafe-return
  3149:13  error    Unsafe assignment of an `any` value                                                                                                                                                                                                                                                                @typescript-eslint/no-unsafe-assignment
  3150:13  error    Unsafe assignment of an `any` value                                                                                                                                                                                                                                                                @typescript-eslint/no-unsafe-assignment
  3150:48  error    Unsafe member access .discards on an `any` value                                                                                                                                                                                                                                                   @typescript-eslint/no-unsafe-member-access
  3151:11  error    Unsafe call of an `any` typed value                                                                                                                                                                                                                                                                @typescript-eslint/no-unsafe-call
  3151:20  error    Unsafe member access .discards on an `any` value                                                                                                                                                                                                                                                   @typescript-eslint/no-unsafe-member-access
  3153:13  error    Unsafe assignment of an `any` value                                                                                                                                                                                                                                                                @typescript-eslint/no-unsafe-assignment
  3157:13  error    Unsafe assignment of an `any` value                                                                                                                                                                                                                                                                @typescript-eslint/no-unsafe-assignment
  3159:15  error    Unsafe assignment of an `any` value                                                                                                                                                                                                                                                                @typescript-eslint/no-unsafe-assignment
  3160:29  error    Unsafe member access .discards on an `any` value                                                                                                                                                                                                                                                   @typescript-eslint/no-unsafe-member-access
  3161:27  error    Unsafe spread of an `any` value in an array                                                                                                                                                                                                                                                        @typescript-eslint/no-unsafe-assignment
  3165:18  error    Unsafe return of a value of type `any`                                                                                                                                                                                                                                                             @typescript-eslint/no-unsafe-return
  3166:13  error    Unsafe assignment of an `any` value                                                                                                                                                                                                                                                                @typescript-eslint/no-unsafe-assignment
  3166:42  warning  Unsafe argument of type `any` assigned to a parameter of type `GameStateEntity`                                                                                                                                                                                                                    @typescript-eslint/no-unsafe-argument
  3167:7   error    Unsafe return of a value of type `any`                                                                                                                                                                                                                                                             @typescript-eslint/no-unsafe-return
  3171:11  error    Unsafe assignment of an `any` value                                                                                                                                                                                                                                                                @typescript-eslint/no-unsafe-assignment
  3172:28  error    Unsafe member access .lastObtainedCourse on an `any` value                                                                                                                                                                                                                                         @typescript-eslint/no-unsafe-member-access
  3184:13  error    Unsafe assignment of an `any` value                                                                                                                                                                                                                                                                @typescript-eslint/no-unsafe-assignment
  3184:56  error    Unsafe member access .data on an `any` value                                                                                                                                                                                                                                                       @typescript-eslint/no-unsafe-member-access
  3185:11  error    Unsafe call of an `any` typed value                                                                                                                                                                                                                                                                @typescript-eslint/no-unsafe-call
  3185:19  error    Unsafe member access .data on an `any` value                                                                                                                                                                                                                                                       @typescript-eslint/no-unsafe-member-access
  3186:34  error    Unsafe member access .data on an `any` value                                                                                                                                                                                                                                                       @typescript-eslint/no-unsafe-member-access
  3187:13  error    Unsafe call of an `any` typed value                                                                                                                                                                                                                                                                @typescript-eslint/no-unsafe-call
  3187:21  error    Unsafe member access .data on an `any` value                                                                                                                                                                                                                                                       @typescript-eslint/no-unsafe-member-access
  3198:15  error    Unsafe assignment of an `any` value                                                                                                                                                                                                                                                                @typescript-eslint/no-unsafe-assignment
  3203:13  error    Unsafe assignment of an `any` value                                                                                                                                                                                                                                                                @typescript-eslint/no-unsafe-assignment
  3204:15  warning  Unsafe argument of type `any` assigned to a parameter of type `DeckPoolState<string>`                                                                                                                                                                                                              @typescript-eslint/no-unsafe-argument
  3204:23  error    Unsafe member access .decks on an `any` value                                                                                                                                                                                                                                                      @typescript-eslint/no-unsafe-member-access
  3228:13  error    Unsafe assignment of an `any` value                                                                                                                                                                                                                                                                @typescript-eslint/no-unsafe-assignment
  3228:44  error    Unsafe member access .data on an `any` value                                                                                                                                                                                                                                                       @typescript-eslint/no-unsafe-member-access
  3229:11  error    Unsafe call of an `any` typed value                                                                                                                                                                                                                                                                @typescript-eslint/no-unsafe-call
  3229:19  error    Unsafe member access .data on an `any` value                                                                                                                                                                                                                                                       @typescript-eslint/no-unsafe-member-access
  3231:13  error    Unsafe assignment of an `any` value                                                                                                                                                                                                                                                                @typescript-eslint/no-unsafe-assignment
  3231:28  error    Unsafe member access [index] on an `any` value                                                                                                                                                                                                                                                     @typescript-eslint/no-unsafe-member-access
  3233:43  warning  Unsafe argument of type `any` assigned to a parameter of type `string`                                                                                                                                                                                                                             @typescript-eslint/no-unsafe-argument
  3249:13  error    Unsafe assignment of an `any` value                                                                                                                                                                                                                                                                @typescript-eslint/no-unsafe-assignment
  3249:44  error    Unsafe member access .data on an `any` value                                                                                                                                                                                                                                                       @typescript-eslint/no-unsafe-member-access
  3250:11  error    Unsafe call of an `any` typed value                                                                                                                                                                                                                                                                @typescript-eslint/no-unsafe-call
  3250:19  error    Unsafe member access .data on an `any` value                                                                                                                                                                                                                                                       @typescript-eslint/no-unsafe-member-access
  3252:13  error    Unsafe assignment of an `any` value                                                                                                                                                                                                                                                                @typescript-eslint/no-unsafe-assignment
  3252:28  error    Unsafe member access [index] on an `any` value                                                                                                                                                                                                                                                     @typescript-eslint/no-unsafe-member-access
  3253:13  error    Unsafe assignment of an `any` value                                                                                                                                                                                                                                                                @typescript-eslint/no-unsafe-assignment
  3253:46  error    Unsafe member access .data on an `any` value                                                                                                                                                                                                                                                       @typescript-eslint/no-unsafe-member-access
  3254:19  error    Unsafe member access .data on an `any` value                                                                                                                                                                                                                                                       @typescript-eslint/no-unsafe-member-access
  3256:13  error    Unsafe assignment of an `any` value                                                                                                                                                                                                                                                                @typescript-eslint/no-unsafe-assignment
  3256:23  error    Unsafe call of an `any` typed value                                                                                                                                                                                                                                                                @typescript-eslint/no-unsafe-call
  3256:23  error    Unsafe call of an `any` typed value                                                                                                                                                                                                                                                                @typescript-eslint/no-unsafe-call
  3257:10  error    Unsafe member access .map on an `any` value                                                                                                                                                                                                                                                        @typescript-eslint/no-unsafe-member-access
  3257:36  error    Unsafe member access .username on an `any` value                                                                                                                                                                                                                                                   @typescript-eslint/no-unsafe-member-access
  3258:10  error    Unsafe member access .filter on an `any` value                                                                                                                                                                                                                                                     @typescript-eslint/no-unsafe-member-access
  3259:7   error    Unsafe return of a value of type `any`                                                                                                                                                                                                                                                             @typescript-eslint/no-unsafe-return
  3266:11  error    Unsafe assignment of an `any` value                                                                                                                                                                                                                                                                @typescript-eslint/no-unsafe-assignment
  3269:13  error    Unsafe assignment of an `any` value                                                                                                                                                                                                                                                                @typescript-eslint/no-unsafe-assignment
  3271:13  error    Unsafe assignment of an `any` value                                                                                                                                                                                                                                                                @typescript-eslint/no-unsafe-assignment
  3278:13  error    Unsafe assignment of an `any` value                                                                                                                                                                                                                                                                @typescript-eslint/no-unsafe-assignment
  3278:46  error    Unsafe member access .data on an `any` value                                                                                                                                                                                                                                                       @typescript-eslint/no-unsafe-member-access
  3279:19  error    Unsafe member access .data on an `any` value                                                                                                                                                                                                                                                       @typescript-eslint/no-unsafe-member-access
  3281:13  error    Unsafe assignment of an `any` value                                                                                                                                                                                                                                                                @typescript-eslint/no-unsafe-assignment
  3281:36  error    Unsafe member access [index] on an `any` value                                                                                                                                                                                                                                                     @typescript-eslint/no-unsafe-member-access
  3282:51  error    Unsafe member access .playerId on an `any` value                                                                                                                                                                                                                                                   @typescript-eslint/no-unsafe-member-access
  3283:37  error    Unsafe member access .data on an `any` value                                                                                                                                                                                                                                                       @typescript-eslint/no-unsafe-member-access
  3284:36  error    Unsafe member access .data on an `any` value                                                                                                                                                                                                                                                       @typescript-eslint/no-unsafe-member-access
  3286:51  error    Unsafe member access .data on an `any` value                                                                                                                                                                                                                                                       @typescript-eslint/no-unsafe-member-access
  3315:13  error    Unsafe assignment of an `any` value                                                                                                                                                                                                                                                                @typescript-eslint/no-unsafe-assignment
  3315:46  error    Unsafe member access .data on an `any` value                                                                                                                                                                                                                                                       @typescript-eslint/no-unsafe-member-access
  3316:19  error    Unsafe member access .data on an `any` value                                                                                                                                                                                                                                                       @typescript-eslint/no-unsafe-member-access
  3318:13  error    Unsafe assignment of an `any` value                                                                                                                                                                                                                                                                @typescript-eslint/no-unsafe-assignment
  3318:36  error    Unsafe member access [index] on an `any` value                                                                                                                                                                                                                                                     @typescript-eslint/no-unsafe-member-access
  3319:51  error    Unsafe member access .playerId on an `any` value                                                                                                                                                                                                                                                   @typescript-eslint/no-unsafe-member-access
  3323:13  error    Unsafe assignment of an `any` value                                                                                                                                                                                                                                                                @typescript-eslint/no-unsafe-assignment
  3324:23  error    Unsafe member access .id on an `any` value                                                                                                                                                                                                                                                         @typescript-eslint/no-unsafe-member-access
  3326:54  error    Unsafe member access .inventory on an `any` value                                                                                                                                                                                                                                                  @typescript-eslint/no-unsafe-member-access
  3358:13  error    Unsafe assignment of an `any` value                                                                                                                                                                                                                                                                @typescript-eslint/no-unsafe-assignment
  3358:46  error    Unsafe member access .data on an `any` value                                                                                                                                                                                                                                                       @typescript-eslint/no-unsafe-member-access
  3359:19  error    Unsafe member access .data on an `any` value                                                                                                                                                                                                                                                       @typescript-eslint/no-unsafe-member-access
  3361:13  error    Unsafe assignment of an `any` value                                                                                                                                                                                                                                                                @typescript-eslint/no-unsafe-assignment
  3361:36  error    Unsafe member access [index] on an `any` value                                                                                                                                                                                                                                                     @typescript-eslint/no-unsafe-member-access
  3362:51  error    Unsafe member access .playerId on an `any` value                                                                                                                                                                                                                                                   @typescript-eslint/no-unsafe-member-access
  3364:13  error    Unsafe assignment of an `any` value                                                                                                                                                                                                                                                                @typescript-eslint/no-unsafe-assignment
  3365:23  error    Unsafe member access .id on an `any` value                                                                                                                                                                                                                                                         @typescript-eslint/no-unsafe-member-access
  3367:48  error    Unsafe member access .inventory on an `any` value                                                                                                                                                                                                                                                  @typescript-eslint/no-unsafe-member-access
  3371:9   error    Unsafe assignment of an `any` value                                                                                                                                                                                                                                                                @typescript-eslint/no-unsafe-assignment
  3383:46  error    Unsafe member access .data on an `any` value                                                                                                                                                                                                                                                       @typescript-eslint/no-unsafe-member-access
  3385:35  error    Unsafe member access [index] on an `any` value                                                                                                                                                                                                                                                     @typescript-eslint/no-unsafe-member-access
  3389:13  error    Unsafe assignment of an `any` value                                                                                                                                                                                                                                                                @typescript-eslint/no-unsafe-assignment
  3390:23  error    Unsafe member access .id on an `any` value                                                                                                                                                                                                                                                         @typescript-eslint/no-unsafe-member-access
  3392:58  error    Unsafe member access .inventory on an `any` value                                                                                                                                                                                                                                                  @typescript-eslint/no-unsafe-member-access
  3428:13  error    Unsafe assignment of an `any` value                                                                                                                                                                                                                                                                @typescript-eslint/no-unsafe-assignment
  3428:49  error    Unsafe member access .data on an `any` value                                                                                                                                                                                                                                                       @typescript-eslint/no-unsafe-member-access
  3429:19  error    Unsafe member access .data on an `any` value                                                                                                                                                                                                                                                       @typescript-eslint/no-unsafe-member-access
  3431:13  error    Unsafe assignment of an `any` value                                                                                                                                                                                                                                                                @typescript-eslint/no-unsafe-assignment
  3431:33  error    Unsafe member access [index] on an `any` value                                                                                                                                                                                                                                                     @typescript-eslint/no-unsafe-member-access
  3432:45  error    Unsafe member access .targetPlayerId on an `any` value                                                                                                                                                                                                                                             @typescript-eslint/no-unsafe-member-access
  3433:35  error    Unsafe member access .card on an `any` value                                                                                                                                                                                                                                                       @typescript-eslint/no-unsafe-member-access
  3443:13  error    Unsafe assignment of an `any` value                                                                                                                                                                                                                                                                @typescript-eslint/no-unsafe-assignment
  3443:58  error    Unsafe member access .id on an `any` value                                                                                                                                                                                                                                                         @typescript-eslint/no-unsafe-member-access
  3444:50  error    Unsafe member access .inventory on an `any` value                                                                                                                                                                                                                                                  @typescript-eslint/no-unsafe-member-access
  3474:13  error    Unsafe assignment of an `any` value                                                                                                                                                                                                                                                                @typescript-eslint/no-unsafe-assignment
  3474:44  error    Unsafe member access .data on an `any` value                                                                                                                                                                                                                                                       @typescript-eslint/no-unsafe-member-access
  3475:11  error    Unsafe call of an `any` typed value                                                                                                                                                                                                                                                                @typescript-eslint/no-unsafe-call
  3475:19  error    Unsafe member access .data on an `any` value                                                                                                                                                                                                                                                       @typescript-eslint/no-unsafe-member-access
  3477:38  error    Unsafe member access .data on an `any` value                                                                                                                                                                                                                                                       @typescript-eslint/no-unsafe-member-access
  3478:41  error    Unsafe member access .data on an `any` value                                                                                                                                                                                                                                                       @typescript-eslint/no-unsafe-member-access
  3479:35  error    Unsafe member access [index] on an `any` value                                                                                                                                                                                                                                                     @typescript-eslint/no-unsafe-member-access
  3481:16  error    Unsafe member access .length on an `any` value                                                                                                                                                                                                                                                     @typescript-eslint/no-unsafe-member-access
  3490:53  error    Unsafe member access .length on an `any` value                                                                                                                                                                                                                                                     @typescript-eslint/no-unsafe-member-access
  3491:36  error    Unsafe member access [giverIndex] on an `any` value                                                                                                                                                                                                                                                @typescript-eslint/no-unsafe-member-access
  3492:39  error    Unsafe member access [(giverIndex + 1) % order.length] on an `any` value                                                                                                                                                                                                                           @typescript-eslint/no-unsafe-member-access
  3492:64  error    Unsafe member access .length on an `any` value                                                                                                                                                                                                                                                     @typescript-eslint/no-unsafe-member-access
  3509:49  error    Unsafe member access .length on an `any` value                                                                                                                                                                                                                                                     @typescript-eslint/no-unsafe-member-access
  3511:36  error    Unsafe member access .length on an `any` value                                                                                                                                                                                                                                                     @typescript-eslint/no-unsafe-member-access
  3512:34  error    Unsafe member access [nextCursor] on an `any` value                                                                                                                                                                                                                                                @typescript-eslint/no-unsafe-member-access
  3513:15  error    Unsafe assignment of an `any` value                                                                                                                                                                                                                                                                @typescript-eslint/no-unsafe-assignment
  3514:25  error    Unsafe member access .id on an `any` value                                                                                                                                                                                                                                                         @typescript-eslint/no-unsafe-member-access
  3516:54  error    Unsafe member access .inventory on an `any` value                                                                                                                                                                                                                                                  @typescript-eslint/no-unsafe-member-access
  3520:13  error    Unsafe assignment of an `any` value                                                                                                                                                                                                                                                                @typescript-eslint/no-unsafe-assignment
  3529:17  error    Unsafe assignment of an `any` value                                                                                                                                                                                                                                                                @typescript-eslint/no-unsafe-assignment
  3536:47  error    Unsafe member access .length on an `any` value                                                                                                                                                                                                                                                     @typescript-eslint/no-unsafe-member-access
  3548:13  error    Unsafe assignment of an `any` value                                                                                                                                                                                                                                                                @typescript-eslint/no-unsafe-assignment
  3548:44  error    Unsafe member access .data on an `any` value                                                                                                                                                                                                                                                       @typescript-eslint/no-unsafe-member-access
  3549:11  error    Unsafe call of an `any` typed value                                                                                                                                                                                                                                                                @typescript-eslint/no-unsafe-call
  3549:19  error    Unsafe member access .data on an `any` value                                                                                                                                                                                                                                                       @typescript-eslint/no-unsafe-member-access
  3551:38  error    Unsafe member access .data on an `any` value                                                                                                                                                                                                                                                       @typescript-eslint/no-unsafe-member-access
  3552:41  error    Unsafe member access .data on an `any` value                                                                                                                                                                                                                                                       @typescript-eslint/no-unsafe-member-access
  3553:37  error    Unsafe member access [index] on an `any` value                                                                                                                                                                                                                                                     @typescript-eslint/no-unsafe-member-access
  3555:16  error    Unsafe member access .length on an `any` value                                                                                                                                                                                                                                                     @typescript-eslint/no-unsafe-member-access
  3563:55  error    Unsafe member access .length on an `any` value                                                                                                                                                                                                                                                     @typescript-eslint/no-unsafe-member-access
  3564:32  error    Unsafe member access [currentIndex] on an `any` value                                                                                                                                                                                                                                              @typescript-eslint/no-unsafe-member-access
  3569:7   error    Unsafe return of a value of type `any`                                                                                                                                                                                                                                                             @typescript-eslint/no-unsafe-return
  3578:13  error    Unsafe assignment of an `any` value                                                                                                                                                                                                                                                                @typescript-eslint/no-unsafe-assignment
  3587:13  error    Unsafe assignment of an `any` value                                                                                                                                                                                                                                                                @typescript-eslint/no-unsafe-assignment
  3587:46  error    Unsafe member access .data on an `any` value                                                                                                                                                                                                                                                       @typescript-eslint/no-unsafe-member-access
  3588:19  error    Unsafe member access .data on an `any` value                                                                                                                                                                                                                                                       @typescript-eslint/no-unsafe-member-access
  3590:13  error    Unsafe assignment of an `any` value                                                                                                                                                                                                                                                                @typescript-eslint/no-unsafe-assignment
  3590:30  error    Unsafe member access [index] on an `any` value                                                                                                                                                                                                                                                     @typescript-eslint/no-unsafe-member-access
  3591:53  error    Unsafe member access .position on an `any` value                                                                                                                                                                                                                                                   @typescript-eslint/no-unsafe-member-access
  3607:54  error    Unsafe member access .position on an `any` value                                                                                                                                                                                                                                                   @typescript-eslint/no-unsafe-member-access
  3627:42  error    Unsafe member access .label on an `any` value                                                                                                                                                                                                                                                      @typescript-eslint/no-unsafe-member-access
  3627:64  error    Unsafe member access .caseNumber on an `any` value                                                                                                                                                                                                                                                 @typescript-eslint/no-unsafe-member-access
  3633:25  error    Unsafe member access .standId on an `any` value                                                                                                                                                                                                                                                    @typescript-eslint/no-unsafe-member-access
  3634:28  error    Unsafe member access .caseNumber on an `any` value                                                                                                                                                                                                                                                 @typescript-eslint/no-unsafe-member-access
  3640:58  error    Unsafe member access .data on an `any` value                                                                                                                                                                                                                                                       @typescript-eslint/no-unsafe-member-access
  3652:46  error    Unsafe member access .data on an `any` value                                                                                                                                                                                                                                                       @typescript-eslint/no-unsafe-member-access
  3654:35  error    Unsafe member access [index] on an `any` value                                                                                                                                                                                                                                                     @typescript-eslint/no-unsafe-member-access
  3657:13  error    Unsafe assignment of an `any` value                                                                                                                                                                                                                                                                @typescript-eslint/no-unsafe-assignment
  3658:23  error    Unsafe member access .id on an `any` value                                                                                                                                                                                                                                                         @typescript-eslint/no-unsafe-member-access
  3660:58  error    Unsafe member access .inventory on an `any` value                                                                                                                                                                                                                                                  @typescript-eslint/no-unsafe-member-access
  3715:13  error    Unsafe assignment of an `any` value                                                                                                                                                                                                                                                                @typescript-eslint/no-unsafe-assignment
  3715:35  error    Unsafe member access .data on an `any` value                                                                                                                                                                                                                                                       @typescript-eslint/no-unsafe-member-access
  3716:13  error    Unsafe assignment of an `any` value                                                                                                                                                                                                                                                                @typescript-eslint/no-unsafe-assignment
  3716:46  error    Unsafe member access .data on an `any` value                                                                                                                                                                                                                                                       @typescript-eslint/no-unsafe-member-access
  3717:19  error    Unsafe member access .data on an `any` value                                                                                                                                                                                                                                                       @typescript-eslint/no-unsafe-member-access
  3719:13  error    Unsafe assignment of an `any` value                                                                                                                                                                                                                                                                @typescript-eslint/no-unsafe-assignment
  3719:36  error    Unsafe member access [index] on an `any` value                                                                                                                                                                                                                                                     @typescript-eslint/no-unsafe-member-access
  3720:51  error    Unsafe member access .playerId on an `any` value                                                                                                                                                                                                                                                   @typescript-eslint/no-unsafe-member-access
  3722:13  error    Unsafe assignment of an `any` value                                                                                                                                                                                                                                                                @typescript-eslint/no-unsafe-assignment
  3723:23  error    Unsafe member access .id on an `any` value                                                                                                                                                                                                                                                         @typescript-eslint/no-unsafe-member-access
  3725:58  error    Unsafe member access .inventory on an `any` value                                                                                                                                                                                                                                                  @typescript-eslint/no-unsafe-member-access
  3736:9   error    Unsafe assignment of an `any` value                                                                                                                                                                                                                                                                @typescript-eslint/no-unsafe-assignment
  3745:13  error    Unsafe assignment of an `any` value                                                                                                                                                                                                                                                                @typescript-eslint/no-unsafe-assignment
  3754:13  error    Unsafe assignment of an `any` value                                                                                                                                                                                                                                                                @typescript-eslint/no-unsafe-assignment
  3754:35  error    Unsafe member access .data on an `any` value                                                                                                                                                                                                                                                       @typescript-eslint/no-unsafe-member-access
  3755:46  error    Unsafe member access .data on an `any` value                                                                                                                                                                                                                                                       @typescript-eslint/no-unsafe-member-access
  3756:13  error    Unsafe assignment of an `any` value                                                                                                                                                                                                                                                                @typescript-eslint/no-unsafe-assignment
  3756:50  error    Unsafe member access .data on an `any` value                                                                                                                                                                                                                                                       @typescript-eslint/no-unsafe-member-access
  3757:11  error    Unsafe call of an `any` typed value                                                                                                                                                                                                                                                                @typescript-eslint/no-unsafe-call
  3757:19  error    Unsafe member access .data on an `any` value                                                                                                                                                                                                                                                       @typescript-eslint/no-unsafe-member-access
  3759:39  error    Unsafe member access [index] on an `any` value                                                                                                                                                                                                                                                     @typescript-eslint/no-unsafe-member-access
  3761:13  error    Unsafe assignment of an `any` value                                                                                                                                                                                                                                                                @typescript-eslint/no-unsafe-assignment
  3762:23  error    Unsafe member access .id on an `any` value                                                                                                                                                                                                                                                         @typescript-eslint/no-unsafe-member-access
  3764:50  error    Unsafe member access .inventory on an `any` value                                                                                                                                                                                                                                                  @typescript-eslint/no-unsafe-member-access
  3768:9   error    Unsafe assignment of an `any` value                                                                                                                                                                                                                                                                @typescript-eslint/no-unsafe-assignment
  3776:13  error    Unsafe assignment of an `any` value                                                                                                                                                                                                                                                                @typescript-eslint/no-unsafe-assignment
  3785:13  error    Unsafe assignment of an `any` value                                                                                                                                                                                                                                                                @typescript-eslint/no-unsafe-assignment
  3785:35  error    Unsafe member access .data on an `any` value                                                                                                                                                                                                                                                       @typescript-eslint/no-unsafe-member-access
  3786:46  error    Unsafe member access .data on an `any` value                                                                                                                                                                                                                                                       @typescript-eslint/no-unsafe-member-access
  3787:36  error    Unsafe member access .data on an `any` value                                                                                                                                                                                                                                                       @typescript-eslint/no-unsafe-member-access
  3788:35  error    Unsafe member access [index] on an `any` value                                                                                                                                                                                                                                                     @typescript-eslint/no-unsafe-member-access
  3793:9   error    Unsafe assignment of an `any` value                                                                                                                                                                                                                                                                @typescript-eslint/no-unsafe-assignment
  3801:13  error    Unsafe assignment of an `any` value                                                                                                                                                                                                                                                                @typescript-eslint/no-unsafe-assignment
  3812:43  error    Unsafe member access .data on an `any` value                                                                                                                                                                                                                                                       @typescript-eslint/no-unsafe-member-access
  3813:46  error    Unsafe member access .data on an `any` value                                                                                                                                                                                                                                                       @typescript-eslint/no-unsafe-member-access
  3814:36  error    Unsafe member access .data on an `any` value                                                                                                                                                                                                                                                       @typescript-eslint/no-unsafe-member-access
  3815:36  error    Unsafe member access .data on an `any` value                                                                                                                                                                                                                                                       @typescript-eslint/no-unsafe-member-access
  3816:13  error    Unsafe assignment of an `any` value                                                                                                                                                                                                                                                                @typescript-eslint/no-unsafe-assignment
  3816:35  error    Unsafe member access .data on an `any` value                                                                                                                                                                                                                                                       @typescript-eslint/no-unsafe-member-access
  3826:13  error    Unsafe assignment of an `any` value                                                                                                                                                                                                                                                                @typescript-eslint/no-unsafe-assignment
  3827:13  error    Unsafe assignment of an `any` value                                                                                                                                                                                                                                                                @typescript-eslint/no-unsafe-assignment
  3827:51  error    Unsafe member access .actionLog on an `any` value                                                                                                                                                                                                                                                  @typescript-eslint/no-unsafe-member-access
  3828:11  error    Unsafe call of an `any` typed value                                                                                                                                                                                                                                                                @typescript-eslint/no-unsafe-call
  3828:16  error    Unsafe member access .actionLog on an `any` value                                                                                                                                                                                                                                                  @typescript-eslint/no-unsafe-member-access
  3830:18  error    Unsafe member access .type on an `any` value                                                                                                                                                                                                                                                       @typescript-eslint/no-unsafe-member-access
  3831:18  error    Unsafe member access .payload on an `any` value                                                                                                                                                                                                                                                    @typescript-eslint/no-unsafe-member-access
  3833:18  error    Unsafe member access .payload on an `any` value                                                                                                                                                                                                                                                    @typescript-eslint/no-unsafe-member-access
  3873:13  error    Unsafe assignment of an `any` value                                                                                                                                                                                                                                                                @typescript-eslint/no-unsafe-assignment
  3873:46  error    Unsafe member access .data on an `any` value                                                                                                                                                                                                                                                       @typescript-eslint/no-unsafe-member-access
  3874:19  error    Unsafe member access .data on an `any` value                                                                                                                                                                                                                                                       @typescript-eslint/no-unsafe-member-access
  3876:13  error    Unsafe assignment of an `any` value                                                                                                                                                                                                                                                                @typescript-eslint/no-unsafe-assignment
  3876:36  error    Unsafe member access [index] on an `any` value                                                                                                                                                                                                                                                     @typescript-eslint/no-unsafe-member-access
  3877:51  error    Unsafe member access .playerId on an `any` value                                                                                                                                                                                                                                                   @typescript-eslint/no-unsafe-member-access
  3880:13  error    Unsafe assignment of an `any` value                                                                                                                                                                                                                                                                @typescript-eslint/no-unsafe-assignment
  3881:23  error    Unsafe member access .id on an `any` value                                                                                                                                                                                                                                                         @typescript-eslint/no-unsafe-member-access
  3883:50  error    Unsafe member access .inventory on an `any` value                                                                                                                                                                                                                                                  @typescript-eslint/no-unsafe-member-access
  3895:9   error    Unsafe assignment of an `any` value                                                                                                                                                                                                                                                                @typescript-eslint/no-unsafe-assignment
  3910:46  error    Unsafe member access .data on an `any` value                                                                                                                                                                                                                                                       @typescript-eslint/no-unsafe-member-access
  3911:35  error    Unsafe member access [index] on an `any` value                                                                                                                                                                                                                                                     @typescript-eslint/no-unsafe-member-access
  3915:13  error    Unsafe assignment of an `any` value                                                                                                                                                                                                                                                                @typescript-eslint/no-unsafe-assignment
  3916:23  error    Unsafe member access .id on an `any` value                                                                                                                                                                                                                                                         @typescript-eslint/no-unsafe-member-access
  3918:58  error    Unsafe member access .inventory on an `any` value                                                                                                                                                                                                                                                  @typescript-eslint/no-unsafe-member-access
  3946:13  error    Unsafe assignment of an `any` value                                                                                                                                                                                                                                                                @typescript-eslint/no-unsafe-assignment
  3946:46  error    Unsafe member access .data on an `any` value                                                                                                                                                                                                                                                       @typescript-eslint/no-unsafe-member-access
  3947:19  error    Unsafe member access .data on an `any` value                                                                                                                                                                                                                                                       @typescript-eslint/no-unsafe-member-access
  3949:13  error    Unsafe assignment of an `any` value                                                                                                                                                                                                                                                                @typescript-eslint/no-unsafe-assignment
  3949:36  error    Unsafe member access [index] on an `any` value                                                                                                                                                                                                                                                     @typescript-eslint/no-unsafe-member-access
  3950:51  error    Unsafe member access .playerId on an `any` value                                                                                                                                                                                                                                                   @typescript-eslint/no-unsafe-member-access
  3953:13  error    Unsafe assignment of an `any` value                                                                                                                                                                                                                                                                @typescript-eslint/no-unsafe-assignment
  3954:23  error    Unsafe member access .id on an `any` value                                                                                                                                                                                                                                                         @typescript-eslint/no-unsafe-member-access
  3956:50  error    Unsafe member access .inventory on an `any` value                                                                                                                                                                                                                                                  @typescript-eslint/no-unsafe-member-access
  3972:9   error    Unsafe assignment of an `any` value                                                                                                                                                                                                                                                                @typescript-eslint/no-unsafe-assignment
  3984:46  error    Unsafe member access .data on an `any` value                                                                                                                                                                                                                                                       @typescript-eslint/no-unsafe-member-access
  3985:35  error    Unsafe member access [index] on an `any` value                                                                                                                                                                                                                                                     @typescript-eslint/no-unsafe-member-access
  3989:13  error    Unsafe assignment of an `any` value                                                                                                                                                                                                                                                                @typescript-eslint/no-unsafe-assignment
  3990:23  error    Unsafe member access .id on an `any` value                                                                                                                                                                                                                                                         @typescript-eslint/no-unsafe-member-access
  3992:58  error    Unsafe member access .inventory on an `any` value                                                                                                                                                                                                                                                  @typescript-eslint/no-unsafe-member-access
  4020:37  error    Unsafe member access [index] on an `any` value                                                                                                                                                                                                                                                     @typescript-eslint/no-unsafe-member-access
  4037:13  error    Unsafe assignment of an `any` value                                                                                                                                                                                                                                                                @typescript-eslint/no-unsafe-assignment
  4037:46  error    Unsafe member access .data on an `any` value                                                                                                                                                                                                                                                       @typescript-eslint/no-unsafe-member-access
  4038:19  error    Unsafe member access .data on an `any` value                                                                                                                                                                                                                                                       @typescript-eslint/no-unsafe-member-access
  4040:13  error    Unsafe assignment of an `any` value                                                                                                                                                                                                                                                                @typescript-eslint/no-unsafe-assignment
  4040:30  error    Unsafe member access [index] on an `any` value                                                                                                                                                                                                                                                     @typescript-eslint/no-unsafe-member-access
  4041:45  error    Unsafe member access .playerId on an `any` value                                                                                                                                                                                                                                                   @typescript-eslint/no-unsafe-member-access
  4042:36  error    Unsafe member access .data on an `any` value                                                                                                                                                                                                                                                       @typescript-eslint/no-unsafe-member-access
  4054:43  error    Unsafe member access .data on an `any` value                                                                                                                                                                                                                                                       @typescript-eslint/no-unsafe-member-access
  4055:13  error    Unsafe assignment of an `any` value                                                                                                                                                                                                                                                                @typescript-eslint/no-unsafe-assignment
  4055:44  error    Unsafe member access .data on an `any` value                                                                                                                                                                                                                                                       @typescript-eslint/no-unsafe-member-access
  4056:11  error    Unsafe call of an `any` typed value                                                                                                                                                                                                                                                                @typescript-eslint/no-unsafe-call
  4056:19  error    Unsafe member access .data on an `any` value                                                                                                                                                                                                                                                       @typescript-eslint/no-unsafe-member-access
  4058:13  error    Unsafe assignment of an `any` value                                                                                                                                                                                                                                                                @typescript-eslint/no-unsafe-assignment
  4058:26  error    Unsafe member access [index] on an `any` value                                                                                                                                                                                                                                                     @typescript-eslint/no-unsafe-member-access
  4062:61  warning  Unsafe argument of type `any` assigned to a parameter of type `string`                                                                                                                                                                                                                             @typescript-eslint/no-unsafe-argument
  4065:53  warning  Unsafe argument of type `any` assigned to a parameter of type `string`                                                                                                                                                                                                                             @typescript-eslint/no-unsafe-argument
  4068:15  error    Unsafe assignment of an `any` value                                                                                                                                                                                                                                                                @typescript-eslint/no-unsafe-assignment
  4069:25  error    Unsafe member access .id on an `any` value                                                                                                                                                                                                                                                         @typescript-eslint/no-unsafe-member-access
  4071:66  error    Unsafe member access .inventory on an `any` value                                                                                                                                                                                                                                                  @typescript-eslint/no-unsafe-member-access
  4114:11  error    Unsafe assignment of an `any` value                                                                                                                                                                                                                                                                @typescript-eslint/no-unsafe-assignment
  4115:36  error    Unsafe member access .actorId on an `any` value                                                                                                                                                                                                                                                    @typescript-eslint/no-unsafe-member-access
  4116:32  error    Unsafe member access .actorId on an `any` value                                                                                                                                                                                                                                                    @typescript-eslint/no-unsafe-member-access
  4196:7   error    Unsafe assignment of an `any` value                                                                                                                                                                                                                                                                @typescript-eslint/no-unsafe-assignment
  4258:7   error    Unsafe assignment of an `any` value                                                                                                                                                                                                                                                                @typescript-eslint/no-unsafe-assignment
  4416:15  error    Unsafe assignment of an `any` value                                                                                                                                                                                                                                                                @typescript-eslint/no-unsafe-assignment

C:\wamp64\www\lemondeDeLila\backend\src\game\games\les-quatre-vents\panier-express\phases\panier-express-phase.service.ts
   48:11  error    Unsafe assignment of an `any` value                                                                 @typescript-eslint/no-unsafe-assignment
   49:56  error    Unsafe member access .turnFlow on an `any` value                                                    @typescript-eslint/no-unsafe-member-access
   60:42  warning  Unsafe argument of type `any` assigned to a parameter of type `Record<number, number> | undefined`  @typescript-eslint/no-unsafe-argument
   60:51  error    Unsafe member access .revealInventory on an `any` value                                             @typescript-eslint/no-unsafe-member-access
   61:45  warning  Unsafe argument of type `any` assigned to a parameter of type `Record<number, number> | undefined`  @typescript-eslint/no-unsafe-argument
   61:54  error    Unsafe member access .revealShoppingList on an `any` value                                          @typescript-eslint/no-unsafe-member-access
   62:40  warning  Unsafe argument of type `any` assigned to a parameter of type `Record<number, number> | undefined`  @typescript-eslint/no-unsafe-argument
   62:49  error    Unsafe member access .noDrawCourses on an `any` value                                               @typescript-eslint/no-unsafe-member-access
   84:9   error    Unsafe assignment of an `any` value                                                                 @typescript-eslint/no-unsafe-assignment
   97:40  error    Unsafe member access .roomId on an `any` value                                                      @typescript-eslint/no-unsafe-member-access
   98:42  error    Unsafe member access .gameType on an `any` value                                                    @typescript-eslint/no-unsafe-member-access
  105:45  error    Unsafe member access .statuses on an `any` value                                                    @typescript-eslint/no-unsafe-member-access
  107:11  error    Unsafe assignment of an `any` value                                                                 @typescript-eslint/no-unsafe-assignment
  107:45  error    Unsafe member access .skipped on an `any` value                                                     @typescript-eslint/no-unsafe-member-access
  107:65  error    Unsafe member access .skipped on an `any` value                                                     @typescript-eslint/no-unsafe-member-access
  108:18  error    Unsafe member access .length on an `any` value                                                      @typescript-eslint/no-unsafe-member-access
  114:13  error    Unsafe assignment of an `any` value                                                                 @typescript-eslint/no-unsafe-assignment
  114:32  error    Unsafe member access .id on an `any` value                                                          @typescript-eslint/no-unsafe-member-access
  114:56  error    Unsafe member access .id on an `any` value                                                          @typescript-eslint/no-unsafe-member-access
  116:13  error    Unsafe assignment of an `any` value                                                                 @typescript-eslint/no-unsafe-assignment
  117:23  error    Unsafe member access .remainingAfter on an `any` value                                              @typescript-eslint/no-unsafe-member-access
  117:59  error    Unsafe member access .remainingAfter on an `any` value                                              @typescript-eslint/no-unsafe-member-access
  121:56  warning  Unsafe argument of type `any` assigned to a parameter of type `number`                              @typescript-eslint/no-unsafe-argument
  125:11  error    Unsafe assignment of an `any` value                                                                 @typescript-eslint/no-unsafe-assignment
  133:9   error    Unsafe assignment of an `any` value                                                                 @typescript-eslint/no-unsafe-assignment

C:\wamp64\www\lemondeDeLila\backend\src\game\games\les-quatre-vents\panier-express\presenter\panier-express-presenter.service.ts
   73:11  error  Unsafe assignment of an `any` value                        @typescript-eslint/no-unsafe-assignment
   81:7   error  Unsafe assignment of an `any` value                        @typescript-eslint/no-unsafe-assignment
  135:48  error  Unsafe member access [v.id] on an `any` value              @typescript-eslint/no-unsafe-member-access
  142:42  error  Unsafe member access [v.id] on an `any` value              @typescript-eslint/no-unsafe-member-access
  200:13  error  Unsafe assignment of an `any` value                        @typescript-eslint/no-unsafe-assignment
  203:32  error  Unsafe member access .playerId on an `any` value           @typescript-eslint/no-unsafe-member-access
  204:25  error  Unsafe member access .playerId on an `any` value           @typescript-eslint/no-unsafe-member-access
  208:27  error  Unsafe member access .step on an `any` value               @typescript-eslint/no-unsafe-member-access
  209:15  error  Unsafe assignment of an `any` value                        @typescript-eslint/no-unsafe-assignment
  209:55  error  Unsafe member access .targets on an `any` value            @typescript-eslint/no-unsafe-member-access
  210:29  error  Unsafe member access .targets on an `any` value            @typescript-eslint/no-unsafe-member-access
  212:15  error  Unsafe assignment of an `any` value                        @typescript-eslint/no-unsafe-assignment
  212:25  error  Unsafe call of an `any` typed value                        @typescript-eslint/no-unsafe-call
  212:25  error  Unsafe call of an `any` typed value                        @typescript-eslint/no-unsafe-call
  213:12  error  Unsafe member access .map on an `any` value                @typescript-eslint/no-unsafe-member-access
  213:51  error  Unsafe member access .targetUsername on an `any` value     @typescript-eslint/no-unsafe-member-access
  214:12  error  Unsafe member access .filter on an `any` value             @typescript-eslint/no-unsafe-member-access
  215:9   error  Unsafe return of a value of type `any`                     @typescript-eslint/no-unsafe-return
  217:11  error  Unsafe assignment of an `any` value                        @typescript-eslint/no-unsafe-assignment
  217:37  error  Unsafe member access .playerId on an `any` value           @typescript-eslint/no-unsafe-member-access
  220:11  error  Unsafe assignment of an `any` value                        @typescript-eslint/no-unsafe-assignment
  221:42  error  Unsafe assignment of an `any` value                        @typescript-eslint/no-unsafe-assignment
  224:27  error  Unsafe member access .step on an `any` value               @typescript-eslint/no-unsafe-member-access
  225:15  error  Unsafe assignment of an `any` value                        @typescript-eslint/no-unsafe-assignment
  225:59  error  Unsafe member access .giveChoices on an `any` value        @typescript-eslint/no-unsafe-member-access
  226:29  error  Unsafe member access .giveChoices on an `any` value        @typescript-eslint/no-unsafe-member-access
  228:15  error  Unsafe assignment of an `any` value                        @typescript-eslint/no-unsafe-assignment
  228:25  error  Unsafe call of an `any` typed value                        @typescript-eslint/no-unsafe-call
  228:25  error  Unsafe call of an `any` typed value                        @typescript-eslint/no-unsafe-call
  229:12  error  Unsafe member access .map on an `any` value                @typescript-eslint/no-unsafe-member-access
  232:12  error  Unsafe member access .filter on an `any` value             @typescript-eslint/no-unsafe-member-access
  234:34  error  Unsafe member access .targetUsername on an `any` value     @typescript-eslint/no-unsafe-member-access
  236:9   error  Unsafe return of a value of type `any`                     @typescript-eslint/no-unsafe-return
  238:11  error  Unsafe assignment of an `any` value                        @typescript-eslint/no-unsafe-assignment
  238:37  error  Unsafe member access .playerId on an `any` value           @typescript-eslint/no-unsafe-member-access
  239:11  error  Unsafe assignment of an `any` value                        @typescript-eslint/no-unsafe-assignment
  239:43  error  Unsafe member access .targetPlayerId on an `any` value     @typescript-eslint/no-unsafe-member-access
  244:11  error  Unsafe assignment of an `any` value                        @typescript-eslint/no-unsafe-assignment
  247:13  error  Unsafe assignment of an `any` value                        @typescript-eslint/no-unsafe-assignment
  247:45  error  Unsafe member access .targetPlayerId on an `any` value     @typescript-eslint/no-unsafe-member-access
  248:13  error  Unsafe assignment of an `any` value                        @typescript-eslint/no-unsafe-assignment
  248:45  error  Unsafe member access .targetUsername on an `any` value     @typescript-eslint/no-unsafe-member-access
  252:27  error  Unsafe member access .step on an `any` value               @typescript-eslint/no-unsafe-member-access
  254:34  error  Unsafe member access .initiatorUsername on an `any` value  @typescript-eslint/no-unsafe-member-access
  257:47  error  Unsafe member access .give on an `any` value               @typescript-eslint/no-unsafe-member-access
  260:27  error  Unsafe member access .take on an `any` value               @typescript-eslint/no-unsafe-member-access
  262:53  error  Unsafe member access .take on an `any` value               @typescript-eslint/no-unsafe-member-access
  268:9   error  Unsafe return of a value of type `any`                     @typescript-eslint/no-unsafe-return
  270:11  error  Unsafe assignment of an `any` value                        @typescript-eslint/no-unsafe-assignment
  270:37  error  Unsafe member access .playerId on an `any` value           @typescript-eslint/no-unsafe-member-access
  283:13  error  Unsafe assignment of an `any` value                        @typescript-eslint/no-unsafe-assignment
  284:13  error  Unsafe assignment of an `any` value                        @typescript-eslint/no-unsafe-assignment
  284:51  error  Unsafe member access .choices on an `any` value            @typescript-eslint/no-unsafe-member-access
  285:22  error  Unsafe member access .choices on an `any` value            @typescript-eslint/no-unsafe-member-access
  290:7   error  Unsafe return of a value of type `any`                     @typescript-eslint/no-unsafe-return
  292:9   error  Unsafe assignment of an `any` value                        @typescript-eslint/no-unsafe-assignment
  292:18  error  Unsafe call of an `any` typed value                        @typescript-eslint/no-unsafe-call
  292:18  error  Unsafe call of an `any` typed value                        @typescript-eslint/no-unsafe-call
  293:12  error  Unsafe member access .map on an `any` value                @typescript-eslint/no-unsafe-member-access
  296:12  error  Unsafe member access .filter on an `any` value             @typescript-eslint/no-unsafe-member-access
  336:27  error  Unsafe member access .id on an `any` value                 @typescript-eslint/no-unsafe-member-access
  338:7   error  Unsafe assignment of an `any` value                        @typescript-eslint/no-unsafe-assignment
  338:18  error  Unsafe member access .id on an `any` value                 @typescript-eslint/no-unsafe-member-access
  339:7   error  Unsafe assignment of an `any` value                        @typescript-eslint/no-unsafe-assignment
  339:31  error  Unsafe member access .username on an `any` value           @typescript-eslint/no-unsafe-member-access
  339:62  error  Unsafe member access .username on an `any` value           @typescript-eslint/no-unsafe-member-access
  340:22  error  Unsafe member access .isBot on an `any` value              @typescript-eslint/no-unsafe-member-access
  341:7   error  Unsafe assignment of an `any` value                        @typescript-eslint/no-unsafe-assignment
  341:27  error  Unsafe member access .pawn on an `any` value               @typescript-eslint/no-unsafe-member-access
  341:54  error  Unsafe member access .pawn on an `any` value               @typescript-eslint/no-unsafe-member-access
  343:35  error  Unsafe member access .shoppingList on an `any` value       @typescript-eslint/no-unsafe-member-access
  345:71  error  Unsafe member access .basket on an `any` value             @typescript-eslint/no-unsafe-member-access
  347:35  error  Unsafe member access .inventory on an `any` value          @typescript-eslint/no-unsafe-member-access
  428:71  error  Unsafe member access [p.id] on an `any` value              @typescript-eslint/no-unsafe-member-access
  429:49  error  Unsafe member access [p.id] on an `any` value              @typescript-eslint/no-unsafe-member-access
  580:15  error  Unsafe assignment of an `any` value                        @typescript-eslint/no-unsafe-assignment

C:\wamp64\www\lemondeDeLila\backend\src\game\games\les-quatre-vents\panier-express\rulebook\rulebook.ts
   45:9   error    Unsafe assignment of an `any` value                                                                   @typescript-eslint/no-unsafe-assignment
   46:55  error    Unsafe member access .playerId on an `any` value                                                      @typescript-eslint/no-unsafe-member-access
   49:16  error    Unsafe member access .blocking on an `any` value                                                      @typescript-eslint/no-unsafe-member-access
   70:16  error    Unsafe member access .type on an `any` value                                                          @typescript-eslint/no-unsafe-member-access
   78:16  error    Unsafe member access .type on an `any` value                                                          @typescript-eslint/no-unsafe-member-access
   94:16  error    Unsafe member access .type on an `any` value                                                          @typescript-eslint/no-unsafe-member-access
   95:16  error    Unsafe member access .step on an `any` value                                                          @typescript-eslint/no-unsafe-member-access
   96:16  error    Unsafe member access .playerId on an `any` value                                                      @typescript-eslint/no-unsafe-member-access
  102:16  error    Unsafe member access .type on an `any` value                                                          @typescript-eslint/no-unsafe-member-access
  103:16  error    Unsafe member access .step on an `any` value                                                          @typescript-eslint/no-unsafe-member-access
  107:32  error    Unsafe member access .type on an `any` value                                                          @typescript-eslint/no-unsafe-member-access
  128:56  error    Unsafe member access .playerId on an `any` value                                                      @typescript-eslint/no-unsafe-member-access
  134:22  error    Unsafe member access .step on an `any` value                                                          @typescript-eslint/no-unsafe-member-access
  140:11  error    Unsafe assignment of an `any` value                                                                   @typescript-eslint/no-unsafe-assignment
  140:60  error    Unsafe member access .choices on an `any` value                                                       @typescript-eslint/no-unsafe-member-access
  141:30  error    Unsafe member access .choices on an `any` value                                                       @typescript-eslint/no-unsafe-member-access
  142:31  error    Unsafe member access .answer on an `any` value                                                        @typescript-eslint/no-unsafe-member-access
  143:33  error    Unsafe member access .answer on an `any` value                                                        @typescript-eslint/no-unsafe-member-access
  145:11  error    Unsafe assignment of an `any` value                                                                   @typescript-eslint/no-unsafe-assignment
  145:21  error    Unsafe call of an `any` typed value                                                                   @typescript-eslint/no-unsafe-call
  145:21  error    Unsafe call of an `any` typed value                                                                   @typescript-eslint/no-unsafe-call
  145:21  error    Unsafe call of an `any` typed value                                                                   @typescript-eslint/no-unsafe-call
  146:8   error    Unsafe member access .map on an `any` value                                                           @typescript-eslint/no-unsafe-member-access
  147:8   error    Unsafe member access .map on an `any` value                                                           @typescript-eslint/no-unsafe-member-access
  148:8   error    Unsafe member access .filter on an `any` value                                                        @typescript-eslint/no-unsafe-member-access
  149:5   error    Unsafe return of a value of type `any`                                                                @typescript-eslint/no-unsafe-return
  149:12  error    Unsafe call of an `any` typed value                                                                   @typescript-eslint/no-unsafe-call
  149:20  error    Unsafe member access .map on an `any` value                                                           @typescript-eslint/no-unsafe-member-access
  151:18  error    Unsafe assignment of an `any` value                                                                   @typescript-eslint/no-unsafe-assignment
  158:11  error    Unsafe assignment of an `any` value                                                                   @typescript-eslint/no-unsafe-assignment
  160:26  error    Unsafe member access .step on an `any` value                                                          @typescript-eslint/no-unsafe-member-access
  161:13  error    Unsafe assignment of an `any` value                                                                   @typescript-eslint/no-unsafe-assignment
  161:53  error    Unsafe member access .targets on an `any` value                                                       @typescript-eslint/no-unsafe-member-access
  162:27  error    Unsafe member access .targets on an `any` value                                                       @typescript-eslint/no-unsafe-member-access
  164:7   error    Unsafe return of a value of type `any`                                                                @typescript-eslint/no-unsafe-return
  164:14  error    Unsafe call of an `any` typed value                                                                   @typescript-eslint/no-unsafe-call
  164:14  error    Unsafe call of an `any` typed value                                                                   @typescript-eslint/no-unsafe-call
  165:10  error    Unsafe member access .filter on an `any` value                                                        @typescript-eslint/no-unsafe-member-access
  165:29  error    Unsafe return of a value of type `any`                                                                @typescript-eslint/no-unsafe-return
  165:43  error    Unsafe member access .targetPlayerId on an `any` value                                                @typescript-eslint/no-unsafe-member-access
  166:10  error    Unsafe member access .map on an `any` value                                                           @typescript-eslint/no-unsafe-member-access
  168:22  error    Unsafe assignment of an `any` value                                                                   @typescript-eslint/no-unsafe-assignment
  168:40  error    Unsafe member access .targetPlayerId on an `any` value                                                @typescript-eslint/no-unsafe-member-access
  172:26  error    Unsafe member access .step on an `any` value                                                          @typescript-eslint/no-unsafe-member-access
  173:13  error    Unsafe assignment of an `any` value                                                                   @typescript-eslint/no-unsafe-assignment
  173:53  error    Unsafe member access .giveChoices on an `any` value                                                   @typescript-eslint/no-unsafe-member-access
  174:27  error    Unsafe member access .giveChoices on an `any` value                                                   @typescript-eslint/no-unsafe-member-access
  176:7   error    Unsafe return of a value of type `any`                                                                @typescript-eslint/no-unsafe-return
  176:14  error    Unsafe call of an `any` typed value                                                                   @typescript-eslint/no-unsafe-call
  176:14  error    Unsafe call of an `any` typed value                                                                   @typescript-eslint/no-unsafe-call
  176:14  error    Unsafe call of an `any` typed value                                                                   @typescript-eslint/no-unsafe-call
  176:14  error    Unsafe call of an `any` typed value                                                                   @typescript-eslint/no-unsafe-call
  177:10  error    Unsafe member access .map on an `any` value                                                           @typescript-eslint/no-unsafe-member-access
  178:10  error    Unsafe member access .map on an `any` value                                                           @typescript-eslint/no-unsafe-member-access
  179:10  error    Unsafe member access .filter on an `any` value                                                        @typescript-eslint/no-unsafe-member-access
  180:10  error    Unsafe member access .map on an `any` value                                                           @typescript-eslint/no-unsafe-member-access
  213:9   error    Unsafe assignment of an `any` value                                                                   @typescript-eslint/no-unsafe-assignment
  214:50  error    Unsafe member access .blocking on an `any` value                                                      @typescript-eslint/no-unsafe-member-access
  215:55  error    Unsafe member access .playerId on an `any` value                                                      @typescript-eslint/no-unsafe-member-access
  264:43  warning  Unsafe argument of type `any` assigned to a parameter of type `PanierExpressActionType`               @typescript-eslint/no-unsafe-argument
  297:11  error    Unsafe assignment of an `any` value                                                                   @typescript-eslint/no-unsafe-assignment
  299:7   error    Unsafe assignment of an `any` value                                                                   @typescript-eslint/no-unsafe-assignment
  322:11  error    Unsafe assignment of an `any` value                                                                   @typescript-eslint/no-unsafe-assignment
  378:48  error    'payload.give' will use Object's default stringification format ('[object Object]') when stringified  @typescript-eslint/no-base-to-string
  390:11  error    Unsafe assignment of an `any` value                                                                   @typescript-eslint/no-unsafe-assignment
  391:42  error    Unsafe member access .playerId on an `any` value                                                      @typescript-eslint/no-unsafe-member-access
  394:15  error    Unsafe member access .type on an `any` value                                                          @typescript-eslint/no-unsafe-member-access
  395:15  error    Unsafe member access .step on an `any` value                                                          @typescript-eslint/no-unsafe-member-access
  411:11  error    Unsafe assignment of an `any` value                                                                   @typescript-eslint/no-unsafe-assignment
  412:42  error    Unsafe member access .playerId on an `any` value                                                      @typescript-eslint/no-unsafe-member-access
  415:15  error    Unsafe member access .type on an `any` value                                                          @typescript-eslint/no-unsafe-member-access
  428:11  error    Unsafe assignment of an `any` value                                                                   @typescript-eslint/no-unsafe-assignment
  467:13  error    Unsafe assignment of an `any` value                                                                   @typescript-eslint/no-unsafe-assignment
  468:30  error    Unsafe member access .type on an `any` value                                                          @typescript-eslint/no-unsafe-member-access

C:\wamp64\www\lemondeDeLila\backend\src\game\games\les-quatre-vents\panier-express\setup\panier-express-setup.service.ts
  151:11  error    Unsafe assignment of an `any` value                                     @typescript-eslint/no-unsafe-assignment
  151:48  error    Unsafe member access .rng on an `any` value                             @typescript-eslint/no-unsafe-member-access
  193:41  warning  Unsafe argument of type `any` assigned to a parameter of type `string`  @typescript-eslint/no-unsafe-argument
  193:43  error    Unsafe member access .standId on an `any` value                         @typescript-eslint/no-unsafe-member-access
  218:30  error    Unsafe member access .id on an `any` value                              @typescript-eslint/no-unsafe-member-access
  219:33  error    Unsafe member access .id on an `any` value                              @typescript-eslint/no-unsafe-member-access
  221:38  error    Unsafe member access .question on an `any` value                        @typescript-eslint/no-unsafe-member-access
  222:36  error    Unsafe member access .answer on an `any` value                          @typescript-eslint/no-unsafe-member-access
  223:9   error    Unsafe assignment of an `any` value                                     @typescript-eslint/no-unsafe-assignment
  223:44  error    Unsafe member access .choices on an `any` value                         @typescript-eslint/no-unsafe-member-access
  224:13  error    Unsafe call of an `any` typed value                                     @typescript-eslint/no-unsafe-call
  224:13  error    Unsafe call of an `any` typed value                                     @typescript-eslint/no-unsafe-call
  224:13  error    Unsafe call of an `any` typed value                                     @typescript-eslint/no-unsafe-call
  224:24  error    Unsafe member access .choices on an `any` value                         @typescript-eslint/no-unsafe-member-access
  226:16  error    Unsafe member access .map on an `any` value                             @typescript-eslint/no-unsafe-member-access
  227:16  error    Unsafe member access .filter on an `any` value                          @typescript-eslint/no-unsafe-member-access

C:\wamp64\www\lemondeDeLila\backend\src\game\games\les-quatre-vents\panier-express\tests\panier-express-test-harness.ts
  68:22  error  '_handler' is defined but never used                   @typescript-eslint/no-unused-vars
  76:19  error  Unsafe assignment of an `any` value                    @typescript-eslint/no-unsafe-assignment
  76:58  error  Unsafe member access .preferTypes on an `any` value    @typescript-eslint/no-unsafe-member-access
  77:22  error  Unsafe member access .preferTypes on an `any` value    @typescript-eslint/no-unsafe-member-access
  80:21  error  Unsafe assignment of an `any` value                    @typescript-eslint/no-unsafe-assignment
  82:19  error  Unsafe call of an `any` typed value                    @typescript-eslint/no-unsafe-call
  82:23  error  Unsafe member access .type on an `any` value           @typescript-eslint/no-unsafe-member-access
  82:35  error  Unsafe member access .toLowerCase on an `any` value    @typescript-eslint/no-unsafe-member-access
  84:26  error  Unsafe return of a value of type `any[]`               @typescript-eslint/no-unsafe-return
  86:19  error  Unsafe assignment of an `any` value                    @typescript-eslint/no-unsafe-assignment
  86:60  error  Unsafe member access .fallbackTypes on an `any` value  @typescript-eslint/no-unsafe-member-access
  87:22  error  Unsafe member access .fallbackTypes on an `any` value  @typescript-eslint/no-unsafe-member-access
  90:21  error  Unsafe assignment of an `any` value                    @typescript-eslint/no-unsafe-assignment
  92:19  error  Unsafe call of an `any` typed value                    @typescript-eslint/no-unsafe-call
  92:23  error  Unsafe member access .type on an `any` value           @typescript-eslint/no-unsafe-member-access
  92:35  error  Unsafe member access .toLowerCase on an `any` value    @typescript-eslint/no-unsafe-member-access
  94:26  error  Unsafe return of a value of type `any[]`               @typescript-eslint/no-unsafe-return
  96:13  error  Unsafe return of a value of type `any[]`               @typescript-eslint/no-unsafe-return

C:\wamp64\www\lemondeDeLila\backend\src\game\games\les-quatre-vents\panier-express\tests\panier-express.functional.spec.ts
   11:47   warning  Unsafe argument of type `any` assigned to a parameter of type `GameStateEntity`          @typescript-eslint/no-unsafe-argument
   15:9    error    Unsafe member access .status on an `any` value                                           @typescript-eslint/no-unsafe-member-access
   16:9    error    Unsafe member access .turn on an `any` value                                             @typescript-eslint/no-unsafe-member-access
   17:9    error    Unsafe member access .turnIndex on an `any` value                                        @typescript-eslint/no-unsafe-member-access
   19:37   error    Unsafe member access .id on an `any` value                                               @typescript-eslint/no-unsafe-member-access
   21:9    error    Unsafe member access .pending on an `any` value                                          @typescript-eslint/no-unsafe-member-access
   22:3    error    Unsafe assignment of an `any` value                                                      @typescript-eslint/no-unsafe-assignment
   22:9    error    Unsafe member access .metadata on an `any` value                                         @typescript-eslint/no-unsafe-member-access
   22:32   error    Unsafe member access .metadata on an `any` value                                         @typescript-eslint/no-unsafe-member-access
   23:3    error    Unsafe return of a value of type `any`                                                   @typescript-eslint/no-unsafe-return
   31:7    error    Unsafe assignment of an `any` value                                                      @typescript-eslint/no-unsafe-assignment
   33:15   error    Unsafe member access .pending on an `any` value                                          @typescript-eslint/no-unsafe-member-access
   33:24   error    Unsafe return of a value of type `any`                                                   @typescript-eslint/no-unsafe-return
   34:11   error    Unsafe assignment of an `any` value                                                      @typescript-eslint/no-unsafe-assignment
   34:31   error    Unsafe member access .pending on an `any` value                                          @typescript-eslint/no-unsafe-member-access
   35:18   error    Unsafe member access .blocking on an `any` value                                         @typescript-eslint/no-unsafe-member-access
   35:28   error    Unsafe return of a value of type `any`                                                   @typescript-eslint/no-unsafe-return
   36:11   error    Unsafe assignment of an `any` value                                                      @typescript-eslint/no-unsafe-assignment
   37:22   error    Unsafe member access .playerId on an `any` value                                         @typescript-eslint/no-unsafe-member-access
   38:19   error    Unsafe member access .playerId on an `any` value                                         @typescript-eslint/no-unsafe-member-access
   39:17   error    Unsafe member access .turn on an `any` value                                             @typescript-eslint/no-unsafe-member-access
   43:11   error    Unsafe assignment of an `any` value                                                      @typescript-eslint/no-unsafe-assignment
   43:19   error    Unsafe call of an `any` typed value                                                      @typescript-eslint/no-unsafe-call
   43:25   error    Unsafe member access .players on an `any` value                                          @typescript-eslint/no-unsafe-member-access
   43:40   error    Unsafe member access .find on an `any` value                                             @typescript-eslint/no-unsafe-member-access
   43:59   error    Unsafe member access .id on an `any` value                                               @typescript-eslint/no-unsafe-member-access
   44:31   error    Unsafe member access .isBot on an `any` value                                            @typescript-eslint/no-unsafe-member-access
   44:58   warning  Unsafe argument of type `any` assigned to a parameter of type `GameStateEntity`          @typescript-eslint/no-unsafe-argument
   48:36   warning  Unsafe argument of type `any` assigned to a parameter of type `GameStateEntity`          @typescript-eslint/no-unsafe-argument
   51:76   error    Unsafe member access .type on an `any` value                                             @typescript-eslint/no-unsafe-member-access
   51:99   error    Unsafe member access .data on an `any` value                                             @typescript-eslint/no-unsafe-member-access
   55:7    warning  Unsafe argument of type `any` assigned to a parameter of type `GameStateEntity`          @typescript-eslint/no-unsafe-argument
   56:7    warning  Unsafe argument of type `any[]` assigned to a parameter of type `GameSingleActionDto[]`  @typescript-eslint/no-unsafe-argument
   56:44   error    Unsafe return of a value of type `any`                                                   @typescript-eslint/no-unsafe-return
   73:11   error    Unsafe assignment of an `any` value                                                      @typescript-eslint/no-unsafe-assignment
   73:30   error    A `require()` style import is forbidden                                                  @typescript-eslint/no-require-imports
   73:70   error    Unsafe member access .events on an `any` value                                           @typescript-eslint/no-unsafe-member-access
   75:13   error    Unsafe assignment of an `any` value                                                      @typescript-eslint/no-unsafe-assignment
   96:12   error    Unsafe member access .metadata on an `any` value                                         @typescript-eslint/no-unsafe-member-access
   97:12   error    Unsafe member access .metadata on an `any` value                                         @typescript-eslint/no-unsafe-member-access
  102:13   error    Unsafe assignment of an `any` value                                                      @typescript-eslint/no-unsafe-assignment
  102:26   error    Unsafe call of an `any` typed value                                                      @typescript-eslint/no-unsafe-call
  102:40   error    Unsafe member access .applyEvent on an `any` value                                       @typescript-eslint/no-unsafe-member-access
  103:13   error    Unsafe assignment of an `any` value                                                      @typescript-eslint/no-unsafe-assignment
  109:11   error    Unsafe assignment of an `any` value                                                      @typescript-eslint/no-unsafe-assignment
  110:7    error    A `require()` style import is forbidden                                                  @typescript-eslint/no-require-imports
  110:50   error    Unsafe member access .exchanges on an `any` value                                        @typescript-eslint/no-unsafe-member-access
  112:13   error    Unsafe assignment of an `any` value                                                      @typescript-eslint/no-unsafe-assignment
  133:13   error    Unsafe assignment of an `any` value                                                      @typescript-eslint/no-unsafe-assignment
  133:30   error    Unsafe member access .metadata on an `any` value                                         @typescript-eslint/no-unsafe-member-access
  134:13   error    Unsafe assignment of an `any` value                                                      @typescript-eslint/no-unsafe-assignment
  134:29   error    Unsafe call of an `any` typed value                                                      @typescript-eslint/no-unsafe-call
  134:35   error    Unsafe member access .tiles on an `any` value                                            @typescript-eslint/no-unsafe-member-access
  134:48   error    Unsafe member access .findIndex on an `any` value                                        @typescript-eslint/no-unsafe-member-access
  135:24   error    Unsafe member access .type on an `any` value                                             @typescript-eslint/no-unsafe-member-access
  137:7    error    Unsafe assignment of an `any` value                                                      @typescript-eslint/no-unsafe-assignment
  137:12   error    Unsafe member access .positions on an `any` value                                        @typescript-eslint/no-unsafe-member-access
  139:12   error    Unsafe member access .decks on an `any` value                                            @typescript-eslint/no-unsafe-member-access
  141:44   warning  Unsafe argument of type `any` assigned to a parameter of type `GameStateEntity`          @typescript-eslint/no-unsafe-argument
  142:13   error    Unsafe assignment of an `any` value                                                      @typescript-eslint/no-unsafe-assignment
  148:9    error    Unsafe assignment of an `any` value                                                      @typescript-eslint/no-unsafe-assignment
  174:11   error    Unsafe call of an `any` typed value                                                      @typescript-eslint/no-unsafe-call
  174:18   error    Unsafe member access .status on an `any` value                                           @typescript-eslint/no-unsafe-member-access
  174:32   error    Unsafe member access .toLowerCase on an `any` value                                      @typescript-eslint/no-unsafe-member-access
  176:13   error    Unsafe assignment of an `any` value                                                      @typescript-eslint/no-unsafe-assignment
  176:34   error    Unsafe member access .pending on an `any` value                                          @typescript-eslint/no-unsafe-member-access
  177:13   error    Unsafe assignment of an `any` value                                                      @typescript-eslint/no-unsafe-assignment
  178:25   error    Unsafe member access .playerId on an `any` value                                         @typescript-eslint/no-unsafe-member-access
  179:21   error    Unsafe member access .playerId on an `any` value                                         @typescript-eslint/no-unsafe-member-access
  180:20   error    Unsafe member access .turn on an `any` value                                             @typescript-eslint/no-unsafe-member-access
  187:13   error    Unsafe assignment of an `any` value                                                      @typescript-eslint/no-unsafe-assignment
  187:21   error    Unsafe call of an `any` typed value                                                      @typescript-eslint/no-unsafe-call
  187:28   error    Unsafe member access .players on an `any` value                                          @typescript-eslint/no-unsafe-member-access
  187:43   error    Unsafe member access .find on an `any` value                                             @typescript-eslint/no-unsafe-member-access
  187:62   error    Unsafe member access .id on an `any` value                                               @typescript-eslint/no-unsafe-member-access
  188:33   error    Unsafe member access .isBot on an `any` value                                            @typescript-eslint/no-unsafe-member-access
  188:60   warning  Unsafe argument of type `any` assigned to a parameter of type `GameStateEntity`          @typescript-eslint/no-unsafe-argument
  192:38   warning  Unsafe argument of type `any` assigned to a parameter of type `GameStateEntity`          @typescript-eslint/no-unsafe-argument
  196:61   error    Unsafe member access .turn on an `any` value                                             @typescript-eslint/no-unsafe-member-access
  196:114  error    Unsafe member access .type on an `any` value                                             @typescript-eslint/no-unsafe-member-access
  201:9    error    Unsafe assignment of an `any` value                                                      @typescript-eslint/no-unsafe-assignment
  201:23   error    Unsafe member access .status on an `any` value                                           @typescript-eslint/no-unsafe-member-access
  202:9    error    Unsafe assignment of an `any` value                                                      @typescript-eslint/no-unsafe-assignment
  202:21   error    Unsafe member access .turn on an `any` value                                             @typescript-eslint/no-unsafe-member-access
  203:9    error    Unsafe assignment of an `any` value                                                      @typescript-eslint/no-unsafe-assignment
  203:24   error    Unsafe member access .pending on an `any` value                                          @typescript-eslint/no-unsafe-member-access
  204:9    error    Unsafe assignment of an `any` value                                                      @typescript-eslint/no-unsafe-assignment
  204:26   error    Unsafe member access .metadata on an `any` value                                         @typescript-eslint/no-unsafe-member-access
  205:9    error    Unsafe assignment of an `any` value                                                      @typescript-eslint/no-unsafe-assignment
  205:21   error    Unsafe member access .metadata on an `any` value                                         @typescript-eslint/no-unsafe-member-access
  206:9    error    Unsafe assignment of an `any` value                                                      @typescript-eslint/no-unsafe-assignment
  206:20   error    Unsafe member access .metadata on an `any` value                                         @typescript-eslint/no-unsafe-member-access
  209:33   warning  Unsafe argument of type `any` assigned to a parameter of type `GameStateEntity`          @typescript-eslint/no-unsafe-argument
  209:40   warning  Unsafe argument of type `any[]` assigned to a parameter of type `GameSingleActionDto[]`  @typescript-eslint/no-unsafe-argument
  214:9    error    Unsafe assignment of an `any` value                                                      @typescript-eslint/no-unsafe-assignment
  214:23   error    Unsafe member access .status on an `any` value                                           @typescript-eslint/no-unsafe-member-access
  215:9    error    Unsafe assignment of an `any` value                                                      @typescript-eslint/no-unsafe-assignment
  215:21   error    Unsafe member access .turn on an `any` value                                             @typescript-eslint/no-unsafe-member-access
  216:9    error    Unsafe assignment of an `any` value                                                      @typescript-eslint/no-unsafe-assignment
  216:24   error    Unsafe member access .pending on an `any` value                                          @typescript-eslint/no-unsafe-member-access
  217:9    error    Unsafe assignment of an `any` value                                                      @typescript-eslint/no-unsafe-assignment
  217:26   error    Unsafe member access .metadata on an `any` value                                         @typescript-eslint/no-unsafe-member-access
  218:9    error    Unsafe assignment of an `any` value                                                      @typescript-eslint/no-unsafe-assignment
  218:21   error    Unsafe member access .metadata on an `any` value                                         @typescript-eslint/no-unsafe-member-access
  219:9    error    Unsafe assignment of an `any` value                                                      @typescript-eslint/no-unsafe-assignment
  219:20   error    Unsafe member access .metadata on an `any` value                                         @typescript-eslint/no-unsafe-member-access

C:\wamp64\www\lemondeDeLila\backend\src\game\games\les-quatre-vents\panier-express\tests\panier-express.pending.spec.ts
    9:47  warning  Unsafe argument of type `any` assigned to a parameter of type `GameStateEntity`          @typescript-eslint/no-unsafe-argument
   13:9   error    Unsafe member access .status on an `any` value                                           @typescript-eslint/no-unsafe-member-access
   14:9   error    Unsafe member access .turn on an `any` value                                             @typescript-eslint/no-unsafe-member-access
   15:9   error    Unsafe member access .turnIndex on an `any` value                                        @typescript-eslint/no-unsafe-member-access
   17:37  error    Unsafe member access .id on an `any` value                                               @typescript-eslint/no-unsafe-member-access
   19:9   error    Unsafe member access .pending on an `any` value                                          @typescript-eslint/no-unsafe-member-access
   21:3   error    Unsafe assignment of an `any` value                                                      @typescript-eslint/no-unsafe-assignment
   21:9   error    Unsafe member access .metadata on an `any` value                                         @typescript-eslint/no-unsafe-member-access
   21:32  error    Unsafe member access .metadata on an `any` value                                         @typescript-eslint/no-unsafe-member-access
   22:3   error    Unsafe return of a value of type `any`                                                   @typescript-eslint/no-unsafe-return
   34:11  error    Unsafe assignment of an `any` value                                                      @typescript-eslint/no-unsafe-assignment
   43:11  error    Unsafe member access .metadata on an `any` value                                         @typescript-eslint/no-unsafe-member-access
   47:11  error    Unsafe member access .metadata on an `any` value                                         @typescript-eslint/no-unsafe-member-access
   52:11  error    Unsafe assignment of an `any` value                                                      @typescript-eslint/no-unsafe-assignment
   52:17  error    Unsafe call of an `any` typed value                                                      @typescript-eslint/no-unsafe-call
   52:31  error    Unsafe member access .applyEvent on an `any` value                                       @typescript-eslint/no-unsafe-member-access
   53:16  error    Unsafe member access .pending on an `any` value                                          @typescript-eslint/no-unsafe-member-access
   55:37  warning  Unsafe argument of type `any` assigned to a parameter of type `GameStateEntity`          @typescript-eslint/no-unsafe-argument
   55:42  warning  Unsafe argument of type `any[]` assigned to a parameter of type `GameSingleActionDto[]`  @typescript-eslint/no-unsafe-argument
   63:27  error    Unsafe member access .metadata on an `any` value                                         @typescript-eslint/no-unsafe-member-access
   69:11  error    Unsafe assignment of an `any` value                                                      @typescript-eslint/no-unsafe-assignment
   91:11  error    Unsafe member access .metadata on an `any` value                                         @typescript-eslint/no-unsafe-member-access
   95:11  error    Unsafe member access .metadata on an `any` value                                         @typescript-eslint/no-unsafe-member-access
  100:11  error    Unsafe assignment of an `any` value                                                      @typescript-eslint/no-unsafe-assignment
  100:24  error    Unsafe call of an `any` typed value                                                      @typescript-eslint/no-unsafe-call
  100:38  error    Unsafe member access .applyEvent on an `any` value                                       @typescript-eslint/no-unsafe-member-access
  101:44  warning  Unsafe argument of type `any` assigned to a parameter of type `GameStateEntity`          @typescript-eslint/no-unsafe-argument
  102:40  error    Unsafe return of a value of type `any`                                                   @typescript-eslint/no-unsafe-return
  102:42  error    Unsafe member access .type on an `any` value                                             @typescript-eslint/no-unsafe-member-access
  103:35  warning  Unsafe argument of type `any` assigned to a parameter of type `GameStateEntity`          @typescript-eslint/no-unsafe-argument
  103:47  warning  Unsafe argument of type `any` assigned to a parameter of type `GameSingleActionDto[]`    @typescript-eslint/no-unsafe-argument
  106:40  error    Unsafe return of a value of type `any`                                                   @typescript-eslint/no-unsafe-return
  106:42  error    Unsafe member access .type on an `any` value                                             @typescript-eslint/no-unsafe-member-access
  108:42  warning  Unsafe argument of type `any` assigned to a parameter of type `GameSingleActionDto[]`    @typescript-eslint/no-unsafe-argument
  114:11  error    Unsafe assignment of an `any` value                                                      @typescript-eslint/no-unsafe-assignment
  128:11  error    Unsafe member access .pending on an `any` value                                          @typescript-eslint/no-unsafe-member-access
  141:37  warning  Unsafe argument of type `any` assigned to a parameter of type `GameStateEntity`          @typescript-eslint/no-unsafe-argument
  141:44  warning  Unsafe argument of type `any[]` assigned to a parameter of type `GameSingleActionDto[]`  @typescript-eslint/no-unsafe-argument
  149:36  error    Unsafe member access .data on an `any` value                                             @typescript-eslint/no-unsafe-member-access
  152:36  error    Unsafe member access .choices on an `any` value                                          @typescript-eslint/no-unsafe-member-access
  154:37  warning  Unsafe argument of type `any` assigned to a parameter of type `GameStateEntity`          @typescript-eslint/no-unsafe-argument
  154:51  warning  Unsafe argument of type `any[]` assigned to a parameter of type `GameSingleActionDto[]`  @typescript-eslint/no-unsafe-argument
  161:11  error    Unsafe assignment of an `any` value                                                      @typescript-eslint/no-unsafe-assignment
  161:54  error    Unsafe member access .id on an `any` value                                               @typescript-eslint/no-unsafe-member-access
  162:11  error    Unsafe assignment of an `any` value                                                      @typescript-eslint/no-unsafe-assignment
  162:54  error    Unsafe member access .id on an `any` value                                               @typescript-eslint/no-unsafe-member-access
  163:14  error    Unsafe member access .inventory on an `any` value                                        @typescript-eslint/no-unsafe-member-access
  164:14  error    Unsafe member access .inventory on an `any` value                                        @typescript-eslint/no-unsafe-member-access
  169:11  error    Unsafe assignment of an `any` value                                                      @typescript-eslint/no-unsafe-assignment
  183:11  error    Unsafe member access .pending on an `any` value                                          @typescript-eslint/no-unsafe-member-access
  195:37  warning  Unsafe argument of type `any` assigned to a parameter of type `GameStateEntity`          @typescript-eslint/no-unsafe-argument
  195:44  warning  Unsafe argument of type `any[]` assigned to a parameter of type `GameSingleActionDto[]`  @typescript-eslint/no-unsafe-argument
  202:11  error    Unsafe assignment of an `any` value                                                      @typescript-eslint/no-unsafe-assignment
  202:54  error    Unsafe member access .id on an `any` value                                               @typescript-eslint/no-unsafe-member-access
  203:11  error    Unsafe assignment of an `any` value                                                      @typescript-eslint/no-unsafe-assignment
  203:54  error    Unsafe member access .id on an `any` value                                               @typescript-eslint/no-unsafe-member-access
  204:14  error    Unsafe member access .inventory on an `any` value                                        @typescript-eslint/no-unsafe-member-access
  205:14  error    Unsafe member access .inventory on an `any` value                                        @typescript-eslint/no-unsafe-member-access
  210:11  error    Unsafe assignment of an `any` value                                                      @typescript-eslint/no-unsafe-assignment
  230:11  error    Unsafe member access .pending on an `any` value                                          @typescript-eslint/no-unsafe-member-access
  242:37  warning  Unsafe argument of type `any` assigned to a parameter of type `GameStateEntity`          @typescript-eslint/no-unsafe-argument
  242:44  warning  Unsafe argument of type `any[]` assigned to a parameter of type `GameSingleActionDto[]`  @typescript-eslint/no-unsafe-argument
  249:36  error    Unsafe member access .data on an `any` value                                             @typescript-eslint/no-unsafe-member-access
  252:36  error    Unsafe member access .choices on an `any` value                                          @typescript-eslint/no-unsafe-member-access
  254:37  warning  Unsafe argument of type `any` assigned to a parameter of type `GameStateEntity`          @typescript-eslint/no-unsafe-argument
  254:51  warning  Unsafe argument of type `any[]` assigned to a parameter of type `GameSingleActionDto[]`  @typescript-eslint/no-unsafe-argument
  261:11  error    Unsafe assignment of an `any` value                                                      @typescript-eslint/no-unsafe-assignment
  261:54  error    Unsafe member access .id on an `any` value                                               @typescript-eslint/no-unsafe-member-access
  262:11  error    Unsafe assignment of an `any` value                                                      @typescript-eslint/no-unsafe-assignment
  262:54  error    Unsafe member access .id on an `any` value                                               @typescript-eslint/no-unsafe-member-access
  263:14  error    Unsafe member access .inventory on an `any` value                                        @typescript-eslint/no-unsafe-member-access
  264:14  error    Unsafe member access .inventory on an `any` value                                        @typescript-eslint/no-unsafe-member-access
  265:14  error    Unsafe member access .inventory on an `any` value                                        @typescript-eslint/no-unsafe-member-access
  266:14  error    Unsafe member access .inventory on an `any` value                                        @typescript-eslint/no-unsafe-member-access
  271:11  error    Unsafe assignment of an `any` value                                                      @typescript-eslint/no-unsafe-assignment
  293:11  error    Unsafe member access .pending on an `any` value                                          @typescript-eslint/no-unsafe-member-access
  305:37  warning  Unsafe argument of type `any` assigned to a parameter of type `GameStateEntity`          @typescript-eslint/no-unsafe-argument
  305:44  warning  Unsafe argument of type `any[]` assigned to a parameter of type `GameSingleActionDto[]`  @typescript-eslint/no-unsafe-argument
  312:11  error    Unsafe assignment of an `any` value                                                      @typescript-eslint/no-unsafe-assignment
  312:54  error    Unsafe member access .id on an `any` value                                               @typescript-eslint/no-unsafe-member-access
  313:11  error    Unsafe assignment of an `any` value                                                      @typescript-eslint/no-unsafe-assignment
  313:54  error    Unsafe member access .id on an `any` value                                               @typescript-eslint/no-unsafe-member-access
  314:14  error    Unsafe member access .basket on an `any` value                                           @typescript-eslint/no-unsafe-member-access
  315:14  error    Unsafe member access .inventory on an `any` value                                        @typescript-eslint/no-unsafe-member-access

C:\wamp64\www\lemondeDeLila\backend\src\game\games\les-quatre-vents\panier-express\tests\panier-express.scenario.spec.ts
   9:47  warning  Unsafe argument of type `any` assigned to a parameter of type `GameStateEntity`  @typescript-eslint/no-unsafe-argument
  16:11  error    Unsafe member access .status on an `any` value                                   @typescript-eslint/no-unsafe-member-access
  17:11  error    Unsafe member access .turn on an `any` value                                     @typescript-eslint/no-unsafe-member-access
  18:11  error    Unsafe member access .turnIndex on an `any` value                                @typescript-eslint/no-unsafe-member-access
  21:13  error    Unsafe assignment of an `any` value                                              @typescript-eslint/no-unsafe-assignment
  21:31  error    Unsafe member access .turn on an `any` value                                     @typescript-eslint/no-unsafe-member-access
  23:48  warning  Unsafe argument of type `any` assigned to a parameter of type `GameStateEntity`  @typescript-eslint/no-unsafe-argument
  25:43  error    Unsafe member access .type on an `any` value                                     @typescript-eslint/no-unsafe-member-access
  28:33  warning  Unsafe argument of type `any` assigned to a parameter of type `GameStateEntity`  @typescript-eslint/no-unsafe-argument
  29:11  error    Unsafe call of an `any` typed value                                              @typescript-eslint/no-unsafe-call
  29:18  error    Unsafe member access .status on an `any` value                                   @typescript-eslint/no-unsafe-member-access
  29:32  error    Unsafe member access .toLowerCase on an `any` value                              @typescript-eslint/no-unsafe-member-access
  32:32  error    Unsafe member access .players on an `any` value                                  @typescript-eslint/no-unsafe-member-access

C:\wamp64\www\lemondeDeLila\backend\src\game\games\les-quatre-vents\panier-express\tests\panier-express.service.spec.ts
   28:50  warning  Unsafe argument of type `any` assigned to a parameter of type `GameStateEntity`          @typescript-eslint/no-unsafe-argument
   29:11  error    Unsafe assignment of an `any` value                                                      @typescript-eslint/no-unsafe-assignment
   30:31  error    Unsafe member access .tiles on an `any` value                                            @typescript-eslint/no-unsafe-member-access
   31:17  error    Unsafe member access .decks on an `any` value                                            @typescript-eslint/no-unsafe-member-access
   41:50  warning  Unsafe argument of type `any` assigned to a parameter of type `GameStateEntity`          @typescript-eslint/no-unsafe-argument
   44:39  error    Unsafe member access .blocking on an `any` value                                         @typescript-eslint/no-unsafe-member-access
   45:39  error    Unsafe member access .playerId on an `any` value                                         @typescript-eslint/no-unsafe-member-access
   46:53  error    Unsafe member access .data on an `any` value                                             @typescript-eslint/no-unsafe-member-access
   47:65  error    Unsafe member access .id on an `any` value                                               @typescript-eslint/no-unsafe-member-access
   48:29  error    Unsafe member access .shoppingList on an `any` value                                     @typescript-eslint/no-unsafe-member-access
   49:15  error    Unsafe member access .shoppingList on an `any` value                                     @typescript-eslint/no-unsafe-member-access
   50:23  error    Unsafe member access .pawn on an `any` value                                             @typescript-eslint/no-unsafe-member-access
   51:11  error    Unsafe assignment of an `any` value                                                      @typescript-eslint/no-unsafe-assignment
   51:62  error    Unsafe member access .choices on an `any` value                                          @typescript-eslint/no-unsafe-member-access
   52:35  error    Unsafe member access .choices on an `any` value                                          @typescript-eslint/no-unsafe-member-access
   54:20  error    Unsafe member access .length on an `any` value                                           @typescript-eslint/no-unsafe-member-access
   58:51  warning  Unsafe argument of type `any` assigned to a parameter of type `GameStateEntity`          @typescript-eslint/no-unsafe-argument
   66:11  error    Unsafe assignment of an `any` value                                                      @typescript-eslint/no-unsafe-assignment
   66:31  error    Unsafe member access .pending on an `any` value                                          @typescript-eslint/no-unsafe-member-access
   67:21  error    Unsafe member access .type on an `any` value                                             @typescript-eslint/no-unsafe-member-access
   68:35  error    Unsafe member access .data on an `any` value                                             @typescript-eslint/no-unsafe-member-access
   69:11  error    Unsafe assignment of an `any` value                                                      @typescript-eslint/no-unsafe-assignment
   69:44  error    Unsafe member access .choices on an `any` value                                          @typescript-eslint/no-unsafe-member-access
   69:63  error    Unsafe member access .choices on an `any` value                                          @typescript-eslint/no-unsafe-member-access
   71:20  error    Unsafe member access .length on an `any` value                                           @typescript-eslint/no-unsafe-member-access
   75:51  warning  Unsafe argument of type `any` assigned to a parameter of type `GameStateEntity`          @typescript-eslint/no-unsafe-argument
   83:10  error    Unsafe member access .turn on an `any` value                                             @typescript-eslint/no-unsafe-member-access
   84:10  error    Unsafe member access .turnIndex on an `any` value                                        @typescript-eslint/no-unsafe-member-access
   86:41  warning  Unsafe argument of type `any` assigned to a parameter of type `GameStateEntity`          @typescript-eslint/no-unsafe-argument
   89:37  error    Unsafe member access .foo on an `any` value                                              @typescript-eslint/no-unsafe-member-access
   91:11  error    Unsafe assignment of an `any` value                                                      @typescript-eslint/no-unsafe-assignment
   91:42  error    Unsafe member access .extras on an `any` value                                           @typescript-eslint/no-unsafe-member-access
   92:33  error    Unsafe member access .playerViews on an `any` value                                      @typescript-eslint/no-unsafe-member-access
   93:19  error    Unsafe member access .playerViews on an `any` value                                      @typescript-eslint/no-unsafe-member-access
   94:11  error    Unsafe assignment of an `any` value                                                      @typescript-eslint/no-unsafe-assignment
   94:32  error    Unsafe member access .currentPlayerView on an `any` value                                @typescript-eslint/no-unsafe-member-access
   96:24  error    Unsafe member access .id on an `any` value                                               @typescript-eslint/no-unsafe-member-access
   97:24  error    Unsafe member access .basket on an `any` value                                           @typescript-eslint/no-unsafe-member-access
  100:11  error    Unsafe assignment of an `any` value                                                      @typescript-eslint/no-unsafe-assignment
  100:41  error    Unsafe member access .board on an `any` value                                            @typescript-eslint/no-unsafe-member-access
  102:32  error    Unsafe member access .tiles on an `any` value                                            @typescript-eslint/no-unsafe-member-access
  103:18  error    Unsafe member access .tiles on an `any` value                                            @typescript-eslint/no-unsafe-member-access
  104:25  error    Unsafe member access .positions on an `any` value                                        @typescript-eslint/no-unsafe-member-access
  105:25  error    Unsafe member access .laps on an `any` value                                             @typescript-eslint/no-unsafe-member-access
  106:25  error    Unsafe member access .turns on an `any` value                                            @typescript-eslint/no-unsafe-member-access
  110:51  warning  Unsafe argument of type `any` assigned to a parameter of type `GameStateEntity`          @typescript-eslint/no-unsafe-argument
  114:10  error    Unsafe member access .metadata on an `any` value                                         @typescript-eslint/no-unsafe-member-access
  115:11  error    Unsafe assignment of an `any` value                                                      @typescript-eslint/no-unsafe-assignment
  115:19  error    Unsafe call of an `any` typed value                                                      @typescript-eslint/no-unsafe-call
  115:36  error    Unsafe member access ['drawSvc'] on an `any` value                                       @typescript-eslint/no-unsafe-member-access
  116:11  error    Unsafe assignment of an `any` value                                                      @typescript-eslint/no-unsafe-assignment
  116:22  error    Unsafe member access .players on an `any` value                                          @typescript-eslint/no-unsafe-member-access
  118:10  error    Unsafe member access .basket on an `any` value                                           @typescript-eslint/no-unsafe-member-access
  118:36  error    Unsafe member access .inventory on an `any` value                                        @typescript-eslint/no-unsafe-member-access
  123:51  warning  Unsafe argument of type `any` assigned to a parameter of type `GameStateEntity`          @typescript-eslint/no-unsafe-argument
  127:10  error    Unsafe member access .turn on an `any` value                                             @typescript-eslint/no-unsafe-member-access
  128:10  error    Unsafe member access .turnIndex on an `any` value                                        @typescript-eslint/no-unsafe-member-access
  129:10  error    Unsafe member access .metadata on an `any` value                                         @typescript-eslint/no-unsafe-member-access
  138:41  warning  Unsafe argument of type `any` assigned to a parameter of type `GameStateEntity`          @typescript-eslint/no-unsafe-argument
  140:38  error    Unsafe member access .blocking on an `any` value                                         @typescript-eslint/no-unsafe-member-access
  144:51  warning  Unsafe argument of type `any` assigned to a parameter of type `GameStateEntity`          @typescript-eslint/no-unsafe-argument
  148:10  error    Unsafe member access .turn on an `any` value                                             @typescript-eslint/no-unsafe-member-access
  149:10  error    Unsafe member access .turnIndex on an `any` value                                        @typescript-eslint/no-unsafe-member-access
  150:10  error    Unsafe member access .metadata on an `any` value                                         @typescript-eslint/no-unsafe-member-access
  160:41  warning  Unsafe argument of type `any` assigned to a parameter of type `GameStateEntity`          @typescript-eslint/no-unsafe-argument
  167:51  warning  Unsafe argument of type `any` assigned to a parameter of type `GameStateEntity`          @typescript-eslint/no-unsafe-argument
  174:10  error    Unsafe member access .turn on an `any` value                                             @typescript-eslint/no-unsafe-member-access
  175:10  error    Unsafe member access .turnIndex on an `any` value                                        @typescript-eslint/no-unsafe-member-access
  176:11  error    Unsafe assignment of an `any` value                                                      @typescript-eslint/no-unsafe-assignment
  176:23  error    Unsafe call of an `any` typed value                                                      @typescript-eslint/no-unsafe-call
  176:40  error    Unsafe member access .handleSkipTurn on an `any` value                                   @typescript-eslint/no-unsafe-member-access
  180:22  error    Unsafe member access .turn on an `any` value                                             @typescript-eslint/no-unsafe-member-access
  184:51  warning  Unsafe argument of type `any` assigned to a parameter of type `GameStateEntity`          @typescript-eslint/no-unsafe-argument
  191:10  error    Unsafe member access .turn on an `any` value                                             @typescript-eslint/no-unsafe-member-access
  192:10  error    Unsafe member access .turnIndex on an `any` value                                        @typescript-eslint/no-unsafe-member-access
  194:11  error    Unsafe assignment of an `any` value                                                      @typescript-eslint/no-unsafe-assignment
  194:23  error    Unsafe member access .metadata on an `any` value                                         @typescript-eslint/no-unsafe-member-access
  195:11  error    Unsafe assignment of an `any` value                                                      @typescript-eslint/no-unsafe-assignment
  196:26  error    Unsafe member access .tiles on an `any` value                                            @typescript-eslint/no-unsafe-member-access
  196:41  error    Unsafe member access .tiles on an `any` value                                            @typescript-eslint/no-unsafe-member-access
  196:61  error    Unsafe member access .tiles on an `any` value                                            @typescript-eslint/no-unsafe-member-access
  197:10  error    Unsafe member access .positions on an `any` value                                        @typescript-eslint/no-unsafe-member-access
  198:10  error    Unsafe member access .laps on an `any` value                                             @typescript-eslint/no-unsafe-member-access
  201:11  error    Unsafe assignment of an `any` value                                                      @typescript-eslint/no-unsafe-assignment
  201:19  error    Unsafe call of an `any` typed value                                                      @typescript-eslint/no-unsafe-call
  201:36  error    Unsafe member access .movePlayer on an `any` value                                       @typescript-eslint/no-unsafe-member-access
  202:18  error    Unsafe member access .metadata on an `any` value                                         @typescript-eslint/no-unsafe-member-access
  206:51  warning  Unsafe argument of type `any` assigned to a parameter of type `GameStateEntity`          @typescript-eslint/no-unsafe-argument
  213:10  error    Unsafe member access .turn on an `any` value                                             @typescript-eslint/no-unsafe-member-access
  214:10  error    Unsafe member access .turnIndex on an `any` value                                        @typescript-eslint/no-unsafe-member-access
  216:11  error    Unsafe assignment of an `any` value                                                      @typescript-eslint/no-unsafe-assignment
  216:23  error    Unsafe member access .metadata on an `any` value                                         @typescript-eslint/no-unsafe-member-access
  217:10  error    Unsafe member access .positions on an `any` value                                        @typescript-eslint/no-unsafe-member-access
  218:10  error    Unsafe member access .laps on an `any` value                                             @typescript-eslint/no-unsafe-member-access
  220:11  error    Unsafe assignment of an `any` value                                                      @typescript-eslint/no-unsafe-assignment
  220:19  error    Unsafe call of an `any` typed value                                                      @typescript-eslint/no-unsafe-call
  220:36  error    Unsafe member access .movePlayer on an `any` value                                       @typescript-eslint/no-unsafe-member-access
  221:18  error    Unsafe member access .metadata on an `any` value                                         @typescript-eslint/no-unsafe-member-access
  225:52  warning  Unsafe argument of type `any` assigned to a parameter of type `GameStateEntity`          @typescript-eslint/no-unsafe-argument
  233:11  error    Unsafe member access .metadata on an `any` value                                         @typescript-eslint/no-unsafe-member-access
  238:45  warning  Unsafe argument of type `any` assigned to a parameter of type `GameStateEntity`          @typescript-eslint/no-unsafe-argument
  243:51  warning  Unsafe argument of type `any` assigned to a parameter of type `GameStateEntity`          @typescript-eslint/no-unsafe-argument
  249:10  error    Unsafe member access .metadata on an `any` value                                         @typescript-eslint/no-unsafe-member-access
  250:11  error    Unsafe assignment of an `any` value                                                      @typescript-eslint/no-unsafe-assignment
  250:26  error    Unsafe call of an `any` typed value                                                      @typescript-eslint/no-unsafe-call
  250:43  error    Unsafe member access .applyVictory on an `any` value                                     @typescript-eslint/no-unsafe-member-access
  251:12  error    Unsafe call of an `any` typed value                                                      @typescript-eslint/no-unsafe-call
  251:25  error    Unsafe member access .status on an `any` value                                           @typescript-eslint/no-unsafe-member-access
  252:25  error    Unsafe member access .metadata on an `any` value                                         @typescript-eslint/no-unsafe-member-access
  256:51  warning  Unsafe argument of type `any` assigned to a parameter of type `GameStateEntity`          @typescript-eslint/no-unsafe-argument
  260:11  error    Unsafe assignment of an `any` value                                                      @typescript-eslint/no-unsafe-assignment
  260:23  error    Unsafe member access .metadata on an `any` value                                         @typescript-eslint/no-unsafe-member-access
  261:11  error    Unsafe assignment of an `any` value                                                      @typescript-eslint/no-unsafe-assignment
  261:23  error    Unsafe call of an `any` typed value                                                      @typescript-eslint/no-unsafe-call
  261:28  error    Unsafe member access .tiles on an `any` value                                            @typescript-eslint/no-unsafe-member-access
  261:58  error    Unsafe member access .type on an `any` value                                             @typescript-eslint/no-unsafe-member-access
  262:5   error    Unsafe assignment of an `any` value                                                      @typescript-eslint/no-unsafe-assignment
  262:10  error    Unsafe member access .positions on an `any` value                                        @typescript-eslint/no-unsafe-member-access
  263:10  error    Unsafe member access .quiz on an `any` value                                             @typescript-eslint/no-unsafe-member-access
  272:10  error    Unsafe member access .turn on an `any` value                                             @typescript-eslint/no-unsafe-member-access
  273:10  error    Unsafe member access .turnIndex on an `any` value                                        @typescript-eslint/no-unsafe-member-access
  275:43  warning  Unsafe argument of type `any` assigned to a parameter of type `GameStateEntity`          @typescript-eslint/no-unsafe-argument
  286:51  warning  Unsafe argument of type `any` assigned to a parameter of type `GameStateEntity`          @typescript-eslint/no-unsafe-argument
  293:10  error    Unsafe member access .turn on an `any` value                                             @typescript-eslint/no-unsafe-member-access
  294:10  error    Unsafe member access .turnIndex on an `any` value                                        @typescript-eslint/no-unsafe-member-access
  297:10  error    Unsafe member access .metadata on an `any` value                                         @typescript-eslint/no-unsafe-member-access
  301:10  error    Unsafe member access .pending on an `any` value                                          @typescript-eslint/no-unsafe-member-access
  313:40  warning  Unsafe argument of type `any` assigned to a parameter of type `GameStateEntity`          @typescript-eslint/no-unsafe-argument
  313:46  warning  Unsafe argument of type `any[]` assigned to a parameter of type `GameSingleActionDto[]`  @typescript-eslint/no-unsafe-argument
  321:11  error    Unsafe assignment of an `any` value                                                      @typescript-eslint/no-unsafe-assignment
  321:43  error    Unsafe member access .decks on an `any` value                                            @typescript-eslint/no-unsafe-member-access
  323:17  error    Unsafe member access .deck on an `any` value                                             @typescript-eslint/no-unsafe-member-access
  324:17  error    Unsafe member access .discards on an `any` value                                         @typescript-eslint/no-unsafe-member-access
  329:51  warning  Unsafe argument of type `any` assigned to a parameter of type `GameStateEntity`          @typescript-eslint/no-unsafe-argument
  336:10  error    Unsafe member access .turn on an `any` value                                             @typescript-eslint/no-unsafe-member-access
  337:10  error    Unsafe member access .turnIndex on an `any` value                                        @typescript-eslint/no-unsafe-member-access
  338:5   error    Unsafe assignment of an `any` value                                                      @typescript-eslint/no-unsafe-assignment
  338:10  error    Unsafe member access .metadata on an `any` value                                         @typescript-eslint/no-unsafe-member-access
  339:16  error    Unsafe member access .metadata on an `any` value                                         @typescript-eslint/no-unsafe-member-access
  343:33  warning  Unsafe argument of type `any` assigned to a parameter of type `RngMeta`                  @typescript-eslint/no-unsafe-argument
  343:38  error    Unsafe member access .metadata on an `any` value                                         @typescript-eslint/no-unsafe-member-access
  345:40  warning  Unsafe argument of type `any` assigned to a parameter of type `GameStateEntity`          @typescript-eslint/no-unsafe-argument
  345:46  warning  Unsafe argument of type `any` assigned to a parameter of type `GameSingleActionDto[]`    @typescript-eslint/no-unsafe-argument
  351:37  error    Unsafe member access .rng on an `any` value                                              @typescript-eslint/no-unsafe-member-access
  352:37  error    Unsafe member access .rng on an `any` value                                              @typescript-eslint/no-unsafe-member-access
  356:52  warning  Unsafe argument of type `any` assigned to a parameter of type `GameStateEntity`          @typescript-eslint/no-unsafe-argument
  378:11  error    Unsafe member access .turn on an `any` value                                             @typescript-eslint/no-unsafe-member-access
  379:11  error    Unsafe member access .turnIndex on an `any` value                                        @typescript-eslint/no-unsafe-member-access
  381:53  warning  Unsafe argument of type `any` assigned to a parameter of type `GameStateEntity`          @typescript-eslint/no-unsafe-argument
  382:20  error    Unsafe member access .extras on an `any` value                                           @typescript-eslint/no-unsafe-member-access
  386:51  warning  Unsafe argument of type `any` assigned to a parameter of type `GameStateEntity`          @typescript-eslint/no-unsafe-argument
  390:10  error    Unsafe member access .turn on an `any` value                                             @typescript-eslint/no-unsafe-member-access
  391:10  error    Unsafe member access .turnIndex on an `any` value                                        @typescript-eslint/no-unsafe-member-access
  392:10  error    Unsafe member access .metadata on an `any` value                                         @typescript-eslint/no-unsafe-member-access
  402:40  warning  Unsafe argument of type `any` assigned to a parameter of type `GameStateEntity`          @typescript-eslint/no-unsafe-argument
  402:46  warning  Unsafe argument of type `any` assigned to a parameter of type `GameSingleActionDto[]`    @typescript-eslint/no-unsafe-argument
  406:37  error    Unsafe member access .quiz on an `any` value                                             @typescript-eslint/no-unsafe-member-access
  410:51  warning  Unsafe argument of type `any` assigned to a parameter of type `GameStateEntity`          @typescript-eslint/no-unsafe-argument
  414:11  error    Unsafe assignment of an `any` value                                                      @typescript-eslint/no-unsafe-assignment
  414:23  error    Unsafe member access .metadata on an `any` value                                         @typescript-eslint/no-unsafe-member-access
  415:14  error    Unsafe member access .decks on an `any` value                                            @typescript-eslint/no-unsafe-member-access
  416:12  error    Unsafe member access .decks on an `any` value                                            @typescript-eslint/no-unsafe-member-access
  417:12  error    Unsafe member access .decks on an `any` value                                            @typescript-eslint/no-unsafe-member-access
  419:10  error    Unsafe member access .positions on an `any` value                                        @typescript-eslint/no-unsafe-member-access
  420:11  error    Unsafe assignment of an `any` value                                                      @typescript-eslint/no-unsafe-assignment
  420:19  error    Unsafe call of an `any` typed value                                                      @typescript-eslint/no-unsafe-call
  420:36  error    Unsafe member access ['drawSvc'] on an `any` value                                       @typescript-eslint/no-unsafe-member-access
  421:11  error    Unsafe assignment of an `any` value                                                      @typescript-eslint/no-unsafe-assignment
  421:22  error    Unsafe member access .players on an `any` value                                          @typescript-eslint/no-unsafe-member-access
  423:10  error    Unsafe member access .basket on an `any` value                                           @typescript-eslint/no-unsafe-member-access
  423:36  error    Unsafe member access .inventory on an `any` value                                        @typescript-eslint/no-unsafe-member-access
  428:52  warning  Unsafe argument of type `any` assigned to a parameter of type `GameStateEntity`          @typescript-eslint/no-unsafe-argument
  436:11  error    Unsafe member access .turn on an `any` value                                             @typescript-eslint/no-unsafe-member-access
  437:11  error    Unsafe member access .turnIndex on an `any` value                                        @typescript-eslint/no-unsafe-member-access
  438:11  error    Unsafe member access .metadata on an `any` value                                         @typescript-eslint/no-unsafe-member-access
  440:49  warning  Unsafe argument of type `any` assigned to a parameter of type `GameStateEntity`          @typescript-eslint/no-unsafe-argument
  441:39  error    Unsafe member access .type on an `any` value                                             @typescript-eslint/no-unsafe-member-access
  444:39  error    Unsafe member access .type on an `any` value                                             @typescript-eslint/no-unsafe-member-access
  448:52  warning  Unsafe argument of type `any` assigned to a parameter of type `GameStateEntity`          @typescript-eslint/no-unsafe-argument
  462:11  error    Unsafe member access .turn on an `any` value                                             @typescript-eslint/no-unsafe-member-access
  463:11  error    Unsafe member access .turnIndex on an `any` value                                        @typescript-eslint/no-unsafe-member-access
  464:11  error    Unsafe member access .metadata on an `any` value                                         @typescript-eslint/no-unsafe-member-access
  466:49  warning  Unsafe argument of type `any` assigned to a parameter of type `GameStateEntity`          @typescript-eslint/no-unsafe-argument
  467:39  error    Unsafe member access .type on an `any` value                                             @typescript-eslint/no-unsafe-member-access
  473:52  warning  Unsafe argument of type `any` assigned to a parameter of type `GameStateEntity`          @typescript-eslint/no-unsafe-argument
  481:11  error    Unsafe member access .metadata on an `any` value                                         @typescript-eslint/no-unsafe-member-access
  485:45  warning  Unsafe argument of type `any` assigned to a parameter of type `GameStateEntity`          @typescript-eslint/no-unsafe-argument
  487:36  error    Unsafe member access .playerId on an `any` value                                         @typescript-eslint/no-unsafe-member-access
  488:43  error    Unsafe member access .card on an `any` value                                             @typescript-eslint/no-unsafe-member-access
  492:52  warning  Unsafe argument of type `any` assigned to a parameter of type `GameStateEntity`          @typescript-eslint/no-unsafe-argument
  496:11  error    Unsafe member access .metadata on an `any` value                                         @typescript-eslint/no-unsafe-member-access
  500:45  warning  Unsafe argument of type `any` assigned to a parameter of type `GameStateEntity`          @typescript-eslint/no-unsafe-argument
  501:27  error    Unsafe member access .pending on an `any` value                                          @typescript-eslint/no-unsafe-member-access
  505:52  warning  Unsafe argument of type `any` assigned to a parameter of type `GameStateEntity`          @typescript-eslint/no-unsafe-argument
  512:11  error    Unsafe member access .metadata on an `any` value                                         @typescript-eslint/no-unsafe-member-access
  517:52  warning  Unsafe argument of type `any` assigned to a parameter of type `GameStateEntity`          @typescript-eslint/no-unsafe-argument
  518:51  warning  Unsafe argument of type `any` assigned to a parameter of type `GameStateEntity`          @typescript-eslint/no-unsafe-argument
  519:44  warning  Unsafe argument of type `any` assigned to a parameter of type `GameStateEntity`          @typescript-eslint/no-unsafe-argument
  520:43  warning  Unsafe argument of type `any` assigned to a parameter of type `GameStateEntity`          @typescript-eslint/no-unsafe-argument
  521:11  error    Unsafe assignment of an `any` value                                                      @typescript-eslint/no-unsafe-assignment
  521:54  error    Unsafe member access .id on an `any` value                                               @typescript-eslint/no-unsafe-member-access
  522:11  error    Unsafe assignment of an `any` value                                                      @typescript-eslint/no-unsafe-assignment
  522:54  error    Unsafe member access .id on an `any` value                                               @typescript-eslint/no-unsafe-member-access
  523:14  error    Unsafe member access .inventory on an `any` value                                        @typescript-eslint/no-unsafe-member-access
  524:14  error    Unsafe member access .inventory on an `any` value                                        @typescript-eslint/no-unsafe-member-access
  525:14  error    Unsafe member access .inventory on an `any` value                                        @typescript-eslint/no-unsafe-member-access
  526:14  error    Unsafe member access .inventory on an `any` value                                        @typescript-eslint/no-unsafe-member-access
  527:14  error    Unsafe member access .inventory on an `any` value                                        @typescript-eslint/no-unsafe-member-access
  532:51  warning  Unsafe argument of type `any` assigned to a parameter of type `GameStateEntity`          @typescript-eslint/no-unsafe-argument
  539:10  error    Unsafe member access .metadata on an `any` value                                         @typescript-eslint/no-unsafe-member-access
  543:45  warning  Unsafe argument of type `any` assigned to a parameter of type `GameStateEntity`          @typescript-eslint/no-unsafe-argument
  544:46  warning  Unsafe argument of type `any` assigned to a parameter of type `GameStateEntity`          @typescript-eslint/no-unsafe-argument
  549:51  warning  Unsafe argument of type `any` assigned to a parameter of type `GameStateEntity`          @typescript-eslint/no-unsafe-argument
  556:10  error    Unsafe member access .metadata on an `any` value                                         @typescript-eslint/no-unsafe-member-access
  560:47  warning  Unsafe argument of type `any` assigned to a parameter of type `GameStateEntity`          @typescript-eslint/no-unsafe-argument
  561:44  warning  Unsafe argument of type `any` assigned to a parameter of type `GameStateEntity`          @typescript-eslint/no-unsafe-argument
  566:52  warning  Unsafe argument of type `any` assigned to a parameter of type `GameStateEntity`          @typescript-eslint/no-unsafe-argument
  585:11  error    Unsafe member access .turn on an `any` value                                             @typescript-eslint/no-unsafe-member-access
  586:11  error    Unsafe member access .turnIndex on an `any` value                                        @typescript-eslint/no-unsafe-member-access
  588:49  warning  Unsafe argument of type `any` assigned to a parameter of type `GameStateEntity`          @typescript-eslint/no-unsafe-argument
  590:41  error    Unsafe member access .type on an `any` value                                             @typescript-eslint/no-unsafe-member-access
  596:52  warning  Unsafe argument of type `any` assigned to a parameter of type `GameStateEntity`          @typescript-eslint/no-unsafe-argument
  615:11  error    Unsafe member access .turn on an `any` value                                             @typescript-eslint/no-unsafe-member-access
  616:11  error    Unsafe member access .turnIndex on an `any` value                                        @typescript-eslint/no-unsafe-member-access
  620:9   warning  Unsafe argument of type `any` assigned to a parameter of type `GameStateEntity`          @typescript-eslint/no-unsafe-argument
  621:9   warning  Unsafe argument of type `any` assigned to a parameter of type `GameSingleActionDto`      @typescript-eslint/no-unsafe-argument
  628:52  warning  Unsafe argument of type `any` assigned to a parameter of type `GameStateEntity`          @typescript-eslint/no-unsafe-argument
  635:11  error    Unsafe member access .turn on an `any` value                                             @typescript-eslint/no-unsafe-member-access
  636:11  error    Unsafe member access .turnIndex on an `any` value                                        @typescript-eslint/no-unsafe-member-access
  637:11  error    Unsafe member access .metadata on an `any` value                                         @typescript-eslint/no-unsafe-member-access
  638:11  error    Unsafe member access .metadata on an `any` value                                         @typescript-eslint/no-unsafe-member-access
  640:11  error    Unsafe assignment of an `any` value                                                      @typescript-eslint/no-unsafe-assignment
  640:40  warning  Unsafe argument of type `any` assigned to a parameter of type `GameStateEntity`          @typescript-eslint/no-unsafe-argument
  641:18  error    Unsafe member access .metadata on an `any` value                                         @typescript-eslint/no-unsafe-member-access
  642:18  error    Unsafe member access .metadata on an `any` value                                         @typescript-eslint/no-unsafe-member-access
  646:52  warning  Unsafe argument of type `any` assigned to a parameter of type `GameStateEntity`          @typescript-eslint/no-unsafe-argument
  653:11  error    Unsafe member access .turn on an `any` value                                             @typescript-eslint/no-unsafe-member-access
  654:11  error    Unsafe member access .turnIndex on an `any` value                                        @typescript-eslint/no-unsafe-member-access
  655:11  error    Unsafe member access .metadata on an `any` value                                         @typescript-eslint/no-unsafe-member-access
  656:11  error    Unsafe member access .metadata on an `any` value                                         @typescript-eslint/no-unsafe-member-access
  658:11  error    Unsafe assignment of an `any` value                                                      @typescript-eslint/no-unsafe-assignment
  658:40  warning  Unsafe argument of type `any` assigned to a parameter of type `GameStateEntity`          @typescript-eslint/no-unsafe-argument
  659:18  error    Unsafe member access .turn on an `any` value                                             @typescript-eslint/no-unsafe-member-access

C:\wamp64\www\lemondeDeLila\backend\src\game\games\les-quatre-vents\pirates-en-vadrouille\actions\pirates-en-vadrouille-action.service.ts
  105:11  error  Unsafe assignment of an `any` value                     @typescript-eslint/no-unsafe-assignment
  147:11  error  Unsafe assignment of an `any` value                     @typescript-eslint/no-unsafe-assignment
  152:11  error  Unsafe assignment of an `any` value                     @typescript-eslint/no-unsafe-assignment
  153:38  error  Unsafe member access .targetPlayerId on an `any` value  @typescript-eslint/no-unsafe-member-access
  154:11  error  Unsafe assignment of an `any` value                     @typescript-eslint/no-unsafe-assignment
  155:16  error  Unsafe member access .data on an `any` value            @typescript-eslint/no-unsafe-member-access
  157:17  error  Unsafe member access .data on an `any` value            @typescript-eslint/no-unsafe-member-access
  555:5   error  '_playerId' is defined but never used                   @typescript-eslint/no-unused-vars
  578:14  error  Unsafe assignment of an `any` value                     @typescript-eslint/no-unsafe-assignment
  667:11  error  Unsafe assignment of an `any` value                     @typescript-eslint/no-unsafe-assignment
  667:48  error  Unsafe member access .id on an `any` value              @typescript-eslint/no-unsafe-member-access
  669:22  error  Unsafe member access .pawn on an `any` value            @typescript-eslint/no-unsafe-member-access
  669:56  error  Unsafe member access .pawn on an `any` value            @typescript-eslint/no-unsafe-member-access

C:\wamp64\www\lemondeDeLila\backend\src\game\games\les-quatre-vents\pirates-en-vadrouille\presenter\pirates-en-vadrouille-presenter.service.ts
  38:5   error  Unsafe return of a value of type `any`          @typescript-eslint/no-unsafe-return
  48:7   error  Unsafe assignment of an `any` value             @typescript-eslint/no-unsafe-assignment
  49:27  error  Unsafe member access .extras on an `any` value  @typescript-eslint/no-unsafe-member-access

C:\wamp64\www\lemondeDeLila\backend\src\game\games\les-quatre-vents\pirates-en-vadrouille\rulebook\rulebook.ts
  24:9   error    Unsafe assignment of an `any` value                                                            @typescript-eslint/no-unsafe-assignment
  49:38  warning  Unsafe argument of type `any` assigned to a parameter of type `PiratesEnVadrouilleActionType`  @typescript-eslint/no-unsafe-argument
  69:9   error    Unsafe assignment of an `any` value                                                            @typescript-eslint/no-unsafe-assignment
  82:15  error    Unsafe member access .type on an `any` value                                                   @typescript-eslint/no-unsafe-member-access
  90:15  error    Unsafe member access .type on an `any` value                                                   @typescript-eslint/no-unsafe-member-access
  98:17  error    Unsafe member access .playerId on an `any` value                                               @typescript-eslint/no-unsafe-member-access

C:\wamp64\www\lemondeDeLila\backend\src\game\games\les-quatre-vents\pirates-en-vadrouille\setup\pirates-en-vadrouille-setup.service.ts
  46:11  error  Unsafe assignment of an `any` value  @typescript-eslint/no-unsafe-assignment
  65:9   error  Unsafe assignment of an `any` value  @typescript-eslint/no-unsafe-assignment
  66:9   error  Unsafe assignment of an `any` value  @typescript-eslint/no-unsafe-assignment
  67:9   error  Unsafe assignment of an `any` value  @typescript-eslint/no-unsafe-assignment

C:\wamp64\www\lemondeDeLila\backend\src\game\games\les-quatre-vents\primalis\actions\primalis-action.service.ts
   67:9  error  Unsafe assignment of an `any` value    @typescript-eslint/no-unsafe-assignment
   81:7  error  Unsafe assignment of an `any` value    @typescript-eslint/no-unsafe-assignment
  308:5  error  '_playerId' is defined but never used  @typescript-eslint/no-unused-vars

C:\wamp64\www\lemondeDeLila\backend\src\game\games\les-quatre-vents\primalis\presenter\primalis-presenter.service.ts
  36:5   error  Unsafe return of a value of type `any`          @typescript-eslint/no-unsafe-return
  46:7   error  Unsafe assignment of an `any` value             @typescript-eslint/no-unsafe-assignment
  47:27  error  Unsafe member access .extras on an `any` value  @typescript-eslint/no-unsafe-member-access

C:\wamp64\www\lemondeDeLila\backend\src\game\games\les-quatre-vents\primalis\rulebook\rulebook.ts
  28:39  warning  Unsafe argument of type `any` assigned to a parameter of type `PrimalisActionType`  @typescript-eslint/no-unsafe-argument

C:\wamp64\www\lemondeDeLila\backend\src\game\games\les-quatre-vents\primalis\setup\primalis-setup.service.ts
  18:5  error  '_random' is defined but never used  @typescript-eslint/no-unused-vars

C:\wamp64\www\lemondeDeLila\backend\src\game\games\les-quatre-vents\sac-a-malices\actions\sac-a-malices-action.service.spec.ts
  12:55  warning  Unsafe argument of type `any` assigned to a parameter of type `SacAMalicesSetupService`  @typescript-eslint/no-unsafe-argument
  16:11  error    Unsafe assignment of an `any` value                                                      @typescript-eslint/no-unsafe-assignment
  28:11  error    Unsafe assignment of an `any` value                                                      @typescript-eslint/no-unsafe-assignment
  28:17  error    Unsafe call of an `any` typed value                                                      @typescript-eslint/no-unsafe-call
  28:25  error    Unsafe member access .drawCard on an `any` value                                         @typescript-eslint/no-unsafe-member-access
  29:16  error    Unsafe member access .card on an `any` value                                             @typescript-eslint/no-unsafe-member-access
  30:16  error    Unsafe member access .meta on an `any` value                                             @typescript-eslint/no-unsafe-member-access
  31:16  error    Unsafe member access .meta on an `any` value                                             @typescript-eslint/no-unsafe-member-access
  35:11  error    Unsafe assignment of an `any` value                                                      @typescript-eslint/no-unsafe-assignment
  47:11  error    Unsafe assignment of an `any` value                                                      @typescript-eslint/no-unsafe-assignment
  47:17  error    Unsafe call of an `any` typed value                                                      @typescript-eslint/no-unsafe-call
  47:25  error    Unsafe member access .drawCard on an `any` value                                         @typescript-eslint/no-unsafe-member-access
  48:16  error    Unsafe member access .card on an `any` value                                             @typescript-eslint/no-unsafe-member-access
  49:16  error    Unsafe member access .meta on an `any` value                                             @typescript-eslint/no-unsafe-member-access
  50:12  error    Unsafe call of an `any` typed value                                                      @typescript-eslint/no-unsafe-call
  50:16  error    Unsafe member access .meta on an `any` value                                             @typescript-eslint/no-unsafe-member-access
  50:58  error    Unsafe return of a value of type `any`                                                   @typescript-eslint/no-unsafe-return
  50:60  error    Unsafe member access .id on an `any` value                                               @typescript-eslint/no-unsafe-member-access

C:\wamp64\www\lemondeDeLila\backend\src\game\games\les-quatre-vents\sac-a-malices\actions\sac-a-malices-action.service.ts
   106:11  error    Unsafe assignment of an `any` value                                                                             @typescript-eslint/no-unsafe-assignment
   107:11  error    Unsafe assignment of an `any` value                                                                             @typescript-eslint/no-unsafe-assignment
   108:15  error    Unsafe member access .variant on an `any` value                                                                 @typescript-eslint/no-unsafe-member-access
   108:34  error    Unsafe member access .variantId on an `any` value                                                               @typescript-eslint/no-unsafe-member-access
   108:55  error    Unsafe member access .value on an `any` value                                                                   @typescript-eslint/no-unsafe-member-access
   117:11  error    Unsafe assignment of an `any` value                                                                             @typescript-eslint/no-unsafe-assignment
   118:31  error    Unsafe member access .meta on an `any` value                                                                    @typescript-eslint/no-unsafe-member-access
   119:27  error    Unsafe member access .meta on an `any` value                                                                    @typescript-eslint/no-unsafe-member-access
   127:45  warning  Unsafe argument of type `any` assigned to a parameter of type `number`                                          @typescript-eslint/no-unsafe-argument
   155:9   error    Unsafe assignment of an `any` value                                                                             @typescript-eslint/no-unsafe-assignment
   256:5   error    Unsafe assignment of an `any` value                                                                             @typescript-eslint/no-unsafe-assignment
   323:11  error    Unsafe assignment of an `any` value                                                                             @typescript-eslint/no-unsafe-assignment
   324:29  error    Unsafe member access .type on an `any` value                                                                    @typescript-eslint/no-unsafe-member-access
   325:11  error    Unsafe assignment of an `any` value                                                                             @typescript-eslint/no-unsafe-assignment
   326:22  error    Unsafe member access .playerId on an `any` value                                                                @typescript-eslint/no-unsafe-member-access
   327:19  error    Unsafe member access .playerId on an `any` value                                                                @typescript-eslint/no-unsafe-member-access
   331:39  error    Unsafe member access .data on an `any` value                                                                    @typescript-eslint/no-unsafe-member-access
   338:45  warning  Unsafe argument of type `any` assigned to a parameter of type `number`                                          @typescript-eslint/no-unsafe-argument
   343:48  warning  Unsafe argument of type `any` assigned to a parameter of type `number`                                          @typescript-eslint/no-unsafe-argument
   348:57  warning  Unsafe argument of type `any` assigned to a parameter of type `number`                                          @typescript-eslint/no-unsafe-argument
   352:48  warning  Unsafe argument of type `any` assigned to a parameter of type `number`                                          @typescript-eslint/no-unsafe-argument
   358:48  warning  Unsafe argument of type `any` assigned to a parameter of type `number`                                          @typescript-eslint/no-unsafe-argument
   360:31  error    Computed name [playerId] resolves to an `any` value                                                             @typescript-eslint/no-unsafe-member-access
   363:48  warning  Unsafe argument of type `any` assigned to a parameter of type `number`                                          @typescript-eslint/no-unsafe-argument
   366:32  warning  Unsafe argument of type `any` assigned to a parameter of type `number`                                          @typescript-eslint/no-unsafe-argument
   367:43  warning  Unsafe argument of type `any` assigned to a parameter of type `number`                                          @typescript-eslint/no-unsafe-argument
   370:43  warning  Unsafe argument of type `any` assigned to a parameter of type `number`                                          @typescript-eslint/no-unsafe-argument
   376:46  warning  Unsafe argument of type `any` assigned to a parameter of type `number`                                          @typescript-eslint/no-unsafe-argument
   468:34  error    Computed name [String(nextLevel) as any] resolves to an `any` value                                             @typescript-eslint/no-unsafe-member-access
   495:36  error    Computed name [String(level) as any] resolves to an `any` value                                                 @typescript-eslint/no-unsafe-member-access
   553:11  error    Unsafe assignment of an `any` value                                                                             @typescript-eslint/no-unsafe-assignment
   554:29  error    Unsafe member access .type on an `any` value                                                                    @typescript-eslint/no-unsafe-member-access
   556:11  error    Unsafe assignment of an `any` value                                                                             @typescript-eslint/no-unsafe-assignment
   557:22  error    Unsafe member access .playerId on an `any` value                                                                @typescript-eslint/no-unsafe-member-access
   558:19  error    Unsafe member access .playerId on an `any` value                                                                @typescript-eslint/no-unsafe-member-access
   562:53  error    Unsafe member access .tileIndex on an `any` value                                                               @typescript-eslint/no-unsafe-member-access
   563:11  error    Unsafe assignment of an `any` value                                                                             @typescript-eslint/no-unsafe-assignment
   564:16  error    Unsafe member access .data on an `any` value                                                                    @typescript-eslint/no-unsafe-member-access
   566:17  error    Unsafe member access .data on an `any` value                                                                    @typescript-eslint/no-unsafe-member-access
   574:34  error    Unsafe member access .data on an `any` value                                                                    @typescript-eslint/no-unsafe-member-access
   583:34  warning  Unsafe argument of type `any` assigned to a parameter of type `number`                                          @typescript-eslint/no-unsafe-argument
   585:33  warning  Unsafe argument of type `any` assigned to a parameter of type `number`                                          @typescript-eslint/no-unsafe-argument
   587:38  warning  Unsafe argument of type `any` assigned to a parameter of type `number`                                          @typescript-eslint/no-unsafe-argument
   589:40  warning  Unsafe argument of type `any` assigned to a parameter of type `number`                                          @typescript-eslint/no-unsafe-argument
   847:23  error    Unsafe assignment of an `any` value                                                                             @typescript-eslint/no-unsafe-assignment
   847:48  error    Unsafe assignment of an `any` value                                                                             @typescript-eslint/no-unsafe-assignment
  1135:11  error    Unsafe assignment of an `any` value                                                                             @typescript-eslint/no-unsafe-assignment
  1135:50  error    Unsafe member access .properties on an `any` value                                                              @typescript-eslint/no-unsafe-member-access
  1136:15  error    Unsafe member access .properties on an `any` value                                                              @typescript-eslint/no-unsafe-member-access
  1203:30  error    Computed name [String(nextLevel) as any] resolves to an `any` value                                             @typescript-eslint/no-unsafe-member-access
  1259:30  error    Computed name [String(level) as any] resolves to an `any` value                                                 @typescript-eslint/no-unsafe-member-access
  1422:11  error    Unsafe assignment of an `any` value                                                                             @typescript-eslint/no-unsafe-assignment
  1423:11  error    Unsafe assignment of an `any` value                                                                             @typescript-eslint/no-unsafe-assignment
  1424:41  warning  Unsafe argument of type `any` assigned to a parameter of type `ArrayLike<unknown> | { [s: string]: unknown; }`  @typescript-eslint/no-unsafe-argument
  1426:26  error    Unsafe member access [k] on an `any` value                                                                      @typescript-eslint/no-unsafe-member-access
  1427:26  error    Unsafe member access [k] on an `any` value                                                                      @typescript-eslint/no-unsafe-member-access
  1435:7   error    Unsafe assignment of an `any` value                                                                             @typescript-eslint/no-unsafe-assignment
  1436:7   error    Unsafe assignment of an `any` value                                                                             @typescript-eslint/no-unsafe-assignment
  1550:44  error    Unsafe member access .id on an `any` value                                                                      @typescript-eslint/no-unsafe-member-access
  1628:11  error    Unsafe assignment of an `any` value                                                                             @typescript-eslint/no-unsafe-assignment
  1629:5   error    Unsafe return of a value of type `any`                                                                          @typescript-eslint/no-unsafe-return
  1632:7   error    Unsafe assignment of an `any` value                                                                             @typescript-eslint/no-unsafe-assignment
  1632:39  error    Unsafe member access .jail on an `any` value                                                                    @typescript-eslint/no-unsafe-member-access
  1640:42  error    Unsafe member access .pawnLabel on an `any` value                                                               @typescript-eslint/no-unsafe-member-access
  1643:35  error    Unsafe member access .pawn on an `any` value                                                                    @typescript-eslint/no-unsafe-member-access

C:\wamp64\www\lemondeDeLila\backend\src\game\games\les-quatre-vents\sac-a-malices\presenter\sac-a-malices-presenter.service.ts
   25:11  error  Unsafe assignment of an `any` value                    @typescript-eslint/no-unsafe-assignment
   29:5   error  Unsafe return of a value of type `any`                 @typescript-eslint/no-unsafe-return
   36:7   error  Unsafe assignment of an `any` value                    @typescript-eslint/no-unsafe-assignment
   37:7   error  Unsafe assignment of an `any` value                    @typescript-eslint/no-unsafe-assignment
   38:27  error  Unsafe member access .extras on an `any` value         @typescript-eslint/no-unsafe-member-access
   91:6   error  'any' overrides all other types in this union type     @typescript-eslint/no-redundant-type-constituents
   93:11  error  Unsafe assignment of an `any` value                    @typescript-eslint/no-unsafe-assignment
   94:29  error  Unsafe member access .ownerPlayerId on an `any` value  @typescript-eslint/no-unsafe-member-access
   95:25  error  Unsafe member access .ownerPlayerId on an `any` value  @typescript-eslint/no-unsafe-member-access
  108:7   error  Unsafe assignment of an `any` value                    @typescript-eslint/no-unsafe-assignment

C:\wamp64\www\lemondeDeLila\backend\src\game\games\les-quatre-vents\sac-a-malices\rulebook\rulebook.ts
   37:34  error  Unsafe member access .setupStep on an `any` value      @typescript-eslint/no-unsafe-member-access
   39:11  error  Unsafe assignment of an `any` value                    @typescript-eslint/no-unsafe-assignment
   40:20  error  Unsafe member access .ownerPlayerId on an `any` value  @typescript-eslint/no-unsafe-member-access
   40:54  error  Unsafe member access .ownerPlayerId on an `any` value  @typescript-eslint/no-unsafe-member-access
   50:9   error  Unsafe assignment of an `any` value                    @typescript-eslint/no-unsafe-assignment
   51:16  error  Unsafe member access .type on an `any` value           @typescript-eslint/no-unsafe-member-access
   52:18  error  Unsafe member access .playerId on an `any` value       @typescript-eslint/no-unsafe-member-access
   58:16  error  Unsafe member access .type on an `any` value           @typescript-eslint/no-unsafe-member-access
   59:18  error  Unsafe member access .playerId on an `any` value       @typescript-eslint/no-unsafe-member-access
   60:11  error  Unsafe assignment of an `any` value                    @typescript-eslint/no-unsafe-assignment
   61:16  error  Unsafe member access .data on an `any` value           @typescript-eslint/no-unsafe-member-access
   63:17  error  Unsafe member access .data on an `any` value           @typescript-eslint/no-unsafe-member-access
   75:31  error  Unsafe member access .statuses on an `any` value       @typescript-eslint/no-unsafe-member-access
   77:18  error  Unsafe member access .statuses on an `any` value       @typescript-eslint/no-unsafe-member-access
   86:9   error  Unsafe assignment of an `any` value                    @typescript-eslint/no-unsafe-assignment
   86:28  error  Unsafe member access .rules on an `any` value          @typescript-eslint/no-unsafe-member-access
   87:9   error  Unsafe assignment of an `any` value                    @typescript-eslint/no-unsafe-assignment
   87:52  error  Unsafe member access .jail on an `any` value           @typescript-eslint/no-unsafe-member-access
   89:23  error  Unsafe member access .allowPayFine on an `any` value   @typescript-eslint/no-unsafe-member-access
   89:57  error  Unsafe member access .autoFine on an `any` value       @typescript-eslint/no-unsafe-member-access
  125:36  error  Unsafe member access .setupStep on an `any` value      @typescript-eslint/no-unsafe-member-access
  131:11  error  Unsafe assignment of an `any` value                    @typescript-eslint/no-unsafe-assignment
  132:20  error  Unsafe member access .ownerPlayerId on an `any` value  @typescript-eslint/no-unsafe-member-access
  132:54  error  Unsafe member access .ownerPlayerId on an `any` value  @typescript-eslint/no-unsafe-member-access
  147:9   error  Unsafe assignment of an `any` value                    @typescript-eslint/no-unsafe-assignment
  148:16  error  Unsafe member access .type on an `any` value           @typescript-eslint/no-unsafe-member-access
  149:11  error  Unsafe assignment of an `any` value                    @typescript-eslint/no-unsafe-assignment
  149:25  error  Unsafe member access .playerId on an `any` value       @typescript-eslint/no-unsafe-member-access
  160:16  error  Unsafe member access .type on an `any` value           @typescript-eslint/no-unsafe-member-access
  161:11  error  Unsafe assignment of an `any` value                    @typescript-eslint/no-unsafe-assignment
  161:25  error  Unsafe member access .playerId on an `any` value       @typescript-eslint/no-unsafe-member-access
  174:11  error  Unsafe assignment of an `any` value                    @typescript-eslint/no-unsafe-assignment
  175:16  error  Unsafe member access .data on an `any` value           @typescript-eslint/no-unsafe-member-access
  177:17  error  Unsafe member access .data on an `any` value           @typescript-eslint/no-unsafe-member-access
  179:55  error  Unsafe member access .tileIndex on an `any` value      @typescript-eslint/no-unsafe-member-access

C:\wamp64\www\lemondeDeLila\backend\src\game\games\les-quatre-vents\sac-a-malices\sac-a-malices.shortcuts.ts
  12:39  error  Unsafe member access .statuses on an `any` value  @typescript-eslint/no-unsafe-member-access
  15:22  error  Unsafe member access .statuses on an `any` value  @typescript-eslint/no-unsafe-member-access
  17:9   error  Unsafe assignment of an `any` value               @typescript-eslint/no-unsafe-assignment
  17:28  error  Unsafe member access .rules on an `any` value     @typescript-eslint/no-unsafe-member-access
  19:20  error  Unsafe member access .jail on an `any` value      @typescript-eslint/no-unsafe-member-access
  20:19  error  Unsafe member access .jail on an `any` value      @typescript-eslint/no-unsafe-member-access

C:\wamp64\www\lemondeDeLila\backend\src\game\games\les-quatre-vents\sac-a-malices\setup\sac-a-malices-setup.service.ts
   61:11  error    Unsafe assignment of an `any` value                                            @typescript-eslint/no-unsafe-assignment
   62:29  error    Unsafe member access .ownerPlayerId on an `any` value                          @typescript-eslint/no-unsafe-member-access
   63:25  error    Unsafe member access .ownerPlayerId on an `any` value                          @typescript-eslint/no-unsafe-member-access
   74:65  warning  Unsafe argument of type `any` assigned to a parameter of type `number | null`  @typescript-eslint/no-unsafe-argument
   76:11  error    Unsafe assignment of an `any` value                                            @typescript-eslint/no-unsafe-assignment
   87:9   error    Unsafe assignment of an `any` value                                            @typescript-eslint/no-unsafe-assignment
  158:11  error    Unsafe assignment of an `any` value                                            @typescript-eslint/no-unsafe-assignment
  182:19  error    Unsafe assignment of an `any` value                                            @typescript-eslint/no-unsafe-assignment
  183:22  error    Unsafe assignment of an `any` value                                            @typescript-eslint/no-unsafe-assignment

C:\wamp64\www\lemondeDeLila\backend\src\game\games\les-quatre-vents\sac-a-malices\tests\sac-a-malices.setup.spec.ts
  21:11  error  Unsafe assignment of an `any` value               @typescript-eslint/no-unsafe-assignment
  36:11  error  Unsafe assignment of an `any` value               @typescript-eslint/no-unsafe-assignment
  36:51  error  Unsafe member access .variants on an `any` value  @typescript-eslint/no-unsafe-member-access
  38:21  error  Unsafe member access .length on an `any` value    @typescript-eslint/no-unsafe-member-access

C:\wamp64\www\lemondeDeLila\backend\src\game\games\les-quatre-vents\tout-pres-de-maman\actions\tout-pres-de-maman-action.service.ts
   89:5   error    Unsafe assignment of an `any` value                                                      @typescript-eslint/no-unsafe-assignment
   92:7   error    Unexpected constant nullishness on the left-hand side of a `??` expression               no-constant-binary-expression
  102:7   error    Unsafe assignment of an `any` value                                                      @typescript-eslint/no-unsafe-assignment
  576:11  error    Unsafe assignment of an `any` value                                                      @typescript-eslint/no-unsafe-assignment
  577:40  warning  Unsafe argument of type `any` assigned to a parameter of type `ToutPresDeMamanMetadata`  @typescript-eslint/no-unsafe-argument
  592:40  warning  Unsafe argument of type `any` assigned to a parameter of type `ToutPresDeMamanMetadata`  @typescript-eslint/no-unsafe-argument
  675:42  error    Unsafe member access .pawnLabel on an `any` value                                        @typescript-eslint/no-unsafe-member-access
  678:35  error    Unsafe member access .pawn on an `any` value                                             @typescript-eslint/no-unsafe-member-access

C:\wamp64\www\lemondeDeLila\backend\src\game\games\les-quatre-vents\voyage-en-terre-de-brumes\actions\voyage-action.service.ts
   78:9   error    Unsafe assignment of an `any` value                                     @typescript-eslint/no-unsafe-assignment
  104:11  error    Unsafe assignment of an `any` value                                     @typescript-eslint/no-unsafe-assignment
  105:29  error    Unsafe member access .type on an `any` value                            @typescript-eslint/no-unsafe-member-access
  106:11  error    Unsafe assignment of an `any` value                                     @typescript-eslint/no-unsafe-assignment
  107:22  error    Unsafe member access .playerId on an `any` value                        @typescript-eslint/no-unsafe-member-access
  108:19  error    Unsafe member access .playerId on an `any` value                        @typescript-eslint/no-unsafe-member-access
  112:38  error    Unsafe member access .data on an `any` value                            @typescript-eslint/no-unsafe-member-access
  124:33  warning  Unsafe argument of type `any` assigned to a parameter of type `number`  @typescript-eslint/no-unsafe-argument
  137:11  error    Unsafe assignment of an `any` value                                     @typescript-eslint/no-unsafe-assignment
  138:29  error    Unsafe member access .type on an `any` value                            @typescript-eslint/no-unsafe-member-access
  140:11  error    Unsafe assignment of an `any` value                                     @typescript-eslint/no-unsafe-assignment
  141:22  error    Unsafe member access .playerId on an `any` value                        @typescript-eslint/no-unsafe-member-access
  142:19  error    Unsafe member access .playerId on an `any` value                        @typescript-eslint/no-unsafe-member-access
  152:15  error    Unsafe member access .answer on an `any` value                          @typescript-eslint/no-unsafe-member-access
  152:33  error    Unsafe member access .choice on an `any` value                          @typescript-eslint/no-unsafe-member-access
  152:51  error    Unsafe member access .value on an `any` value                           @typescript-eslint/no-unsafe-member-access
  155:22  error    Unsafe member access .choiceIndex on an `any` value                     @typescript-eslint/no-unsafe-member-access
  156:31  error    Unsafe member access .choiceIndex on an `any` value                     @typescript-eslint/no-unsafe-member-access
  157:22  warning  Unsafe argument of type `any` assigned to a parameter of type `number`  @typescript-eslint/no-unsafe-argument
  157:30  error    Unsafe member access .choiceIndex on an `any` value                     @typescript-eslint/no-unsafe-member-access
  185:45  warning  Unsafe argument of type `any` assigned to a parameter of type `number`  @typescript-eslint/no-unsafe-argument
  187:30  error    Unsafe member access .successDelta on an `any` value                    @typescript-eslint/no-unsafe-member-access
  188:23  error    Unsafe member access .successDelta on an `any` value                    @typescript-eslint/no-unsafe-member-access
  190:34  warning  Unsafe argument of type `any` assigned to a parameter of type `number`  @typescript-eslint/no-unsafe-argument
  190:48  error    Unsafe member access .successDelta on an `any` value                    @typescript-eslint/no-unsafe-member-access
  192:32  warning  Unsafe argument of type `any` assigned to a parameter of type `number`  @typescript-eslint/no-unsafe-argument
  193:40  warning  Unsafe argument of type `any` assigned to a parameter of type `number`  @typescript-eslint/no-unsafe-argument
  210:11  error    Unsafe assignment of an `any` value                                     @typescript-eslint/no-unsafe-assignment
  211:29  error    Unsafe member access .type on an `any` value                            @typescript-eslint/no-unsafe-member-access
  213:11  error    Unsafe assignment of an `any` value                                     @typescript-eslint/no-unsafe-assignment
  214:22  error    Unsafe member access .playerId on an `any` value                        @typescript-eslint/no-unsafe-member-access
  215:19  error    Unsafe member access .playerId on an `any` value                        @typescript-eslint/no-unsafe-member-access
  219:55  error    Unsafe member access .targetPlayerId on an `any` value                  @typescript-eslint/no-unsafe-member-access
  224:34  error    Unsafe member access .data on an `any` value                            @typescript-eslint/no-unsafe-member-access
  225:54  error    Computed name [playerId] resolves to an `any` value                     @typescript-eslint/no-unsafe-member-access
  232:25  error    Unsafe assignment of an `any` value                                     @typescript-eslint/no-unsafe-assignment
  237:45  warning  Unsafe argument of type `any` assigned to a parameter of type `number`  @typescript-eslint/no-unsafe-argument
  239:39  warning  Unsafe argument of type `any` assigned to a parameter of type `number`  @typescript-eslint/no-unsafe-argument
  240:39  warning  Unsafe argument of type `any` assigned to a parameter of type `number`  @typescript-eslint/no-unsafe-argument
  248:39  warning  Unsafe argument of type `any` assigned to a parameter of type `number`  @typescript-eslint/no-unsafe-argument
  251:60  error    Unsafe member access .data on an `any` value                            @typescript-eslint/no-unsafe-member-access
  254:45  warning  Unsafe argument of type `any` assigned to a parameter of type `number`  @typescript-eslint/no-unsafe-argument
  256:45  warning  Unsafe argument of type `any` assigned to a parameter of type `number`  @typescript-eslint/no-unsafe-argument
  257:39  warning  Unsafe argument of type `any` assigned to a parameter of type `number`  @typescript-eslint/no-unsafe-argument
  633:5   error    Unsafe return of a value of type `any`                                  @typescript-eslint/no-unsafe-return
  657:11  error    Unsafe assignment of an `any` value                                     @typescript-eslint/no-unsafe-assignment
  657:52  error    Unsafe member access [deckId] on an `any` value                         @typescript-eslint/no-unsafe-member-access
  670:7   error    Unsafe assignment of an `any` value                                     @typescript-eslint/no-unsafe-assignment
  692:40  error    Unsafe member access [deckType] on an `any` value                       @typescript-eslint/no-unsafe-member-access
  696:7   error    Unsafe assignment of an `any` value                                     @typescript-eslint/no-unsafe-assignment
  773:33  error    Unsafe assignment of an `any` value                                     @typescript-eslint/no-unsafe-assignment
  773:58  error    Unsafe member access [kind] on an `any` value                           @typescript-eslint/no-unsafe-member-access
  791:50  error    Unsafe member access [kind] on an `any` value                           @typescript-eslint/no-unsafe-member-access
  937:42  error    Unsafe member access .pawnLabel on an `any` value                       @typescript-eslint/no-unsafe-member-access
  940:35  error    Unsafe member access .pawn on an `any` value                            @typescript-eslint/no-unsafe-member-access

C:\wamp64\www\lemondeDeLila\backend\src\game\games\vents-dansants\cat-pattes\actions\cat-pattes-action.service.ts
   48:17  error  '_promptPolicies' is defined but never used       @typescript-eslint/no-unused-vars
  122:7   error  Unsafe assignment of an `any` value               @typescript-eslint/no-unsafe-assignment
  126:25  error  Unsafe member access .label on an `any` value     @typescript-eslint/no-unsafe-member-access
  126:37  error  Unsafe member access .id on an `any` value        @typescript-eslint/no-unsafe-member-access
  396:65  error  Unsafe member access .id on an `any` value        @typescript-eslint/no-unsafe-member-access
  398:29  error  Unsafe member access .id on an `any` value        @typescript-eslint/no-unsafe-member-access
  399:51  error  Computed name [p.id] resolves to an `any` value   @typescript-eslint/no-unsafe-member-access
  399:53  error  Unsafe member access .id on an `any` value        @typescript-eslint/no-unsafe-member-access
  429:76  error  Irregular whitespace not allowed                  no-irregular-whitespace
  593:11  error  Unsafe assignment of an `any` value               @typescript-eslint/no-unsafe-assignment
  593:35  error  Unsafe member access .rng on an `any` value       @typescript-eslint/no-unsafe-member-access
  616:7   error  Unsafe assignment of an `any` value               @typescript-eslint/no-unsafe-assignment
  623:16  error  Unsafe member access .isBot on an `any` value     @typescript-eslint/no-unsafe-member-access
  624:37  error  Unsafe member access .username on an `any` value  @typescript-eslint/no-unsafe-member-access
  628:33  error  Unsafe member access .kind on an `any` value      @typescript-eslint/no-unsafe-member-access
  628:49  error  Unsafe member access .type on an `any` value      @typescript-eslint/no-unsafe-member-access

C:\wamp64\www\lemondeDeLila\backend\src\game\games\vents-dansants\cat-pattes\presenter\cat-pattes-presenter.service.ts
   20:11  error  Unsafe assignment of an `any` value                                                                                                            @typescript-eslint/no-unsafe-assignment
   98:5   error  Unsafe return of a value of type `any`                                                                                                         @typescript-eslint/no-unsafe-return
  106:7   error  Unsafe assignment of an `any` value                                                                                                            @typescript-eslint/no-unsafe-assignment
  115:34  error  Unsafe member access .type on an `any` value                                                                                                   @typescript-eslint/no-unsafe-member-access
  120:11  error  Unsafe assignment of an `any` value                                                                                                            @typescript-eslint/no-unsafe-assignment
  120:47  error  Unsafe member access .choices on an `any` value                                                                                                @typescript-eslint/no-unsafe-member-access
  120:66  error  Unsafe member access .choices on an `any` value                                                                                                @typescript-eslint/no-unsafe-member-access
  121:11  error  Unsafe assignment of an `any` value                                                                                                            @typescript-eslint/no-unsafe-assignment
  121:31  error  Unsafe call of an `any` typed value                                                                                                            @typescript-eslint/no-unsafe-call
  121:31  error  Unsafe call of an `any` typed value                                                                                                            @typescript-eslint/no-unsafe-call
  122:8   error  Unsafe member access .map on an `any` value                                                                                                    @typescript-eslint/no-unsafe-member-access
  122:40  error  'choice ?? ''' will use Object's default stringification format ('[object Object]') when stringified                                           @typescript-eslint/no-base-to-string
  123:8   error  Unsafe member access .filter on an `any` value                                                                                                 @typescript-eslint/no-unsafe-member-access
  124:27  error  Unsafe member access .length on an `any` value                                                                                                 @typescript-eslint/no-unsafe-member-access
  127:9   error  Unsafe assignment of an `any` value                                                                                                            @typescript-eslint/no-unsafe-assignment
  131:11  error  Unsafe assignment of an `any` value                                                                                                            @typescript-eslint/no-unsafe-assignment
  131:49  error  Unsafe member access .data on an `any` value                                                                                                   @typescript-eslint/no-unsafe-member-access
  132:17  error  Unsafe member access .data on an `any` value                                                                                                   @typescript-eslint/no-unsafe-member-access
  134:11  error  Unsafe assignment of an `any` value                                                                                                            @typescript-eslint/no-unsafe-assignment
  134:34  error  Unsafe call of an `any` typed value                                                                                                            @typescript-eslint/no-unsafe-call
  134:34  error  Unsafe call of an `any` typed value                                                                                                            @typescript-eslint/no-unsafe-call
  135:8   error  Unsafe member access .map on an `any` value                                                                                                    @typescript-eslint/no-unsafe-member-access
  135:40  error  Unsafe member access .label on an `any` value                                                                                                  @typescript-eslint/no-unsafe-member-access
  135:55  error  Unsafe member access .id on an `any` value                                                                                                     @typescript-eslint/no-unsafe-member-access
  136:8   error  Unsafe member access .filter on an `any` value                                                                                                 @typescript-eslint/no-unsafe-member-access
  137:30  error  Unsafe member access .length on an `any` value                                                                                                 @typescript-eslint/no-unsafe-member-access
  140:9   error  Unsafe assignment of an `any` value                                                                                                            @typescript-eslint/no-unsafe-assignment
  154:11  error  'payload.pawnId ?? payload.pawn ?? payload.value ?? ''' will use Object's default stringification format ('[object Object]') when stringified  @typescript-eslint/no-base-to-string

C:\wamp64\www\lemondeDeLila\backend\src\game\games\vents-dansants\cat-pattes\rulebook\rulebook.ts
   45:47  warning  Unsafe argument of type `any` assigned to a parameter of type `CatPattesBotType`                     @typescript-eslint/no-unsafe-argument
   94:17  error    'value ?? ''' will use Object's default stringification format ('[object Object]') when stringified  @typescript-eslint/no-base-to-string
  108:9   error    Unsafe assignment of an `any` value                                                                  @typescript-eslint/no-unsafe-assignment
  195:9   error    Unsafe assignment of an `any` value                                                                  @typescript-eslint/no-unsafe-assignment
  198:7   error    Unsafe assignment of an `any` value                                                                  @typescript-eslint/no-unsafe-assignment

C:\wamp64\www\lemondeDeLila\backend\src\game\games\vents-dansants\cat-pattes\setup\cat-pattes-setup.service.ts
  160:7   error  Unsafe assignment of an `any` value               @typescript-eslint/no-unsafe-assignment
  160:27  error  Unsafe member access .rng on an `any` value       @typescript-eslint/no-unsafe-member-access
  167:16  error  Unsafe member access .isBot on an `any` value     @typescript-eslint/no-unsafe-member-access
  168:37  error  Unsafe member access .username on an `any` value  @typescript-eslint/no-unsafe-member-access
  172:33  error  Unsafe member access .kind on an `any` value      @typescript-eslint/no-unsafe-member-access
  172:49  error  Unsafe member access .type on an `any` value      @typescript-eslint/no-unsafe-member-access

C:\wamp64\www\lemondeDeLila\backend\src\game\games\vents-dansants\cat-pattes\tests\cat-pattes.flow.spec.ts
   13:3   error    Unsafe return of a value of type `any`                                                   @typescript-eslint/no-unsafe-return
   25:5   error    Unsafe assignment of an `any` value                                                      @typescript-eslint/no-unsafe-assignment
   47:42  error    Unsafe return of a value of type `any`                                                   @typescript-eslint/no-unsafe-return
   61:15  warning  Unsafe argument of type `any` assigned to a parameter of type `TurnFlowService`          @typescript-eslint/no-unsafe-argument
   87:36  error    Unsafe member access .type on an `any` value                                             @typescript-eslint/no-unsafe-member-access
   88:36  error    Unsafe member access .playerId on an `any` value                                         @typescript-eslint/no-unsafe-member-access
   90:43  warning  Unsafe argument of type `any[]` assigned to a parameter of type `GameSingleActionDto[]`  @typescript-eslint/no-unsafe-argument
   95:24  error    Unsafe member access .pawnByPlayerId on an `any` value                                   @typescript-eslint/no-unsafe-member-access
   96:24  error    Unsafe member access .pawnByPlayerId on an `any` value                                   @typescript-eslint/no-unsafe-member-access
  111:21  error    Unsafe assignment of an `any` value                                                      @typescript-eslint/no-unsafe-assignment
  111:51  error    Unsafe member access .players on an `any` value                                          @typescript-eslint/no-unsafe-member-access
  111:68  error    Unsafe member access .players on an `any` value                                          @typescript-eslint/no-unsafe-member-access
  112:21  error    Unsafe assignment of an `any` value                                                      @typescript-eslint/no-unsafe-assignment
  112:39  error    Unsafe member access .turn on an `any` value                                             @typescript-eslint/no-unsafe-member-access
  113:21  error    Unsafe assignment of an `any` value                                                      @typescript-eslint/no-unsafe-assignment
  113:27  error    Unsafe call of an `any` typed value                                                      @typescript-eslint/no-unsafe-call
  113:35  error    Unsafe member access .findIndex on an `any` value                                        @typescript-eslint/no-unsafe-member-access
  113:60  error    Unsafe member access .id on an `any` value                                               @typescript-eslint/no-unsafe-member-access
  114:62  error    Unsafe member access .length on an `any` value                                           @typescript-eslint/no-unsafe-member-access
  115:15  error    Unsafe return of a value of type `any`                                                   @typescript-eslint/no-unsafe-return
  118:17  error    Unsafe assignment of an `any` value                                                      @typescript-eslint/no-unsafe-assignment
  119:29  error    Unsafe member access .turn on an `any` value                                             @typescript-eslint/no-unsafe-member-access
  120:19  error    Unsafe assignment of an `any` value                                                      @typescript-eslint/no-unsafe-assignment
  120:44  error    Unsafe member access [nextIdx] on an `any` value                                         @typescript-eslint/no-unsafe-member-access
  138:15  warning  Unsafe argument of type `any` assigned to a parameter of type `TurnFlowService`          @typescript-eslint/no-unsafe-argument
  158:36  error    Unsafe member access .type on an `any` value                                             @typescript-eslint/no-unsafe-member-access
  160:52  warning  Unsafe argument of type `any` assigned to a parameter of type `GameStateEntity`          @typescript-eslint/no-unsafe-argument
  161:42  error    Unsafe member access .type on an `any` value                                             @typescript-eslint/no-unsafe-member-access
  163:48  warning  Unsafe argument of type `any[]` assigned to a parameter of type `GameSingleActionDto[]`  @typescript-eslint/no-unsafe-argument
  170:17  error    Unsafe member access .message on an `any` value                                          @typescript-eslint/no-unsafe-member-access
  177:64  warning  Unsafe argument of type `any` assigned to a parameter of type `GameStateEntity`          @typescript-eslint/no-unsafe-argument
  193:21  error    Unsafe assignment of an `any` value                                                      @typescript-eslint/no-unsafe-assignment
  193:51  error    Unsafe member access .players on an `any` value                                          @typescript-eslint/no-unsafe-member-access
  193:68  error    Unsafe member access .players on an `any` value                                          @typescript-eslint/no-unsafe-member-access
  194:21  error    Unsafe assignment of an `any` value                                                      @typescript-eslint/no-unsafe-assignment
  194:39  error    Unsafe member access .turn on an `any` value                                             @typescript-eslint/no-unsafe-member-access
  195:21  error    Unsafe assignment of an `any` value                                                      @typescript-eslint/no-unsafe-assignment
  195:27  error    Unsafe call of an `any` typed value                                                      @typescript-eslint/no-unsafe-call
  195:35  error    Unsafe member access .findIndex on an `any` value                                        @typescript-eslint/no-unsafe-member-access
  195:60  error    Unsafe member access .id on an `any` value                                               @typescript-eslint/no-unsafe-member-access
  196:62  error    Unsafe member access .length on an `any` value                                           @typescript-eslint/no-unsafe-member-access
  197:15  error    Unsafe return of a value of type `any`                                                   @typescript-eslint/no-unsafe-return
  200:17  error    Unsafe assignment of an `any` value                                                      @typescript-eslint/no-unsafe-assignment
  201:29  error    Unsafe member access .turn on an `any` value                                             @typescript-eslint/no-unsafe-member-access
  202:19  error    Unsafe assignment of an `any` value                                                      @typescript-eslint/no-unsafe-assignment
  202:44  error    Unsafe member access [nextIdx] on an `any` value                                         @typescript-eslint/no-unsafe-member-access
  220:15  warning  Unsafe argument of type `any` assigned to a parameter of type `TurnFlowService`          @typescript-eslint/no-unsafe-argument
  240:48  warning  Unsafe argument of type `any[]` assigned to a parameter of type `GameSingleActionDto[]`  @typescript-eslint/no-unsafe-argument
  246:45  error    Unsafe member access .hands on an `any` value                                            @typescript-eslint/no-unsafe-member-access
  247:15  error    Unsafe member access .hands on an `any` value                                            @typescript-eslint/no-unsafe-member-access
  251:48  warning  Unsafe argument of type `any[]` assigned to a parameter of type `GameSingleActionDto[]`  @typescript-eslint/no-unsafe-argument
  255:44  error    Unsafe member access .hands on an `any` value                                            @typescript-eslint/no-unsafe-member-access
  256:15  error    Unsafe member access .hands on an `any` value                                            @typescript-eslint/no-unsafe-member-access
  260:52  warning  Unsafe argument of type `any` assigned to a parameter of type `GameStateEntity`          @typescript-eslint/no-unsafe-argument
  261:47  error    Unsafe member access .type on an `any` value                                             @typescript-eslint/no-unsafe-member-access
  264:48  warning  Unsafe argument of type `any[]` assigned to a parameter of type `GameSingleActionDto[]`  @typescript-eslint/no-unsafe-argument
  266:48  error    Unsafe member access .hands on an `any` value                                            @typescript-eslint/no-unsafe-member-access
  267:15  error    Unsafe member access .hands on an `any` value                                            @typescript-eslint/no-unsafe-member-access
  290:20  error    Unsafe member access .pending on an `any` value                                          @typescript-eslint/no-unsafe-member-access
  291:34  error    Unsafe member access .pending on an `any` value                                          @typescript-eslint/no-unsafe-member-access
  292:21  error    Unsafe member access .pending on an `any` value                                          @typescript-eslint/no-unsafe-member-access
  292:45  error    Unsafe member access .length on an `any` value                                           @typescript-eslint/no-unsafe-member-access
  294:11  error    Unsafe assignment of an `any` value                                                      @typescript-eslint/no-unsafe-assignment
  294:43  error    Unsafe member access .actions on an `any` value                                          @typescript-eslint/no-unsafe-member-access
  294:62  error    Unsafe member access .actions on an `any` value                                          @typescript-eslint/no-unsafe-member-access
  295:20  error    Unsafe member access .length on an `any` value                                           @typescript-eslint/no-unsafe-member-access
  297:7   error    Unsafe call of an `any` typed value                                                      @typescript-eslint/no-unsafe-call
  297:15  error    Unsafe member access .every on an `any` value                                            @typescript-eslint/no-unsafe-member-access
  297:43  error    Unsafe member access .type on an `any` value                                             @typescript-eslint/no-unsafe-member-access

C:\wamp64\www\lemondeDeLila\backend\src\game\games\vents-dansants\cat-pattes\tests\cat-pattes.shortcuts.spec.ts
  14:21  error  Unsafe member access .type on an `any` value        @typescript-eslint/no-unsafe-member-access
  14:53  error  Unsafe member access .actionType on an `any` value  @typescript-eslint/no-unsafe-member-access
  20:21  error  Unsafe member access .type on an `any` value        @typescript-eslint/no-unsafe-member-access
  20:56  error  Unsafe member access .id on an `any` value          @typescript-eslint/no-unsafe-member-access
  26:21  error  Unsafe member access .type on an `any` value        @typescript-eslint/no-unsafe-member-access
  26:56  error  Unsafe member access .id on an `any` value          @typescript-eslint/no-unsafe-member-access

C:\wamp64\www\lemondeDeLila\backend\src\game\games\vents-dansants\cercles-sacres\actions\cercles-sacres-action.service.ts
  59:5  error  '_action' is defined but never used  @typescript-eslint/no-unused-vars

C:\wamp64\www\lemondeDeLila\backend\src\game\games\vents-dansants\cercles-sacres\presenter\cercles-sacres-presenter.service.ts
  41:5  error  Unsafe return of a value of type `any`  @typescript-eslint/no-unsafe-return

C:\wamp64\www\lemondeDeLila\backend\src\game\games\vents-dansants\cercles-sacres\rulebook\rulebook.ts
  88:41  error  Invalid type "never" of template literal expression  @typescript-eslint/restrict-template-expressions

C:\wamp64\www\lemondeDeLila\backend\src\game\games\vents-dansants\cercles-sacres\tests\cercles-sacres.service.spec.ts
   5:11  error    Unsafe assignment of an `any` value                                                            @typescript-eslint/no-unsafe-assignment
   7:7   warning  Unsafe argument of type `any` assigned to a parameter of type `GameRegistryService`            @typescript-eslint/no-unsafe-argument
   8:7   warning  Unsafe argument of type `any` assigned to a parameter of type `CerclesSacresSetupService`      @typescript-eslint/no-unsafe-argument
   9:7   warning  Unsafe argument of type `any` assigned to a parameter of type `CerclesSacresActionService`     @typescript-eslint/no-unsafe-argument
  10:7   warning  Unsafe argument of type `any` assigned to a parameter of type `CerclesSacresPresenterService`  @typescript-eslint/no-unsafe-argument
  11:7   warning  Unsafe argument of type `any` assigned to a parameter of type `CerclesSacresBotService`        @typescript-eslint/no-unsafe-argument

C:\wamp64\www\lemondeDeLila\backend\src\game\games\vents-dansants\dame-nature\presenter\dame-nature-presenter.service.ts
  39:5  error  Unsafe return of a value of type `any`  @typescript-eslint/no-unsafe-return

C:\wamp64\www\lemondeDeLila\backend\src\game\games\vents-dansants\dame-nature\setup\dame-nature-setup.service.ts
  43:15  error  Unsafe assignment of an `any` value                  @typescript-eslint/no-unsafe-assignment
  44:52  error  Unsafe member access .familyId on an `any` value     @typescript-eslint/no-unsafe-member-access
  45:19  error  Computed name [familyId] resolves to an `any` value  @typescript-eslint/no-unsafe-member-access
  45:46  error  Computed name [familyId] resolves to an `any` value  @typescript-eslint/no-unsafe-member-access

C:\wamp64\www\lemondeDeLila\backend\src\game\games\vents-dansants\dame-nature\tests\dame-nature.service.spec.ts
   5:11  error    Unsafe assignment of an `any` value                                                         @typescript-eslint/no-unsafe-assignment
   7:7   warning  Unsafe argument of type `any` assigned to a parameter of type `GameRegistryService`         @typescript-eslint/no-unsafe-argument
   8:7   warning  Unsafe argument of type `any` assigned to a parameter of type `DameNatureSetupService`      @typescript-eslint/no-unsafe-argument
   9:7   warning  Unsafe argument of type `any` assigned to a parameter of type `DameNatureActionService`     @typescript-eslint/no-unsafe-argument
  10:7   warning  Unsafe argument of type `any` assigned to a parameter of type `DameNaturePresenterService`  @typescript-eslint/no-unsafe-argument
  11:7   warning  Unsafe argument of type `any` assigned to a parameter of type `DameNatureBotService`        @typescript-eslint/no-unsafe-argument

C:\wamp64\www\lemondeDeLila\backend\src\game\games\vents-dansants\entre-rites-et-lumieres\actions\entre-rites-action.service.ts
  103:5  error  '_action' is defined but never used  @typescript-eslint/no-unused-vars

C:\wamp64\www\lemondeDeLila\backend\src\game\games\vents-dansants\entre-rites-et-lumieres\presenter\entre-rites-presenter.service.ts
  51:5  error  Unsafe return of a value of type `any`  @typescript-eslint/no-unsafe-return

C:\wamp64\www\lemondeDeLila\backend\src\game\games\vents-dansants\entre-rites-et-lumieres\rulebook\rulebook.ts
  84:42  error  Invalid type "never" of template literal expression  @typescript-eslint/restrict-template-expressions

C:\wamp64\www\lemondeDeLila\backend\src\game\games\vents-dansants\entre-rites-et-lumieres\tests\entre-rites.service.spec.ts
   5:11  error    Unsafe assignment of an `any` value                                                         @typescript-eslint/no-unsafe-assignment
   7:7   warning  Unsafe argument of type `any` assigned to a parameter of type `GameRegistryService`         @typescript-eslint/no-unsafe-argument
   8:7   warning  Unsafe argument of type `any` assigned to a parameter of type `EntreRitesSetupService`      @typescript-eslint/no-unsafe-argument
   9:7   warning  Unsafe argument of type `any` assigned to a parameter of type `EntreRitesActionService`     @typescript-eslint/no-unsafe-argument
  10:7   warning  Unsafe argument of type `any` assigned to a parameter of type `EntreRitesPresenterService`  @typescript-eslint/no-unsafe-argument
  11:7   warning  Unsafe argument of type `any` assigned to a parameter of type `EntreRitesBotService`        @typescript-eslint/no-unsafe-argument

C:\wamp64\www\lemondeDeLila\backend\src\game\games\vents-dansants\gerard-president\actions\gerard-president-action.service.ts
  720:7  error  Unsafe assignment of an `any` value  @typescript-eslint/no-unsafe-assignment

C:\wamp64\www\lemondeDeLila\backend\src\game\games\vents-dansants\gerard-president\presenter\gerard-president-presenter.service.ts
  140:5  error  Unsafe return of a value of type `any`  @typescript-eslint/no-unsafe-return

C:\wamp64\www\lemondeDeLila\backend\src\game\games\vents-dansants\gerard-president\rulebook\rulebook.ts
  76:51  error  Irregular whitespace not allowed  no-irregular-whitespace

C:\wamp64\www\lemondeDeLila\backend\src\game\games\vents-dansants\gerard-president\tests\gerard-president-presenter.service.spec.ts
  53:11  error  Unsafe assignment of an `any` value              @typescript-eslint/no-unsafe-assignment
  55:19  error  Unsafe member access .catalog on an `any` value  @typescript-eslint/no-unsafe-member-access
  56:33  error  Unsafe member access .catalog on an `any` value  @typescript-eslint/no-unsafe-member-access
  57:19  error  Unsafe member access .catalog on an `any` value  @typescript-eslint/no-unsafe-member-access
  58:19  error  Unsafe member access .catalog on an `any` value  @typescript-eslint/no-unsafe-member-access
  59:19  error  Unsafe member access .extras on an `any` value   @typescript-eslint/no-unsafe-member-access
  60:19  error  Unsafe member access .extras on an `any` value   @typescript-eslint/no-unsafe-member-access
  61:12  error  Unsafe call of an `any` typed value              @typescript-eslint/no-unsafe-call
  61:19  error  Unsafe member access .actions on an `any` value  @typescript-eslint/no-unsafe-member-access
  61:42  error  Unsafe member access .type on an `any` value     @typescript-eslint/no-unsafe-member-access
  62:19  error  Unsafe member access .extras on an `any` value   @typescript-eslint/no-unsafe-member-access

C:\wamp64\www\lemondeDeLila\backend\src\game\games\vents-dansants\gerard-president\tests\gerard-president.service.spec.ts
   5:11  error    Unsafe assignment of an `any` value                                                              @typescript-eslint/no-unsafe-assignment
   7:7   warning  Unsafe argument of type `any` assigned to a parameter of type `GameRegistryService`              @typescript-eslint/no-unsafe-argument
   8:7   warning  Unsafe argument of type `any` assigned to a parameter of type `GerardPresidentSetupService`      @typescript-eslint/no-unsafe-argument
   9:7   warning  Unsafe argument of type `any` assigned to a parameter of type `GerardPresidentActionService`     @typescript-eslint/no-unsafe-argument
  10:7   warning  Unsafe argument of type `any` assigned to a parameter of type `GerardPresidentPresenterService`  @typescript-eslint/no-unsafe-argument
  11:7   warning  Unsafe argument of type `any` assigned to a parameter of type `GerardPresidentBotService`        @typescript-eslint/no-unsafe-argument

C:\wamp64\www\lemondeDeLila\backend\src\game\games\vents-dansants\la-bande-a-banane\presenter\la-bande-a-banane-presenter.service.ts
  32:5  error  Unsafe return of a value of type `any`  @typescript-eslint/no-unsafe-return

C:\wamp64\www\lemondeDeLila\backend\src\game\games\vents-dansants\la-bande-a-banane\tests\la-bande-a-banane.service.spec.ts
   5:11  error    Unsafe assignment of an `any` value                                                           @typescript-eslint/no-unsafe-assignment
   7:7   warning  Unsafe argument of type `any` assigned to a parameter of type `GameRegistryService`           @typescript-eslint/no-unsafe-argument
   8:7   warning  Unsafe argument of type `any` assigned to a parameter of type `BandeABananeSetupService`      @typescript-eslint/no-unsafe-argument
   9:7   warning  Unsafe argument of type `any` assigned to a parameter of type `BandeABananeActionService`     @typescript-eslint/no-unsafe-argument
  10:7   warning  Unsafe argument of type `any` assigned to a parameter of type `BandeABananePresenterService`  @typescript-eslint/no-unsafe-argument
  11:7   warning  Unsafe argument of type `any` assigned to a parameter of type `BandeABananeBotService`        @typescript-eslint/no-unsafe-argument

C:\wamp64\www\lemondeDeLila\backend\src\game\games\vents-dansants\la-grande-mine-de-barbak\bots\la-grande-mine-de-barbak-bot.service.ts
  8:50  warning  Unsafe argument of type `any` assigned to a parameter of type `GameStateEntity`  @typescript-eslint/no-unsafe-argument

C:\wamp64\www\lemondeDeLila\backend\src\game\games\vents-dansants\la-grande-mine-de-barbak\presenter\la-grande-mine-de-barbak-presenter.service.ts
  31:5  error  Unsafe return of a value of type `any`  @typescript-eslint/no-unsafe-return

C:\wamp64\www\lemondeDeLila\backend\src\game\games\vents-dansants\la-grande-mine-de-barbak\tests\la-grande-mine-de-barbak.service.spec.ts
   5:11  error    Unsafe assignment of an `any` value                                                                   @typescript-eslint/no-unsafe-assignment
   7:7   warning  Unsafe argument of type `any` assigned to a parameter of type `GameRegistryService`                   @typescript-eslint/no-unsafe-argument
   8:7   warning  Unsafe argument of type `any` assigned to a parameter of type `LaGrandeMineSetupService`              @typescript-eslint/no-unsafe-argument
   9:7   warning  Unsafe argument of type `any` assigned to a parameter of type `LaGrandeMineDeBarbakActionService`     @typescript-eslint/no-unsafe-argument
  10:7   warning  Unsafe argument of type `any` assigned to a parameter of type `LaGrandeMineDeBarbakPresenterService`  @typescript-eslint/no-unsafe-argument
  11:7   warning  Unsafe argument of type `any` assigned to a parameter of type `LaGrandeMineDeBarbakBotService`        @typescript-eslint/no-unsafe-argument

C:\wamp64\www\lemondeDeLila\backend\src\game\games\vents-dansants\la-parade-sucree\presenter\la-parade-sucree-presenter.service.ts
  33:5  error  Unsafe return of a value of type `any`  @typescript-eslint/no-unsafe-return

C:\wamp64\www\lemondeDeLila\backend\src\game\games\vents-dansants\les-absurdissimes\data\absurdissimes-deck.service.ts
  35:52  error  Unsafe member access .message on an `any` value  @typescript-eslint/no-unsafe-member-access

C:\wamp64\www\lemondeDeLila\backend\src\game\games\vents-dansants\les-absurdissimes\presenter\les-absurdissimes-presenter.service.ts
  36:5   error  Unsafe return of a value of type `any`                                                                                @typescript-eslint/no-unsafe-return
  66:29  error  'action.payload?.cardId ?? ''' will use Object's default stringification format ('[object Object]') when stringified  @typescript-eslint/no-base-to-string

C:\wamp64\www\lemondeDeLila\backend\src\game\games\vents-dansants\les-absurdissimes\tests\les-absurdissimes.service.spec.ts
   5:11  error    Unsafe assignment of an `any` value                                                            @typescript-eslint/no-unsafe-assignment
   7:7   warning  Unsafe argument of type `any` assigned to a parameter of type `GameRegistryService`            @typescript-eslint/no-unsafe-argument
   8:7   warning  Unsafe argument of type `any` assigned to a parameter of type `AbsurdissimesSetupService`      @typescript-eslint/no-unsafe-argument
   9:7   warning  Unsafe argument of type `any` assigned to a parameter of type `AbsurdissimesActionService`     @typescript-eslint/no-unsafe-argument
  10:7   warning  Unsafe argument of type `any` assigned to a parameter of type `AbsurdissimesPresenterService`  @typescript-eslint/no-unsafe-argument
  11:7   warning  Unsafe argument of type `any` assigned to a parameter of type `AbsurdissimesBotService`        @typescript-eslint/no-unsafe-argument

C:\wamp64\www\lemondeDeLila\backend\src\game\games\vents-dansants\les-mains-de-la-terre\presenter\les-mains-de-la-terre-presenter.service.ts
  52:5   error  Unsafe return of a value of type `any`                                                                                @typescript-eslint/no-unsafe-return
  78:29  error  'action.payload?.cardId ?? ''' will use Object's default stringification format ('[object Object]') when stringified  @typescript-eslint/no-base-to-string

C:\wamp64\www\lemondeDeLila\backend\src\game\games\vents-dansants\les-mains-de-la-terre\tests\les-mains-de-la-terre-action.service.spec.ts
  14:5   error  Unsafe return of a value of type `any`               @typescript-eslint/no-unsafe-return
  23:11  error  Unsafe assignment of an `any` value                  @typescript-eslint/no-unsafe-assignment
  24:11  error  Unsafe assignment of an `any` value                  @typescript-eslint/no-unsafe-assignment
  24:17  error  Unsafe call of an `any` typed value                  @typescript-eslint/no-unsafe-call
  24:25  error  Unsafe member access .drawOneCard on an `any` value  @typescript-eslint/no-unsafe-member-access
  30:16  error  Unsafe member access .cardId on an `any` value       @typescript-eslint/no-unsafe-member-access
  31:16  error  Unsafe member access .meta on an `any` value         @typescript-eslint/no-unsafe-member-access
  32:16  error  Unsafe member access .meta on an `any` value         @typescript-eslint/no-unsafe-member-access
  36:11  error  Unsafe assignment of an `any` value                  @typescript-eslint/no-unsafe-assignment
  37:11  error  Unsafe assignment of an `any` value                  @typescript-eslint/no-unsafe-assignment
  37:17  error  Unsafe call of an `any` typed value                  @typescript-eslint/no-unsafe-call
  37:25  error  Unsafe member access .drawOneCard on an `any` value  @typescript-eslint/no-unsafe-member-access
  43:16  error  Unsafe member access .cardId on an `any` value       @typescript-eslint/no-unsafe-member-access
  44:30  error  Unsafe member access .meta on an `any` value         @typescript-eslint/no-unsafe-member-access
  45:16  error  Unsafe member access .meta on an `any` value         @typescript-eslint/no-unsafe-member-access

C:\wamp64\www\lemondeDeLila\backend\src\game\games\vents-dansants\les-mains-de-la-terre\tests\les-mains-de-la-terre-bot.service.spec.ts
  6:53  warning  Unsafe argument of type `any` assigned to a parameter of type `BotRunnerService`  @typescript-eslint/no-unsafe-argument

C:\wamp64\www\lemondeDeLila\backend\src\game\games\vents-dansants\les-mains-de-la-terre\tests\les-mains-de-la-terre.service.spec.ts
   5:11  error    Unsafe assignment of an `any` value                                                          @typescript-eslint/no-unsafe-assignment
   7:7   warning  Unsafe argument of type `any` assigned to a parameter of type `GameRegistryService`          @typescript-eslint/no-unsafe-argument
   8:7   warning  Unsafe argument of type `any` assigned to a parameter of type `LesMainsSetupService`         @typescript-eslint/no-unsafe-argument
   9:7   warning  Unsafe argument of type `any` assigned to a parameter of type `LesMainsActionService`        @typescript-eslint/no-unsafe-argument
  10:7   warning  Unsafe argument of type `any` assigned to a parameter of type `LesMainsPresenterService`     @typescript-eslint/no-unsafe-argument
  11:7   warning  Unsafe argument of type `any` assigned to a parameter of type `LesMainsDeLaTerreBotService`  @typescript-eslint/no-unsafe-argument

C:\wamp64\www\lemondeDeLila\backend\src\game\games\vents-dansants\nawak\data\nawak-challenge.service.ts
  66:18  error  Unsafe member access .message on an `any` value  @typescript-eslint/no-unsafe-member-access

C:\wamp64\www\lemondeDeLila\backend\src\game\games\vents-dansants\nawak\presenter\nawak-presenter.service.ts
  32:5  error  Unsafe return of a value of type `any`  @typescript-eslint/no-unsafe-return

C:\wamp64\www\lemondeDeLila\backend\src\game\games\vents-dansants\nawak\tests\nawak-bot.service.spec.ts
  6:41  warning  Unsafe argument of type `any` assigned to a parameter of type `BotRunnerService`  @typescript-eslint/no-unsafe-argument

C:\wamp64\www\lemondeDeLila\backend\src\game\games\vents-dansants\nawak\tests\nawak.service.spec.ts
   5:11  error    Unsafe assignment of an `any` value                                                    @typescript-eslint/no-unsafe-assignment
   7:7   warning  Unsafe argument of type `any` assigned to a parameter of type `GameRegistryService`    @typescript-eslint/no-unsafe-argument
   8:7   warning  Unsafe argument of type `any` assigned to a parameter of type `NawakSetupService`      @typescript-eslint/no-unsafe-argument
   9:7   warning  Unsafe argument of type `any` assigned to a parameter of type `NawakActionService`     @typescript-eslint/no-unsafe-argument
  10:7   warning  Unsafe argument of type `any` assigned to a parameter of type `NawakPresenterService`  @typescript-eslint/no-unsafe-argument
  11:7   warning  Unsafe argument of type `any` assigned to a parameter of type `NawakBotService`        @typescript-eslint/no-unsafe-argument

C:\wamp64\www\lemondeDeLila\backend\src\game\games\vents-dansants\olympia\presenter\olympia-presenter.service.ts
  33:5  error  Unsafe return of a value of type `any`  @typescript-eslint/no-unsafe-return

C:\wamp64\www\lemondeDeLila\backend\src\game\games\vents-dansants\olympia\rulebook\rulebook.ts
  26:15  error  '_' is defined but never used  @typescript-eslint/no-unused-vars

C:\wamp64\www\lemondeDeLila\backend\src\game\games\vents-dansants\pimp-my-ride\presenter\pimp-my-ride-presenter.service.ts
  33:5  error  Unsafe return of a value of type `any`  @typescript-eslint/no-unsafe-return

C:\wamp64\www\lemondeDeLila\backend\src\game\games\vents-dansants\pimp-my-ride\tests\pimp-my-ride.service.spec.ts
   5:11  error    Unsafe assignment of an `any` value                                                         @typescript-eslint/no-unsafe-assignment
   7:7   warning  Unsafe argument of type `any` assigned to a parameter of type `GameRegistryService`         @typescript-eslint/no-unsafe-argument
   8:7   warning  Unsafe argument of type `any` assigned to a parameter of type `PimpMyRideSetupService`      @typescript-eslint/no-unsafe-argument
   9:7   warning  Unsafe argument of type `any` assigned to a parameter of type `PimpMyRideActionService`     @typescript-eslint/no-unsafe-argument
  10:7   warning  Unsafe argument of type `any` assigned to a parameter of type `PimpMyRidePresenterService`  @typescript-eslint/no-unsafe-argument
  11:7   warning  Unsafe argument of type `any` assigned to a parameter of type `PimpMyRideBotService`        @typescript-eslint/no-unsafe-argument

C:\wamp64\www\lemondeDeLila\backend\src\game\games\vents-dansants\zig-et-zag\actions\zig-et-zag-action.service.ts
   66:52  error  Unsafe member access .cardId on an `any` value          @typescript-eslint/no-unsafe-member-access
  649:42  error  Unsafe member access .playerId on an `any` value        @typescript-eslint/no-unsafe-member-access
  651:9   error  Unsafe return of a value of type `any`                  @typescript-eslint/no-unsafe-return
  654:11  error  Unsafe assignment of an `any` value                     @typescript-eslint/no-unsafe-assignment
  654:44  error  Unsafe member access .playedCards on an `any` value     @typescript-eslint/no-unsafe-member-access
  654:64  error  Unsafe member access .playedCards on an `any` value     @typescript-eslint/no-unsafe-member-access
  662:55  error  Unsafe member access .waitingPlayers on an `any` value  @typescript-eslint/no-unsafe-member-access
  663:52  error  Unsafe member access .tiedPlayers on an `any` value     @typescript-eslint/no-unsafe-member-access
  896:11  error  Unsafe assignment of an `any` value                     @typescript-eslint/no-unsafe-assignment
  896:49  error  Unsafe member access .actorId on an `any` value         @typescript-eslint/no-unsafe-member-access

C:\wamp64\www\lemondeDeLila\backend\src\game\games\vents-dansants\zig-et-zag\presenter\zig-et-zag-presenter.service.ts
  65:5   error  Unsafe return of a value of type `any`          @typescript-eslint/no-unsafe-return
  92:54  error  Unsafe member access .cardId on an `any` value  @typescript-eslint/no-unsafe-member-access

C:\wamp64\www\lemondeDeLila\backend\src\game\games\vents-dansants\zig-et-zag\setup\zig-et-zag-setup.service.ts
  63:45  error    Unsafe member access .isBot on an `any` value                           @typescript-eslint/no-unsafe-member-access
  63:69  warning  Unsafe argument of type `any` assigned to a parameter of type `number`  @typescript-eslint/no-unsafe-argument
  63:71  error    Unsafe member access .id on an `any` value                              @typescript-eslint/no-unsafe-member-access
  64:11  error    Unsafe assignment of an `any` value                                     @typescript-eslint/no-unsafe-assignment
  65:34  error    Unsafe member access .id on an `any` value                              @typescript-eslint/no-unsafe-member-access
  66:24  error    Unsafe member access .id on an `any` value                              @typescript-eslint/no-unsafe-member-access

C:\wamp64\www\lemondeDeLila\backend\src\game\games\vents-dansants\zig-et-zag\tests\zig-et-zag.compat.spec.ts
   11:97   error    Async arrow function has no 'await' expression                                         @typescript-eslint/require-await
   54:50   warning  Unsafe argument of type `any` assigned to a parameter of type `GameStateEntity`        @typescript-eslint/no-unsafe-argument
   56:48   error    Unsafe member access .type on an `any` value                                           @typescript-eslint/no-unsafe-member-access
   61:45   warning  Unsafe argument of type `any` assigned to a parameter of type `GameStateEntity`        @typescript-eslint/no-unsafe-argument
   61:52   warning  Unsafe argument of type `any` assigned to a parameter of type `GameSingleActionDto[]`  @typescript-eslint/no-unsafe-argument
   65:19   error    Unsafe member access .metadata on an `any` value                                       @typescript-eslint/no-unsafe-member-access
   65:55   error    Unsafe member access .length on an `any` value                                         @typescript-eslint/no-unsafe-member-access
   68:103  error    Async arrow function has no 'await' expression                                         @typescript-eslint/require-await
   87:53   warning  Unsafe argument of type `any` assigned to a parameter of type `GameStateEntity`        @typescript-eslint/no-unsafe-argument
   88:21   error    Unsafe member access .turn on an `any` value                                           @typescript-eslint/no-unsafe-member-access
   89:11   error    Unsafe assignment of an `any` value                                                    @typescript-eslint/no-unsafe-assignment
   89:22   error    Unsafe call of an `any` typed value                                                    @typescript-eslint/no-unsafe-call
   89:32   error    Unsafe member access .log on an `any` value                                            @typescript-eslint/no-unsafe-member-access
   89:43   error    Unsafe member access .map on an `any` value                                            @typescript-eslint/no-unsafe-member-access
   90:17   error    Unsafe member access .message on an `any` value                                        @typescript-eslint/no-unsafe-member-access
   95:71   error    Async arrow function has no 'await' expression                                         @typescript-eslint/require-await
  138:41   warning  Unsafe argument of type `any` assigned to a parameter of type `GameStateEntity`        @typescript-eslint/no-unsafe-argument
  139:49   warning  Unsafe argument of type `any` assigned to a parameter of type `GameStateEntity`        @typescript-eslint/no-unsafe-argument
  139:56   warning  Unsafe argument of type `any` assigned to a parameter of type `GameSingleActionDto[]`  @typescript-eslint/no-unsafe-argument
  142:23   error    Unsafe member access .metadata on an `any` value                                       @typescript-eslint/no-unsafe-member-access
  142:59   error    Unsafe member access .length on an `any` value                                         @typescript-eslint/no-unsafe-member-access
  144:47   warning  Unsafe argument of type `any` assigned to a parameter of type `GameStateEntity`        @typescript-eslint/no-unsafe-argument
  144:54   warning  Unsafe argument of type `any` assigned to a parameter of type `GameSingleActionDto[]`  @typescript-eslint/no-unsafe-argument
  147:21   error    Unsafe member access .metadata on an `any` value                                       @typescript-eslint/no-unsafe-member-access
  147:57   error    Unsafe member access .length on an `any` value                                         @typescript-eslint/no-unsafe-member-access
  148:11   error    Unsafe assignment of an `any` value                                                    @typescript-eslint/no-unsafe-assignment
  148:29   error    Unsafe call of an `any` typed value                                                    @typescript-eslint/no-unsafe-call
  148:38   error    Unsafe member access .log on an `any` value                                            @typescript-eslint/no-unsafe-member-access
  148:49   error    Unsafe member access .map on an `any` value                                            @typescript-eslint/no-unsafe-member-access
  149:19   error    Unsafe return of a value of type `any`                                                 @typescript-eslint/no-unsafe-return
  149:22   error    Unsafe member access .message on an `any` value                                        @typescript-eslint/no-unsafe-member-access
  153:20   error    Unsafe member access .metadata on an `any` value                                       @typescript-eslint/no-unsafe-member-access
  155:47   warning  Unsafe argument of type `any` assigned to a parameter of type `GameStateEntity`        @typescript-eslint/no-unsafe-argument
  155:56   warning  Unsafe argument of type `any` assigned to a parameter of type `GameSingleActionDto[]`  @typescript-eslint/no-unsafe-argument
  158:11   error    Unsafe assignment of an `any` value                                                    @typescript-eslint/no-unsafe-assignment
  158:29   error    Unsafe call of an `any` typed value                                                    @typescript-eslint/no-unsafe-call
  158:38   error    Unsafe member access .log on an `any` value                                            @typescript-eslint/no-unsafe-member-access
  158:49   error    Unsafe member access .map on an `any` value                                            @typescript-eslint/no-unsafe-member-access
  159:19   error    Unsafe return of a value of type `any`                                                 @typescript-eslint/no-unsafe-return
  159:22   error    Unsafe member access .message on an `any` value                                        @typescript-eslint/no-unsafe-member-access
  164:93   error    Async arrow function has no 'await' expression                                         @typescript-eslint/require-await
  209:47   warning  Unsafe argument of type `any` assigned to a parameter of type `GameStateEntity`        @typescript-eslint/no-unsafe-argument
  209:54   warning  Unsafe argument of type `any` assigned to a parameter of type `GameSingleActionDto[]`  @typescript-eslint/no-unsafe-argument
  216:47   warning  Unsafe argument of type `any` assigned to a parameter of type `GameStateEntity`        @typescript-eslint/no-unsafe-argument
  216:56   warning  Unsafe argument of type `any` assigned to a parameter of type `GameSingleActionDto[]`  @typescript-eslint/no-unsafe-argument
  224:21   error    Unsafe member access .metadata on an `any` value                                       @typescript-eslint/no-unsafe-member-access
  224:57   error    Unsafe member access .length on an `any` value                                         @typescript-eslint/no-unsafe-member-access
  225:21   error    Unsafe member access .metadata on an `any` value                                       @typescript-eslint/no-unsafe-member-access
  225:57   error    Unsafe member access .length on an `any` value                                         @typescript-eslint/no-unsafe-member-access

C:\wamp64\www\lemondeDeLila\backend\src\game\games\vents-dansants\zig-et-zag\tests\zig-et-zag.service.spec.ts
   5:11  error    Unsafe assignment of an `any` value                                                       @typescript-eslint/no-unsafe-assignment
   7:7   warning  Unsafe argument of type `any` assigned to a parameter of type `GameRegistryService`       @typescript-eslint/no-unsafe-argument
   8:7   warning  Unsafe argument of type `any` assigned to a parameter of type `ZigEtZagSetupService`      @typescript-eslint/no-unsafe-argument
   9:7   warning  Unsafe argument of type `any` assigned to a parameter of type `ZigEtZagActionService`     @typescript-eslint/no-unsafe-argument
  10:7   warning  Unsafe argument of type `any` assigned to a parameter of type `ZigEtZagPresenterService`  @typescript-eslint/no-unsafe-argument
  11:7   warning  Unsafe argument of type `any` assigned to a parameter of type `ZigEtZagBotService`        @typescript-eslint/no-unsafe-argument

C:\wamp64\www\lemondeDeLila\backend\src\game\games\vents-dansants\zig-et-zag\tests\zig-et-zag.shortcuts.spec.ts
  14:14  error  Unsafe member access .type on an `any` value        @typescript-eslint/no-unsafe-member-access
  15:21  error  Unsafe member access .actionType on an `any` value  @typescript-eslint/no-unsafe-member-access
  16:21  error  Unsafe member access .key on an `any` value         @typescript-eslint/no-unsafe-member-access
  22:14  error  Unsafe member access .type on an `any` value        @typescript-eslint/no-unsafe-member-access
  23:21  error  Unsafe member access .id on an `any` value          @typescript-eslint/no-unsafe-member-access
  24:21  error  Unsafe member access .key on an `any` value         @typescript-eslint/no-unsafe-member-access

C:\wamp64\www\lemondeDeLila\backend\src\game\games\vents-infinis\arche-de-mnemosyne\arche-de-mnemosyne.service.ts
    83:11  error    Unsafe assignment of an `any` value                                                                  @typescript-eslint/no-unsafe-assignment
    84:11  error    Unsafe assignment of an `any` value                                                                  @typescript-eslint/no-unsafe-assignment
    88:27  error    Unsafe member access .roomOwnerId on an `any` value                                                  @typescript-eslint/no-unsafe-member-access
    88:53  error    Unsafe return of a value of type `any`                                                               @typescript-eslint/no-unsafe-return
    88:69  error    Unsafe member access .roomOwnerId on an `any` value                                                  @typescript-eslint/no-unsafe-member-access
    89:27  error    Unsafe member access .ownerPlayerId on an `any` value                                                @typescript-eslint/no-unsafe-member-access
    90:9   error    Unsafe return of a value of type `any`                                                               @typescript-eslint/no-unsafe-return
    90:25  error    Unsafe member access .ownerPlayerId on an `any` value                                                @typescript-eslint/no-unsafe-member-access
    92:61  error    Unsafe member access .isBot on an `any` value                                                        @typescript-eslint/no-unsafe-member-access
   108:7   error    Unsafe assignment of an `any` value                                                                  @typescript-eslint/no-unsafe-assignment
   110:41  error    Unsafe member access .rng on an `any` value                                                          @typescript-eslint/no-unsafe-member-access
   112:7   error    Unsafe assignment of an `any` value                                                                  @typescript-eslint/no-unsafe-assignment
   115:7   error    Unsafe assignment of an `any` value                                                                  @typescript-eslint/no-unsafe-assignment
   115:71  error    Unsafe member access .id on an `any` value                                                           @typescript-eslint/no-unsafe-member-access
   122:7   error    Unsafe assignment of an `any` value                                                                  @typescript-eslint/no-unsafe-assignment
   127:35  error    Unsafe member access .id on an `any` value                                                           @typescript-eslint/no-unsafe-member-access
   179:43  error    Unsafe member access .meta on an `any` value                                                         @typescript-eslint/no-unsafe-member-access
   226:40  error    Unsafe member access .id on an `any` value                                                           @typescript-eslint/no-unsafe-member-access
   232:13  error    Unsafe assignment of an `any` value                                                                  @typescript-eslint/no-unsafe-assignment
   233:30  error    Unsafe member access .quizDeadlineAtMs on an `any` value                                             @typescript-eslint/no-unsafe-member-access
   234:27  error    Unsafe member access .quizDeadlineAtMs on an `any` value                                             @typescript-eslint/no-unsafe-member-access
   239:49  error    Unsafe member access [actorId] on an `any` value                                                     @typescript-eslint/no-unsafe-member-access
   242:51  error    Unsafe member access .answerIndex on an `any` value                                                  @typescript-eslint/no-unsafe-member-access
   269:15  error    Unsafe assignment of an `any` value                                                                  @typescript-eslint/no-unsafe-assignment
   270:32  error    Unsafe member access .promptOwnerId on an `any` value                                                @typescript-eslint/no-unsafe-member-access
   271:29  error    Unsafe member access .promptOwnerId on an `any` value                                                @typescript-eslint/no-unsafe-member-access
   293:34  error    Unsafe member access .started on an `any` value                                                      @typescript-eslint/no-unsafe-member-access
   307:11  error    Unsafe assignment of an `any` value                                                                  @typescript-eslint/no-unsafe-assignment
   307:36  error    '_quizAnswersByPlayerId' is assigned a value but never used                                          @typescript-eslint/no-unused-vars
   309:11  error    Unsafe assignment of an `any` value                                                                  @typescript-eslint/no-unsafe-assignment
   318:57  error    Unsafe member access .id on an `any` value                                                           @typescript-eslint/no-unsafe-member-access
   320:22  error    Unsafe member access .id on an `any` value                                                           @typescript-eslint/no-unsafe-member-access
   321:24  error    Unsafe member access .username on an `any` value                                                     @typescript-eslint/no-unsafe-member-access
   321:42  error    Unsafe member access .id on an `any` value                                                           @typescript-eslint/no-unsafe-member-access
   322:48  error    Unsafe member access .id on an `any` value                                                           @typescript-eslint/no-unsafe-member-access
   330:11  error    Unsafe assignment of an `any` value                                                                  @typescript-eslint/no-unsafe-assignment
   343:16  error    Unsafe member access .adminView on an `any` value                                                    @typescript-eslint/no-unsafe-member-access
   344:16  error    Unsafe member access .prompt on an `any` value                                                       @typescript-eslint/no-unsafe-member-access
   345:16  error    Unsafe member access .promptOwnerId on an `any` value                                                @typescript-eslint/no-unsafe-member-access
   348:5   error    Unsafe return of a value of type `any`                                                               @typescript-eslint/no-unsafe-return
   352:7   error    Unsafe assignment of an `any` value                                                                  @typescript-eslint/no-unsafe-assignment
   353:7   error    Unsafe assignment of an `any` value                                                                  @typescript-eslint/no-unsafe-assignment
   354:28  error    Unsafe member access .extras on an `any` value                                                       @typescript-eslint/no-unsafe-member-access
   356:31  error    Unsafe member access .extras on an `any` value                                                       @typescript-eslint/no-unsafe-member-access
   356:46  error    Unsafe member access .ui on an `any` value                                                           @typescript-eslint/no-unsafe-member-access
   357:11  error    Unsafe assignment of an `any` value                                                                  @typescript-eslint/no-unsafe-assignment
   358:33  error    Unsafe member access .extras on an `any` value                                                       @typescript-eslint/no-unsafe-member-access
   358:48  error    Unsafe member access .ui on an `any` value                                                           @typescript-eslint/no-unsafe-member-access
   376:13  error    Unsafe assignment of an `any` value                                                                  @typescript-eslint/no-unsafe-assignment
   377:30  error    Unsafe member access .quizDeadlineAtMs on an `any` value                                             @typescript-eslint/no-unsafe-member-access
   378:27  error    Unsafe member access .quizDeadlineAtMs on an `any` value                                             @typescript-eslint/no-unsafe-member-access
   381:15  error    Unsafe assignment of an `any` value                                                                  @typescript-eslint/no-unsafe-assignment
   382:32  error    Unsafe member access .interQuestionUntilMs on an `any` value                                         @typescript-eslint/no-unsafe-member-access
   383:29  error    Unsafe member access .interQuestionUntilMs on an `any` value                                         @typescript-eslint/no-unsafe-member-access
   398:36  error    Unsafe member access .id on an `any` value                                                           @typescript-eslint/no-unsafe-member-access
   419:13  error    Unsafe assignment of an `any` value                                                                  @typescript-eslint/no-unsafe-assignment
   419:40  error    Unsafe member access .meta on an `any` value                                                         @typescript-eslint/no-unsafe-member-access
   420:37  warning  Unsafe argument of type `any` assigned to a parameter of type `number | null`                        @typescript-eslint/no-unsafe-argument
   426:38  error    Unsafe assignment of an `any` value                                                                  @typescript-eslint/no-unsafe-assignment
   431:13  error    Unsafe assignment of an `any` value                                                                  @typescript-eslint/no-unsafe-assignment
   431:40  error    Unsafe member access .meta on an `any` value                                                         @typescript-eslint/no-unsafe-member-access
   432:13  error    Unsafe assignment of an `any` value                                                                  @typescript-eslint/no-unsafe-assignment
   433:30  error    Unsafe member access .promptOwnerId on an `any` value                                                @typescript-eslint/no-unsafe-member-access
   434:27  error    Unsafe member access .promptOwnerId on an `any` value                                                @typescript-eslint/no-unsafe-member-access
   440:17  error    Unsafe member access .correctSoloPoints on an `any` value                                            @typescript-eslint/no-unsafe-member-access
   446:17  error    Unsafe member access .correctMultiPoints on an `any` value                                           @typescript-eslint/no-unsafe-member-access
   452:17  error    Unsafe member access .wrongPoints on an `any` value                                                  @typescript-eslint/no-unsafe-member-access
   458:17  error    Unsafe member access .timeoutPoints on an `any` value                                                @typescript-eslint/no-unsafe-member-access
   465:38  error    Unsafe member access .targetPoints on an `any` value                                                 @typescript-eslint/no-unsafe-member-access
   469:38  error    Unsafe member access .timerSeconds on an `any` value                                                 @typescript-eslint/no-unsafe-member-access
   471:47  error    Unsafe member access .useTimer on an `any` value                                                     @typescript-eslint/no-unsafe-member-access
   477:19  error    Unsafe member access .interQuestionSeconds on an `any` value                                         @typescript-eslint/no-unsafe-member-access
   502:13  error    Unsafe assignment of an `any` value                                                                  @typescript-eslint/no-unsafe-assignment
   503:24  error    Unsafe member access .categoryId on an `any` value                                                   @typescript-eslint/no-unsafe-member-access
   504:13  error    Unsafe call of an `any` typed value                                                                  @typescript-eslint/no-unsafe-call
   504:21  error    Unsafe member access .categoryId on an `any` value                                                   @typescript-eslint/no-unsafe-member-access
   506:13  error    Unsafe assignment of an `any` value                                                                  @typescript-eslint/no-unsafe-assignment
   506:49  error    Unsafe member access .length on an `any` value                                                       @typescript-eslint/no-unsafe-member-access
   508:13  error    Unsafe assignment of an `any` value                                                                  @typescript-eslint/no-unsafe-assignment
   508:40  error    Unsafe member access .meta on an `any` value                                                         @typescript-eslint/no-unsafe-member-access
   511:9   error    Unsafe assignment of an `any` value                                                                  @typescript-eslint/no-unsafe-assignment
   522:15  error    Unsafe assignment of an `any` value                                                                  @typescript-eslint/no-unsafe-assignment
   527:50  warning  Unsafe argument of type `any` assigned to a parameter of type `number`                               @typescript-eslint/no-unsafe-argument
   538:13  error    Unsafe assignment of an `any` value                                                                  @typescript-eslint/no-unsafe-assignment
   538:40  error    Unsafe member access .meta on an `any` value                                                         @typescript-eslint/no-unsafe-member-access
   540:13  error    Unsafe assignment of an `any` value                                                                  @typescript-eslint/no-unsafe-assignment
   541:30  error    Unsafe member access .interQuestionUntilMs on an `any` value                                         @typescript-eslint/no-unsafe-member-access
   542:27  error    Unsafe member access .interQuestionUntilMs on an `any` value                                         @typescript-eslint/no-unsafe-member-access
   553:42  error    Unsafe assignment of an `any` value                                                                  @typescript-eslint/no-unsafe-assignment
   562:13  error    Unsafe assignment of an `any` value                                                                  @typescript-eslint/no-unsafe-assignment
   562:40  error    Unsafe member access .meta on an `any` value                                                         @typescript-eslint/no-unsafe-member-access
   564:42  error    Unsafe member access .answerIndex on an `any` value                                                  @typescript-eslint/no-unsafe-member-access
   567:13  error    Unsafe assignment of an `any` value                                                                  @typescript-eslint/no-unsafe-assignment
   568:19  error    Unsafe member access [actorId] on an `any` value                                                     @typescript-eslint/no-unsafe-member-access
   568:19  error    Computed name [actorId] resolves to an `any` value                                                   @typescript-eslint/no-unsafe-member-access
   570:15  error    Unsafe member access [actorId] on an `any` value                                                     @typescript-eslint/no-unsafe-member-access
   570:15  error    Computed name [actorId] resolves to an `any` value                                                   @typescript-eslint/no-unsafe-member-access
   576:30  error    Unsafe assignment of an `any` value                                                                  @typescript-eslint/no-unsafe-assignment
   580:30  warning  Unsafe argument of type `any` assigned to a parameter of type `number | null`                        @typescript-eslint/no-unsafe-argument
   580:47  error    Unsafe member access .meta on an `any` value                                                         @typescript-eslint/no-unsafe-member-access
   593:34  error    Unsafe member access .status on an `any` value                                                       @typescript-eslint/no-unsafe-member-access
   594:13  error    Unsafe assignment of an `any` value                                                                  @typescript-eslint/no-unsafe-assignment
   605:47  error    Unsafe assignment of an `any` value                                                                  @typescript-eslint/no-unsafe-assignment
   630:50  error    Unsafe member access .name on an `any` value                                                         @typescript-eslint/no-unsafe-member-access
   644:41  error    Unsafe member access .categoryId on an `any` value                                                   @typescript-eslint/no-unsafe-member-access
   670:67  error    Unsafe member access .name on an `any` value                                                         @typescript-eslint/no-unsafe-member-access
   684:41  error    Unsafe member access .categoryId on an `any` value                                                   @typescript-eslint/no-unsafe-member-access
   704:41  error    Unsafe member access .categoryId on an `any` value                                                   @typescript-eslint/no-unsafe-member-access
   718:41  error    Unsafe member access .categoryId on an `any` value                                                   @typescript-eslint/no-unsafe-member-access
   770:11  error    Unsafe assignment of an `any` value                                                                  @typescript-eslint/no-unsafe-assignment
   770:29  error    Unsafe member access .question on an `any` value                                                     @typescript-eslint/no-unsafe-member-access
   771:11  error    Unsafe assignment of an `any` value                                                                  @typescript-eslint/no-unsafe-assignment
   771:28  error    Unsafe member access .correct on an `any` value                                                      @typescript-eslint/no-unsafe-member-access
   772:11  error    Unsafe assignment of an `any` value                                                                  @typescript-eslint/no-unsafe-assignment
   772:27  error    Unsafe member access .wrong1 on an `any` value                                                       @typescript-eslint/no-unsafe-member-access
   773:11  error    Unsafe assignment of an `any` value                                                                  @typescript-eslint/no-unsafe-assignment
   773:27  error    Unsafe member access .wrong2 on an `any` value                                                       @typescript-eslint/no-unsafe-member-access
   774:11  error    Unsafe assignment of an `any` value                                                                  @typescript-eslint/no-unsafe-assignment
   774:27  error    Unsafe member access .wrong3 on an `any` value                                                       @typescript-eslint/no-unsafe-member-access
   790:41  error    Unsafe member access .categoryId on an `any` value                                                   @typescript-eslint/no-unsafe-member-access
   791:51  error    Unsafe member access .status on an `any` value                                                       @typescript-eslint/no-unsafe-member-access
   803:41  error    Unsafe member access .questionId on an `any` value                                                   @typescript-eslint/no-unsafe-member-access
   804:41  error    Unsafe member access .categoryId on an `any` value                                                   @typescript-eslint/no-unsafe-member-access
   816:41  error    Unsafe member access .questionId on an `any` value                                                   @typescript-eslint/no-unsafe-member-access
   817:51  error    Unsafe member access .status on an `any` value                                                       @typescript-eslint/no-unsafe-member-access
   833:41  error    Unsafe member access .questionId on an `any` value                                                   @typescript-eslint/no-unsafe-member-access
   884:41  error    Unsafe member access .questionId on an `any` value                                                   @typescript-eslint/no-unsafe-member-access
   887:11  error    Unsafe assignment of an `any` value                                                                  @typescript-eslint/no-unsafe-assignment
   887:29  error    Unsafe member access .question on an `any` value                                                     @typescript-eslint/no-unsafe-member-access
   888:11  error    Unsafe assignment of an `any` value                                                                  @typescript-eslint/no-unsafe-assignment
   888:28  error    Unsafe member access .correct on an `any` value                                                      @typescript-eslint/no-unsafe-member-access
   889:11  error    Unsafe assignment of an `any` value                                                                  @typescript-eslint/no-unsafe-assignment
   889:27  error    Unsafe member access .wrong1 on an `any` value                                                       @typescript-eslint/no-unsafe-member-access
   890:11  error    Unsafe assignment of an `any` value                                                                  @typescript-eslint/no-unsafe-assignment
   890:27  error    Unsafe member access .wrong2 on an `any` value                                                       @typescript-eslint/no-unsafe-member-access
   891:11  error    Unsafe assignment of an `any` value                                                                  @typescript-eslint/no-unsafe-assignment
   891:27  error    Unsafe member access .wrong3 on an `any` value                                                       @typescript-eslint/no-unsafe-member-access
   906:13  error    Unsafe assignment of an `any` value                                                                  @typescript-eslint/no-unsafe-assignment
   906:40  error    Unsafe member access .meta on an `any` value                                                         @typescript-eslint/no-unsafe-member-access
   908:42  error    Unsafe member access .answerIndex on an `any` value                                                  @typescript-eslint/no-unsafe-member-access
   911:13  error    Unsafe assignment of an `any` value                                                                  @typescript-eslint/no-unsafe-assignment
   912:19  error    Unsafe member access [actorId] on an `any` value                                                     @typescript-eslint/no-unsafe-member-access
   912:19  error    Computed name [actorId] resolves to an `any` value                                                   @typescript-eslint/no-unsafe-member-access
   914:15  error    Unsafe member access [actorId] on an `any` value                                                     @typescript-eslint/no-unsafe-member-access
   914:15  error    Computed name [actorId] resolves to an `any` value                                                   @typescript-eslint/no-unsafe-member-access
   918:30  error    Unsafe assignment of an `any` value                                                                  @typescript-eslint/no-unsafe-assignment
   975:52  error    Unsafe member access .round on an `any` value                                                        @typescript-eslint/no-unsafe-member-access
   983:34  error    Unsafe member access .id on an `any` value                                                           @typescript-eslint/no-unsafe-member-access
  1261:14  error    'value ?? ''' will use Object's default stringification format ('[object Object]') when stringified  @typescript-eslint/no-base-to-string
  1296:7   error    Unsafe assignment of an `any` value                                                                  @typescript-eslint/no-unsafe-assignment
  1315:5   error    Unsafe assignment of an `any` value                                                                  @typescript-eslint/no-unsafe-assignment
  1359:15  error    Unsafe assignment of an `any` value                                                                  @typescript-eslint/no-unsafe-assignment
  1360:32  error    Unsafe member access .promptOwnerId on an `any` value                                                @typescript-eslint/no-unsafe-member-access
  1361:29  error    Unsafe member access .promptOwnerId on an `any` value                                                @typescript-eslint/no-unsafe-member-access
  1364:11  error    Unsafe return of a value of type `any[]`                                                             @typescript-eslint/no-unsafe-return
  1374:7   error    Unsafe return of a value of type `any[]`                                                             @typescript-eslint/no-unsafe-return
  1379:7   error    Unsafe return of a value of type `any[]`                                                             @typescript-eslint/no-unsafe-return
  1383:11  error    Unsafe assignment of an `any` value                                                                  @typescript-eslint/no-unsafe-assignment
  1383:45  error    Unsafe member access .id on an `any` value                                                           @typescript-eslint/no-unsafe-member-access
  1384:15  error    Unsafe member access .isBot on an `any` value                                                        @typescript-eslint/no-unsafe-member-access
  1399:5   error    Unsafe return of a value of type `any[]`                                                             @typescript-eslint/no-unsafe-return
  1432:13  error    Unsafe assignment of an `any` value                                                                  @typescript-eslint/no-unsafe-assignment
  1433:30  error    Unsafe member access .promptOwnerId on an `any` value                                                @typescript-eslint/no-unsafe-member-access
  1434:27  error    Unsafe member access .promptOwnerId on an `any` value                                                @typescript-eslint/no-unsafe-member-access
  1440:41  error    Unsafe member access .id on an `any` value                                                           @typescript-eslint/no-unsafe-member-access
  1444:15  error    Unsafe assignment of an `any` value                                                                  @typescript-eslint/no-unsafe-assignment
  1456:39  error    Unsafe member access .id on an `any` value                                                           @typescript-eslint/no-unsafe-member-access
  1464:13  error    Unsafe assignment of an `any` value                                                                  @typescript-eslint/no-unsafe-assignment
  1477:39  error    Unsafe member access .id on an `any` value                                                           @typescript-eslint/no-unsafe-member-access
  1478:15  error    Unsafe assignment of an `any` value                                                                  @typescript-eslint/no-unsafe-assignment
  1479:32  error    Unsafe member access .interQuestionUntilMs on an `any` value                                         @typescript-eslint/no-unsafe-member-access
  1480:29  error    Unsafe member access .interQuestionUntilMs on an `any` value                                         @typescript-eslint/no-unsafe-member-access
  1492:13  error    Unsafe assignment of an `any` value                                                                  @typescript-eslint/no-unsafe-assignment
  1507:32  error    Unsafe member access .isBot on an `any` value                                                        @typescript-eslint/no-unsafe-member-access
  1508:36  error    Unsafe member access .id on an `any` value                                                           @typescript-eslint/no-unsafe-member-access
  1519:9   error    Unsafe assignment of an `any` value                                                                  @typescript-eslint/no-unsafe-assignment
  1530:11  error    Unsafe assignment of an `any` value                                                                  @typescript-eslint/no-unsafe-assignment
  1531:11  error    Unsafe assignment of an `any` value                                                                  @typescript-eslint/no-unsafe-assignment
  1532:28  error    Unsafe member access .interQuestionUntilMs on an `any` value                                         @typescript-eslint/no-unsafe-member-access
  1533:25  error    Unsafe member access .interQuestionUntilMs on an `any` value                                         @typescript-eslint/no-unsafe-member-access
  1541:21  error    Unsafe member access .type on an `any` value                                                         @typescript-eslint/no-unsafe-member-access
  1542:20  error    Unsafe member access .playerId on an `any` value                                                     @typescript-eslint/no-unsafe-member-access
  1551:11  error    Unsafe assignment of an `any` value                                                                  @typescript-eslint/no-unsafe-assignment
  1552:28  error    Unsafe member access .promptOwnerId on an `any` value                                                @typescript-eslint/no-unsafe-member-access
  1553:25  error    Unsafe member access .promptOwnerId on an `any` value                                                @typescript-eslint/no-unsafe-member-access
  1599:45  error    Unsafe member access [userId] on an `any` value                                                      @typescript-eslint/no-unsafe-member-access
  1607:9   error    Unsafe assignment of an `any` value                                                                  @typescript-eslint/no-unsafe-assignment
  1608:32  error    Unsafe member access .quizDeadlineAtMs on an `any` value                                             @typescript-eslint/no-unsafe-member-access
  1609:29  error    Unsafe member access .quizDeadlineAtMs on an `any` value                                             @typescript-eslint/no-unsafe-member-access
  1668:13  error    Unsafe assignment of an `any` value                                                                  @typescript-eslint/no-unsafe-assignment
  1668:42  error    Unsafe member access .status on an `any` value                                                       @typescript-eslint/no-unsafe-member-access
  1765:11  error    Unsafe assignment of an `any` value                                                                  @typescript-eslint/no-unsafe-assignment
  1766:28  error    Unsafe member access .promptOwnerId on an `any` value                                                @typescript-eslint/no-unsafe-member-access
  1767:25  error    Unsafe member access .promptOwnerId on an `any` value                                                @typescript-eslint/no-unsafe-member-access
  1777:61  error    Unsafe member access .actionType on an `any` value                                                   @typescript-eslint/no-unsafe-member-access
  1784:31  error    Unsafe member access .cancelActionType on an `any` value                                             @typescript-eslint/no-unsafe-member-access
  1794:45  error    Unsafe member access [userId] on an `any` value                                                      @typescript-eslint/no-unsafe-member-access
  1848:13  error    Unsafe assignment of an `any` value                                                                  @typescript-eslint/no-unsafe-assignment
  1848:42  error    Unsafe member access .status on an `any` value                                                       @typescript-eslint/no-unsafe-member-access
  2010:48  error    Unsafe member access .correctSoloPoints on an `any` value                                            @typescript-eslint/no-unsafe-member-access
  2017:48  error    Unsafe member access .correctMultiPoints on an `any` value                                           @typescript-eslint/no-unsafe-member-access
  2023:48  error    Unsafe member access .wrongPoints on an `any` value                                                  @typescript-eslint/no-unsafe-member-access
  2029:48  error    Unsafe member access .timeoutPoints on an `any` value                                                @typescript-eslint/no-unsafe-member-access
  2053:48  error    Unsafe member access .interQuestionSeconds on an `any` value                                         @typescript-eslint/no-unsafe-member-access
  2084:11  error    Unsafe assignment of an `any` value                                                                  @typescript-eslint/no-unsafe-assignment
  2085:11  error    Unsafe assignment of an `any` value                                                                  @typescript-eslint/no-unsafe-assignment
  2086:20  error    Unsafe member access .ownerPlayerId on an `any` value                                                @typescript-eslint/no-unsafe-member-access
  2086:54  error    Unsafe member access .ownerPlayerId on an `any` value                                                @typescript-eslint/no-unsafe-member-access
  2110:11  error    Unsafe assignment of an `any` value                                                                  @typescript-eslint/no-unsafe-assignment
  2115:11  error    Unsafe assignment of an `any` value                                                                  @typescript-eslint/no-unsafe-assignment
  2116:12  error    Unsafe member access .adminView on an `any` value                                                    @typescript-eslint/no-unsafe-member-access
  2117:18  error    Unsafe member access .adminView on an `any` value                                                    @typescript-eslint/no-unsafe-member-access
  2118:18  error    Unsafe member access .adminView on an `any` value                                                    @typescript-eslint/no-unsafe-member-access
  2119:15  error    Unsafe member access .adminView on an `any` value                                                    @typescript-eslint/no-unsafe-member-access
  2123:11  error    Unsafe assignment of an `any` value                                                                  @typescript-eslint/no-unsafe-assignment
  2124:12  error    Unsafe member access .config on an `any` value                                                       @typescript-eslint/no-unsafe-member-access
  2124:33  error    Unsafe member access .config on an `any` value                                                       @typescript-eslint/no-unsafe-member-access
  2125:15  error    Unsafe member access .config on an `any` value                                                       @typescript-eslint/no-unsafe-member-access
  2137:5   error    Unsafe return of a value of type `any`                                                               @typescript-eslint/no-unsafe-return
  2137:22  error    Unsafe assignment of an `any` value                                                                  @typescript-eslint/no-unsafe-assignment
  2137:33  error    Unsafe assignment of an `any` value                                                                  @typescript-eslint/no-unsafe-assignment

C:\wamp64\www\lemondeDeLila\backend\src\game\games\vents-infinis\arche-de-mnemosyne\tests\arche-de-mnemosyne.prompt-actions.spec.ts
    7:7   warning  Unsafe argument of type `any` assigned to a parameter of type `GameRegistryService`      @typescript-eslint/no-unsafe-argument
    8:7   warning  Unsafe argument of type `any` assigned to a parameter of type `GameCoreService`          @typescript-eslint/no-unsafe-argument
    8:32  error    Unsafe return of a value of type `any`                                                   @typescript-eslint/no-unsafe-return
    9:7   warning  Unsafe argument of type `any` assigned to a parameter of type `TurnFlowService`          @typescript-eslint/no-unsafe-argument
   10:7   warning  Unsafe argument of type `any` assigned to a parameter of type `MnemoQuizStoreService`    @typescript-eslint/no-unsafe-argument
   11:7   warning  Unsafe argument of type `any` assigned to a parameter of type `RandomService`            @typescript-eslint/no-unsafe-argument
   28:24  error    Unsafe return of a value of type `any`                                                   @typescript-eslint/no-unsafe-return
   28:26  error    Unsafe member access .type on an `any` value                                             @typescript-eslint/no-unsafe-member-access
   36:7   warning  Unsafe argument of type `any` assigned to a parameter of type `GameRegistryService`      @typescript-eslint/no-unsafe-argument
   37:7   warning  Unsafe argument of type `any` assigned to a parameter of type `GameCoreService`          @typescript-eslint/no-unsafe-argument
   37:32  error    Unsafe return of a value of type `any`                                                   @typescript-eslint/no-unsafe-return
   38:7   warning  Unsafe argument of type `any` assigned to a parameter of type `TurnFlowService`          @typescript-eslint/no-unsafe-argument
   39:7   warning  Unsafe argument of type `any` assigned to a parameter of type `MnemoQuizStoreService`    @typescript-eslint/no-unsafe-argument
   43:7   warning  Unsafe argument of type `any` assigned to a parameter of type `RandomService`            @typescript-eslint/no-unsafe-argument
   65:11  error    Unsafe assignment of an `any` value                                                      @typescript-eslint/no-unsafe-assignment
   67:7   warning  Unsafe argument of type `any` assigned to a parameter of type `GameSingleActionDto`      @typescript-eslint/no-unsafe-argument
   73:53  warning  Unsafe argument of type `any[]` assigned to a parameter of type `GameSingleActionDto[]`  @typescript-eslint/no-unsafe-argument
   79:24  error    Unsafe return of a value of type `any`                                                   @typescript-eslint/no-unsafe-return
   79:26  error    Unsafe member access .type on an `any` value                                             @typescript-eslint/no-unsafe-member-access
   85:9   warning  Unsafe argument of type `any` assigned to a parameter of type `GameSingleActionDto`      @typescript-eslint/no-unsafe-argument
   93:7   warning  Unsafe argument of type `any` assigned to a parameter of type `GameRegistryService`      @typescript-eslint/no-unsafe-argument
   94:7   warning  Unsafe argument of type `any` assigned to a parameter of type `GameCoreService`          @typescript-eslint/no-unsafe-argument
   94:32  error    Unsafe return of a value of type `any`                                                   @typescript-eslint/no-unsafe-return
   95:7   warning  Unsafe argument of type `any` assigned to a parameter of type `TurnFlowService`          @typescript-eslint/no-unsafe-argument
   96:7   warning  Unsafe argument of type `any` assigned to a parameter of type `MnemoQuizStoreService`    @typescript-eslint/no-unsafe-argument
   97:7   warning  Unsafe argument of type `any` assigned to a parameter of type `RandomService`            @typescript-eslint/no-unsafe-argument
  116:28  error    Unsafe member access .pending on an `any` value                                          @typescript-eslint/no-unsafe-member-access
  117:28  error    Unsafe member access .pending on an `any` value                                          @typescript-eslint/no-unsafe-member-access
  124:7   warning  Unsafe argument of type `any` assigned to a parameter of type `GameRegistryService`      @typescript-eslint/no-unsafe-argument
  125:7   warning  Unsafe argument of type `any` assigned to a parameter of type `GameCoreService`          @typescript-eslint/no-unsafe-argument
  125:32  error    Unsafe return of a value of type `any`                                                   @typescript-eslint/no-unsafe-return
  126:7   warning  Unsafe argument of type `any` assigned to a parameter of type `TurnFlowService`          @typescript-eslint/no-unsafe-argument
  127:7   warning  Unsafe argument of type `any` assigned to a parameter of type `MnemoQuizStoreService`    @typescript-eslint/no-unsafe-argument
  128:7   warning  Unsafe argument of type `any` assigned to a parameter of type `RandomService`            @typescript-eslint/no-unsafe-argument
  159:7   warning  Unsafe argument of type `any` assigned to a parameter of type `GameStateEntity`          @typescript-eslint/no-unsafe-argument
  163:7   warning  Unsafe argument of type `any` assigned to a parameter of type `GameStateEntity`          @typescript-eslint/no-unsafe-argument
  170:52  error    Unsafe member access .payload on an `any` value                                          @typescript-eslint/no-unsafe-member-access
  173:52  error    Unsafe member access .payload on an `any` value                                          @typescript-eslint/no-unsafe-member-access
  176:35  error    Unsafe member access .payload on an `any` value                                          @typescript-eslint/no-unsafe-member-access
  179:35  error    Unsafe member access .payload on an `any` value                                          @typescript-eslint/no-unsafe-member-access
  180:35  error    Unsafe member access .payload on an `any` value                                          @typescript-eslint/no-unsafe-member-access
  183:35  error    Unsafe member access .payload on an `any` value                                          @typescript-eslint/no-unsafe-member-access
  188:7   warning  Unsafe argument of type `any` assigned to a parameter of type `GameRegistryService`      @typescript-eslint/no-unsafe-argument
  189:7   warning  Unsafe argument of type `any` assigned to a parameter of type `GameCoreService`          @typescript-eslint/no-unsafe-argument
  189:32  error    Unsafe return of a value of type `any`                                                   @typescript-eslint/no-unsafe-return
  190:7   warning  Unsafe argument of type `any` assigned to a parameter of type `TurnFlowService`          @typescript-eslint/no-unsafe-argument
  191:7   warning  Unsafe argument of type `any` assigned to a parameter of type `MnemoQuizStoreService`    @typescript-eslint/no-unsafe-argument
  192:7   warning  Unsafe argument of type `any` assigned to a parameter of type `RandomService`            @typescript-eslint/no-unsafe-argument
  218:28  error    Unsafe member access .pending on an `any` value                                          @typescript-eslint/no-unsafe-member-access
  219:28  error    Unsafe member access .pending on an `any` value                                          @typescript-eslint/no-unsafe-member-access

C:\wamp64\www\lemondeDeLila\backend\src\game\games\vents-infinis\arche-de-mnemosyne\tests\arche-de-mnemosyne.quiz-timer.spec.ts
    6:7   warning  Unsafe argument of type `any` assigned to a parameter of type `GameRegistryService`      @typescript-eslint/no-unsafe-argument
    7:7   warning  Unsafe argument of type `any` assigned to a parameter of type `GameCoreService`          @typescript-eslint/no-unsafe-argument
    8:44  error    Unsafe return of a value of type `any`                                                   @typescript-eslint/no-unsafe-return
   10:17  error    Unsafe spread of an `any` value in an array                                              @typescript-eslint/no-unsafe-assignment
   10:37  error    Unsafe member access .log on an `any` value                                              @typescript-eslint/no-unsafe-member-access
   10:46  error    Unsafe member access .log on an `any` value                                              @typescript-eslint/no-unsafe-member-access
   13:7   warning  Unsafe argument of type `any` assigned to a parameter of type `TurnFlowService`          @typescript-eslint/no-unsafe-argument
   13:34  error    Unsafe return of a value of type `any`                                                   @typescript-eslint/no-unsafe-return
   14:7   warning  Unsafe argument of type `any` assigned to a parameter of type `MnemoQuizStoreService`    @typescript-eslint/no-unsafe-argument
   16:30  error    Unsafe return of a value of type `any[]`                                                 @typescript-eslint/no-unsafe-return
   18:7   warning  Unsafe argument of type `any` assigned to a parameter of type `RandomService`            @typescript-eslint/no-unsafe-argument
   23:57  error    Unsafe assignment of an `any` value                                                      @typescript-eslint/no-unsafe-assignment
   82:11  error    Unsafe assignment of an `any` value                                                      @typescript-eslint/no-unsafe-assignment
   82:41  warning  Unsafe argument of type `any` assigned to a parameter of type `GameStateEntity`          @typescript-eslint/no-unsafe-argument
   82:48  warning  Unsafe argument of type `any[]` assigned to a parameter of type `GameSingleActionDto[]`  @typescript-eslint/no-unsafe-argument
   89:19  error    Unsafe member access .metadata on an `any` value                                         @typescript-eslint/no-unsafe-member-access
   90:19  error    Unsafe member access .metadata on an `any` value                                         @typescript-eslint/no-unsafe-member-access
   92:11  error    Unsafe assignment of an `any` value                                                      @typescript-eslint/no-unsafe-assignment
   92:41  warning  Unsafe argument of type `any` assigned to a parameter of type `GameStateEntity`          @typescript-eslint/no-unsafe-argument
   92:49  warning  Unsafe argument of type `any[]` assigned to a parameter of type `GameSingleActionDto[]`  @typescript-eslint/no-unsafe-argument
   99:11  error    Unsafe assignment of an `any` value                                                      @typescript-eslint/no-unsafe-assignment
   99:22  error    Unsafe call of an `any` typed value                                                      @typescript-eslint/no-unsafe-call
   99:30  error    Unsafe member access .log on an `any` value                                              @typescript-eslint/no-unsafe-member-access
   99:41  error    Unsafe member access .map on an `any` value                                              @typescript-eslint/no-unsafe-member-access
  100:17  error    Unsafe member access .message on an `any` value                                          @typescript-eslint/no-unsafe-member-access
  103:7   error    Unsafe call of an `any` typed value                                                      @typescript-eslint/no-unsafe-call
  103:16  error    Unsafe member access .some on an `any` value                                             @typescript-eslint/no-unsafe-member-access
  106:7   error    Unsafe call of an `any` typed value                                                      @typescript-eslint/no-unsafe-call
  106:16  error    Unsafe member access .some on an `any` value                                             @typescript-eslint/no-unsafe-member-access
  108:12  error    Unsafe call of an `any` typed value                                                      @typescript-eslint/no-unsafe-call
  108:21  error    Unsafe member access .some on an `any` value                                             @typescript-eslint/no-unsafe-member-access
  109:12  error    Unsafe call of an `any` typed value                                                      @typescript-eslint/no-unsafe-call
  109:21  error    Unsafe member access .some on an `any` value                                             @typescript-eslint/no-unsafe-member-access
  111:7   error    Unsafe call of an `any` typed value                                                      @typescript-eslint/no-unsafe-call
  111:16  error    Unsafe member access .some on an `any` value                                             @typescript-eslint/no-unsafe-member-access
  114:7   error    Unsafe call of an `any` typed value                                                      @typescript-eslint/no-unsafe-call
  114:16  error    Unsafe member access .some on an `any` value                                             @typescript-eslint/no-unsafe-member-access
  116:12  error    Unsafe call of an `any` typed value                                                      @typescript-eslint/no-unsafe-call
  116:21  error    Unsafe member access .some on an `any` value                                             @typescript-eslint/no-unsafe-member-access
  119:19  error    Unsafe member access .metadata on an `any` value                                         @typescript-eslint/no-unsafe-member-access
  120:19  error    Unsafe member access .metadata on an `any` value                                         @typescript-eslint/no-unsafe-member-access
  121:26  error    Unsafe member access .metadata on an `any` value                                         @typescript-eslint/no-unsafe-member-access
  123:19  warning  Unsafe argument of type `any` assigned to a parameter of type `{}`                       @typescript-eslint/no-unsafe-argument
  123:26  error    Unsafe member access .metadata on an `any` value                                         @typescript-eslint/no-unsafe-member-access
  125:19  error    Unsafe member access .round on an `any` value                                            @typescript-eslint/no-unsafe-member-access
  170:41  warning  Unsafe argument of type `any` assigned to a parameter of type `GameStateEntity`          @typescript-eslint/no-unsafe-argument
  170:48  warning  Unsafe argument of type `any[]` assigned to a parameter of type `GameSingleActionDto[]`  @typescript-eslint/no-unsafe-argument
  177:49  warning  Unsafe argument of type `any[]` assigned to a parameter of type `GameSingleActionDto[]`  @typescript-eslint/no-unsafe-argument
  186:17  error    Unsafe member access .message on an `any` value                                          @typescript-eslint/no-unsafe-member-access
  245:11  error    Unsafe assignment of an `any` value                                                      @typescript-eslint/no-unsafe-assignment
  245:41  warning  Unsafe argument of type `any` assigned to a parameter of type `GameStateEntity`          @typescript-eslint/no-unsafe-argument
  245:48  warning  Unsafe argument of type `any[]` assigned to a parameter of type `GameSingleActionDto[]`  @typescript-eslint/no-unsafe-argument
  252:11  error    Unsafe assignment of an `any` value                                                      @typescript-eslint/no-unsafe-assignment
  252:41  warning  Unsafe argument of type `any` assigned to a parameter of type `GameStateEntity`          @typescript-eslint/no-unsafe-argument
  252:49  warning  Unsafe argument of type `any[]` assigned to a parameter of type `GameSingleActionDto[]`  @typescript-eslint/no-unsafe-argument
  260:26  error    Unsafe member access .status on an `any` value                                           @typescript-eslint/no-unsafe-member-access
  261:19  error    Unsafe member access .metadata on an `any` value                                         @typescript-eslint/no-unsafe-member-access
  263:11  error    Unsafe assignment of an `any` value                                                      @typescript-eslint/no-unsafe-assignment
  263:22  error    Unsafe call of an `any` typed value                                                      @typescript-eslint/no-unsafe-call
  263:30  error    Unsafe member access .log on an `any` value                                              @typescript-eslint/no-unsafe-member-access
  263:41  error    Unsafe member access .map on an `any` value                                              @typescript-eslint/no-unsafe-member-access
  264:17  error    Unsafe member access .message on an `any` value                                          @typescript-eslint/no-unsafe-member-access
  267:7   error    Unsafe call of an `any` typed value                                                      @typescript-eslint/no-unsafe-call
  267:16  error    Unsafe member access .some on an `any` value                                             @typescript-eslint/no-unsafe-member-access
  271:12  error    Unsafe call of an `any` typed value                                                      @typescript-eslint/no-unsafe-call
  271:21  error    Unsafe member access .some on an `any` value                                             @typescript-eslint/no-unsafe-member-access
  318:45  warning  Unsafe argument of type `any` assigned to a parameter of type `GameStateEntity`          @typescript-eslint/no-unsafe-argument
  318:52  warning  Unsafe argument of type `any[]` assigned to a parameter of type `GameSingleActionDto[]`  @typescript-eslint/no-unsafe-argument
  322:11  error    Unsafe assignment of an `any` value                                                      @typescript-eslint/no-unsafe-assignment
  322:22  error    Unsafe call of an `any` typed value                                                      @typescript-eslint/no-unsafe-call
  322:29  error    Unsafe member access .log on an `any` value                                              @typescript-eslint/no-unsafe-member-access
  322:40  error    Unsafe member access .map on an `any` value                                              @typescript-eslint/no-unsafe-member-access
  323:17  error    Unsafe member access .message on an `any` value                                          @typescript-eslint/no-unsafe-member-access
  326:7   error    Unsafe call of an `any` typed value                                                      @typescript-eslint/no-unsafe-call
  326:16  error    Unsafe member access .some on an `any` value                                             @typescript-eslint/no-unsafe-member-access
  329:7   error    Unsafe call of an `any` typed value                                                      @typescript-eslint/no-unsafe-call
  329:16  error    Unsafe member access .some on an `any` value                                             @typescript-eslint/no-unsafe-member-access
  332:7   error    Unsafe call of an `any` typed value                                                      @typescript-eslint/no-unsafe-call
  332:16  error    Unsafe member access .some on an `any` value                                             @typescript-eslint/no-unsafe-member-access
  335:7   error    Unsafe call of an `any` typed value                                                      @typescript-eslint/no-unsafe-call
  335:16  error    Unsafe member access .some on an `any` value                                             @typescript-eslint/no-unsafe-member-access
  337:12  error    Unsafe call of an `any` typed value                                                      @typescript-eslint/no-unsafe-call
  337:21  error    Unsafe member access .some on an `any` value                                             @typescript-eslint/no-unsafe-member-access
  340:18  error    Unsafe member access .metadata on an `any` value                                         @typescript-eslint/no-unsafe-member-access
  341:25  error    Unsafe member access .metadata on an `any` value                                         @typescript-eslint/no-unsafe-member-access
  342:18  error    Unsafe member access .round on an `any` value                                            @typescript-eslint/no-unsafe-member-access

C:\wamp64\www\lemondeDeLila\backend\src\game\games\vents-sacres\corridor\actions\corridor-action.service.ts
  172:57  warning  Unsafe argument of type `any` assigned to a parameter of type `CorridorPos`  @typescript-eslint/no-unsafe-argument
  178:25  error    Unsafe member access .winnerId on an `any` value                             @typescript-eslint/no-unsafe-member-access

C:\wamp64\www\lemondeDeLila\backend\src\game\games\vents-sacres\corridor\presenter\corridor-presenter.service.ts
   52:15  error  Unsafe assignment of an `any` value              @typescript-eslint/no-unsafe-assignment
   52:42  error  Unsafe member access .payload on an `any` value  @typescript-eslint/no-unsafe-member-access
   53:46  error  Unsafe member access .type on an `any` value     @typescript-eslint/no-unsafe-member-access
   55:27  error  Unsafe member access .o on an `any` value        @typescript-eslint/no-unsafe-member-access
   56:30  error  Unsafe member access .o on an `any` value        @typescript-eslint/no-unsafe-member-access
   65:28  error  Unsafe member access .label on an `any` value    @typescript-eslint/no-unsafe-member-access
   65:54  error  Unsafe member access .type on an `any` value     @typescript-eslint/no-unsafe-member-access
   76:5   error  Unsafe return of a value of type `any`           @typescript-eslint/no-unsafe-return
  169:5   error  '_metadata' is defined but never used            @typescript-eslint/no-unused-vars
  170:5   error  '_currentPlayerId' is defined but never used     @typescript-eslint/no-unused-vars
  177:5   error  '_metadata' is defined but never used            @typescript-eslint/no-unused-vars
  178:5   error  '_userId' is defined but never used              @typescript-eslint/no-unused-vars
  179:5   error  '_currentPlayerId' is defined but never used     @typescript-eslint/no-unused-vars

C:\wamp64\www\lemondeDeLila\backend\src\game\games\vents-sacres\corridor\rulebook\rulebook.ts
  388:9   error  Unsafe assignment of an `any` value                  @typescript-eslint/no-unsafe-assignment
  389:31  error  Unsafe member access .x on an `any` value            @typescript-eslint/no-unsafe-member-access
  390:31  error  Unsafe member access .y on an `any` value            @typescript-eslint/no-unsafe-member-access
  416:9   error  Unsafe assignment of an `any` value                  @typescript-eslint/no-unsafe-assignment
  417:31  error  Unsafe member access .x on an `any` value            @typescript-eslint/no-unsafe-member-access
  418:31  error  Unsafe member access .y on an `any` value            @typescript-eslint/no-unsafe-member-access
  419:29  error  Unsafe member access .o on an `any` value            @typescript-eslint/no-unsafe-member-access
  419:43  error  Unsafe member access .orientation on an `any` value  @typescript-eslint/no-unsafe-member-access

C:\wamp64\www\lemondeDeLila\backend\src\game\games\vents-sacres\corridor\tests\corridor.service.spec.ts
    9:5   warning  Unsafe argument of type `any` assigned to a parameter of type `GridBlockedEdgesService`  @typescript-eslint/no-unsafe-argument
   10:5   warning  Unsafe argument of type `any` assigned to a parameter of type `GridCellActionsService`   @typescript-eslint/no-unsafe-argument
   13:5   warning  Unsafe argument of type `any` assigned to a parameter of type `GameRegistryService`      @typescript-eslint/no-unsafe-argument
   17:5   warning  Unsafe argument of type `any` assigned to a parameter of type `CorridorBotService`       @typescript-eslint/no-unsafe-argument
   22:49  error    Async arrow function has no 'await' expression                                           @typescript-eslint/require-await
   41:43  warning  Unsafe argument of type `any` assigned to a parameter of type `GameStateEntity`          @typescript-eslint/no-unsafe-argument
   44:44  warning  Unsafe argument of type `any` assigned to a parameter of type `GameStateEntity`          @typescript-eslint/no-unsafe-argument
   45:37  error    Unsafe member access .grid on an `any` value                                             @typescript-eslint/no-unsafe-member-access
   48:56  error    Async arrow function has no 'await' expression                                           @typescript-eslint/require-await
   67:45  warning  Unsafe argument of type `any` assigned to a parameter of type `GameStateEntity`          @typescript-eslint/no-unsafe-argument
   68:44  warning  Unsafe argument of type `any` assigned to a parameter of type `GameStateEntity`          @typescript-eslint/no-unsafe-argument
   70:37  error    Unsafe member access .grid on an `any` value                                             @typescript-eslint/no-unsafe-member-access
   73:21  error    Unsafe member access .type on an `any` value                                             @typescript-eslint/no-unsafe-member-access
   77:35  warning  Unsafe argument of type `any` assigned to a parameter of type `GameStateEntity`          @typescript-eslint/no-unsafe-argument
   77:51  warning  Unsafe argument of type `any[]` assigned to a parameter of type `GameSingleActionDto[]`  @typescript-eslint/no-unsafe-argument
   78:32  error    Unsafe assignment of an `any` value                                                      @typescript-eslint/no-unsafe-assignment
   83:53  error    Async arrow function has no 'await' expression                                           @typescript-eslint/require-await
  102:45  warning  Unsafe argument of type `any` assigned to a parameter of type `GameStateEntity`          @typescript-eslint/no-unsafe-argument
  106:61  warning  Unsafe argument of type `any` assigned to a parameter of type `GameStateEntity`          @typescript-eslint/no-unsafe-argument
  109:35  warning  Unsafe argument of type `any` assigned to a parameter of type `GameStateEntity`          @typescript-eslint/no-unsafe-argument
  109:51  warning  Unsafe argument of type `any[]` assigned to a parameter of type `GameSingleActionDto[]`  @typescript-eslint/no-unsafe-argument
  118:70  error    Async arrow function has no 'await' expression                                           @typescript-eslint/require-await
  137:45  warning  Unsafe argument of type `any` assigned to a parameter of type `GameStateEntity`          @typescript-eslint/no-unsafe-argument
  138:44  warning  Unsafe argument of type `any` assigned to a parameter of type `GameStateEntity`          @typescript-eslint/no-unsafe-argument
  140:21  error    Unsafe member access .type on an `any` value                                             @typescript-eslint/no-unsafe-member-access
  144:11  error    Unsafe assignment of an `any` value                                                      @typescript-eslint/no-unsafe-assignment
  144:46  error    Unsafe member access .wallsRemainingByPlayerId on an `any` value                         @typescript-eslint/no-unsafe-member-access
  145:35  warning  Unsafe argument of type `any` assigned to a parameter of type `GameStateEntity`          @typescript-eslint/no-unsafe-argument
  145:51  warning  Unsafe argument of type `any[]` assigned to a parameter of type `GameSingleActionDto[]`  @typescript-eslint/no-unsafe-argument
  146:38  error    Unsafe assignment of an `any` value                                                      @typescript-eslint/no-unsafe-assignment
  148:11  error    Unsafe assignment of an `any` value                                                      @typescript-eslint/no-unsafe-assignment
  148:42  error    Unsafe member access .wallsRemainingByPlayerId on an `any` value                         @typescript-eslint/no-unsafe-member-access

C:\wamp64\www\lemondeDeLila\backend\src\game\games\vents-sacres\foulees-fantastiques\actions\foulees-fantastiques-action.service.ts
  160:15  error    Unsafe member access .type on an `any` value                            @typescript-eslint/no-unsafe-member-access
  161:15  error    Unsafe member access .playerId on an `any` value                        @typescript-eslint/no-unsafe-member-access
  166:11  error    Unsafe assignment of an `any` value                                     @typescript-eslint/no-unsafe-assignment
  167:32  error    Unsafe member access .familyId on an `any` value                        @typescript-eslint/no-unsafe-member-access
  167:69  error    Unsafe member access .value on an `any` value                           @typescript-eslint/no-unsafe-member-access
  175:47  error    Unsafe member access .id on an `any` value                              @typescript-eslint/no-unsafe-member-access
  274:35  error    Unsafe member access .winnerId on an `any` value                        @typescript-eslint/no-unsafe-member-access
  320:11  error    Unsafe assignment of an `any` value                                     @typescript-eslint/no-unsafe-assignment
  323:15  error    Unsafe member access .type on an `any` value                            @typescript-eslint/no-unsafe-member-access
  324:15  error    Unsafe member access .playerId on an `any` value                        @typescript-eslint/no-unsafe-member-access
  329:11  error    Unsafe assignment of an `any` value                                     @typescript-eslint/no-unsafe-assignment
  330:11  error    Unsafe assignment of an `any` value                                     @typescript-eslint/no-unsafe-assignment
  331:22  error    Unsafe member access .pawnIndex on an `any` value                       @typescript-eslint/no-unsafe-member-access
  332:19  error    Unsafe member access .pawnIndex on an `any` value                       @typescript-eslint/no-unsafe-member-access
  333:26  error    Unsafe member access .pawnIndex on an `any` value                       @typescript-eslint/no-unsafe-member-access
  334:11  error    Unsafe assignment of an `any` value                                     @typescript-eslint/no-unsafe-assignment
  335:22  error    Unsafe member access .targetProgress on an `any` value                  @typescript-eslint/no-unsafe-member-access
  336:19  error    Unsafe member access .targetProgress on an `any` value                  @typescript-eslint/no-unsafe-member-access
  337:26  error    Unsafe member access .targetProgress on an `any` value                  @typescript-eslint/no-unsafe-member-access
  342:34  error    Unsafe member access .data on an `any` value                            @typescript-eslint/no-unsafe-member-access
  343:11  error    Unsafe assignment of an `any` value                                     @typescript-eslint/no-unsafe-assignment
  344:30  error    Unsafe member access .data on an `any` value                            @typescript-eslint/no-unsafe-member-access
  344:53  error    Unsafe member access .data on an `any` value                            @typescript-eslint/no-unsafe-member-access
  353:46  error    Unsafe assignment of an `any` value                                     @typescript-eslint/no-unsafe-assignment
  353:57  error    Unsafe assignment of an `any` value                                     @typescript-eslint/no-unsafe-assignment
  355:33  error    Unsafe member access .winnerId on an `any` value                        @typescript-eslint/no-unsafe-member-access
  566:5   error    '_roll' is defined but never used                                       @typescript-eslint/no-unused-vars
  573:44  error    Unsafe member access .pawnIndex on an `any` value                       @typescript-eslint/no-unsafe-member-access
  580:7   error    Unsafe return of a value of type `any`                                  @typescript-eslint/no-unsafe-return
  580:10  error    Unsafe member access .pawnIndex on an `any` value                       @typescript-eslint/no-unsafe-member-access
  685:13  error    Unsafe assignment of an `any` value                                     @typescript-eslint/no-unsafe-assignment
  687:13  error    Unsafe assignment of an `any` value                                     @typescript-eslint/no-unsafe-assignment
  687:51  error    Unsafe member access [p.id] on an `any` value                           @typescript-eslint/no-unsafe-member-access
  688:25  error    Unsafe member access [p.id] on an `any` value                           @typescript-eslint/no-unsafe-member-access
  692:13  error    Unsafe assignment of an `any` value                                     @typescript-eslint/no-unsafe-assignment
  692:23  error    Unsafe call of an `any` typed value                                     @typescript-eslint/no-unsafe-call
  692:29  error    Unsafe member access .map on an `any` value                             @typescript-eslint/no-unsafe-member-access
  693:15  error    Unsafe assignment of an `any` value                                     @typescript-eslint/no-unsafe-assignment
  693:35  error    Unsafe member access .progress on an `any` value                        @typescript-eslint/no-unsafe-member-access
  693:64  error    Unsafe member access .progress on an `any` value                        @typescript-eslint/no-unsafe-member-access
  694:51  error    Unsafe return of a value of type `any`                                  @typescript-eslint/no-unsafe-return
  696:31  error    Unsafe return of a value of type `any`                                  @typescript-eslint/no-unsafe-return
  698:59  warning  Unsafe argument of type `any` assigned to a parameter of type `number`  @typescript-eslint/no-unsafe-argument
  698:64  error    Unsafe member access .pawnIndex on an `any` value                       @typescript-eslint/no-unsafe-member-access
  704:9   error    Unsafe return of a value of type `any`                                  @typescript-eslint/no-unsafe-return
  713:13  error    Unsafe assignment of an `any` value                                     @typescript-eslint/no-unsafe-assignment
  713:48  error    Unsafe assignment of an `any` value                                     @typescript-eslint/no-unsafe-assignment
  768:29  error    Unsafe member access .progress on an `any` value                        @typescript-eslint/no-unsafe-member-access
  768:56  error    Unsafe member access .progress on an `any` value                        @typescript-eslint/no-unsafe-member-access

C:\wamp64\www\lemondeDeLila\backend\src\game\games\vents-sacres\foulees-fantastiques\presenter\foulees-fantastiques-presenter.service.ts
   38:31  error  Unsafe member access .progress on an `any` value           @typescript-eslint/no-unsafe-member-access
   47:53  error  Unsafe member access .progress on an `any` value           @typescript-eslint/no-unsafe-member-access
   50:19  error  Unsafe member access .progress on an `any` value           @typescript-eslint/no-unsafe-member-access
   51:11  error  Unsafe member access .progress on an `any` value           @typescript-eslint/no-unsafe-member-access
   52:11  error  Unsafe member access .progress on an `any` value           @typescript-eslint/no-unsafe-member-access
   55:23  error  Unsafe member access .progress on an `any` value           @typescript-eslint/no-unsafe-member-access
   59:19  error  Unsafe member access .progress on an `any` value           @typescript-eslint/no-unsafe-member-access
   60:11  error  Unsafe member access .progress on an `any` value           @typescript-eslint/no-unsafe-member-access
   61:11  error  Unsafe member access .progress on an `any` value           @typescript-eslint/no-unsafe-member-access
   72:13  error  Unsafe assignment of an `any` value                        @typescript-eslint/no-unsafe-assignment
   72:36  error  Unsafe member access .pawnNamesByPlayer on an `any` value  @typescript-eslint/no-unsafe-member-access
   90:13  error  Unsafe assignment of an `any` value                        @typescript-eslint/no-unsafe-assignment
   90:36  error  Unsafe member access .pawnNamesByPlayer on an `any` value  @typescript-eslint/no-unsafe-member-access
  114:11  error  Unsafe assignment of an `any` value                        @typescript-eslint/no-unsafe-assignment
  115:25  error  Unsafe member access .extras on an `any` value             @typescript-eslint/no-unsafe-member-access
  154:55  error  Unsafe member access .playerId on an `any` value           @typescript-eslint/no-unsafe-member-access
  155:34  error  Unsafe member access .playerId on an `any` value           @typescript-eslint/no-unsafe-member-access
  160:5   error  Unsafe return of a value of type `any`                     @typescript-eslint/no-unsafe-return
  168:7   error  Unsafe assignment of an `any` value                        @typescript-eslint/no-unsafe-assignment

C:\wamp64\www\lemondeDeLila\backend\src\game\games\vents-sacres\foulees-fantastiques\rulebook\rulebook.ts
   32:17  error    Unsafe member access .type on an `any` value                                                   @typescript-eslint/no-unsafe-member-access
   32:53  error    Unsafe member access .playerId on an `any` value                                               @typescript-eslint/no-unsafe-member-access
   33:13  error    Unsafe assignment of an `any` value                                                            @typescript-eslint/no-unsafe-assignment
   33:58  error    Unsafe member access .data on an `any` value                                                   @typescript-eslint/no-unsafe-member-access
   34:19  error    Unsafe member access .data on an `any` value                                                   @typescript-eslint/no-unsafe-member-access
   68:49  warning  Unsafe argument of type `any` assigned to a parameter of type `FouleesFantastiquesActionType`  @typescript-eslint/no-unsafe-argument
   98:15  error    Unsafe member access .type on an `any` value                                                   @typescript-eslint/no-unsafe-member-access
   99:15  error    Unsafe member access .playerId on an `any` value                                               @typescript-eslint/no-unsafe-member-access
  107:46  error    Unsafe member access .familyId on an `any` value                                               @typescript-eslint/no-unsafe-member-access
  115:11  error    Unsafe assignment of an `any` value                                                            @typescript-eslint/no-unsafe-assignment
  115:54  error    Unsafe member access .data on an `any` value                                                   @typescript-eslint/no-unsafe-member-access
  116:17  error    Unsafe member access .data on an `any` value                                                   @typescript-eslint/no-unsafe-member-access
  148:7   error    Unsafe assignment of an `any` value                                                            @typescript-eslint/no-unsafe-assignment

C:\wamp64\www\lemondeDeLila\backend\src\game\games\vents-sacres\foulees-fantastiques\setup\foulees-fantastiques-setup.service.ts
  178:11  error    Unsafe return of a value of type `any`            @typescript-eslint/no-unsafe-return
  178:24  error    Unsafe member access .progress on an `any` value  @typescript-eslint/no-unsafe-member-access
  178:53  error    Unsafe member access .progress on an `any` value  @typescript-eslint/no-unsafe-member-access
  183:35  warning  Unsafe spread of an `any[]` array type            @typescript-eslint/no-unsafe-argument

C:\wamp64\www\lemondeDeLila\backend\src\game\games\vents-sacres\foulees-fantastiques\tests\foulees-fantastiques.scenario.spec.ts
   17:50  warning  Unsafe argument of type `any` assigned to a parameter of type `GameStateEntity`                  @typescript-eslint/no-unsafe-argument
   18:36  error    Unsafe return of a value of type `any`                                                           @typescript-eslint/no-unsafe-return
   18:38  error    Unsafe member access .type on an `any` value                                                     @typescript-eslint/no-unsafe-member-access
   29:7   warning  Unsafe argument of type `any` assigned to a parameter of type `GameStateEntity`                  @typescript-eslint/no-unsafe-argument
   30:7   warning  Unsafe argument of type `any` assigned to a parameter of type `GameSingleActionDto`              @typescript-eslint/no-unsafe-argument
   38:7   warning  Unsafe argument of type `any` assigned to a parameter of type `RandomService`                    @typescript-eslint/no-unsafe-argument
   44:7   warning  Unsafe argument of type `any` assigned to a parameter of type `FouleesFantastiquesSetupService`  @typescript-eslint/no-unsafe-argument
   44:41  error    Unsafe return of a value of type `any`                                                           @typescript-eslint/no-unsafe-return
   63:44  warning  Unsafe argument of type `any` assigned to a parameter of type `GameStateEntity`                  @typescript-eslint/no-unsafe-argument
   63:51  warning  Unsafe argument of type `any[]` assigned to a parameter of type `GameSingleActionDto[]`          @typescript-eslint/no-unsafe-argument
   66:17  error    Unsafe member access .pending on an `any` value                                                  @typescript-eslint/no-unsafe-member-access
   67:11  error    Unsafe assignment of an `any` value                                                              @typescript-eslint/no-unsafe-assignment
   67:22  error    Unsafe call of an `any` typed value                                                              @typescript-eslint/no-unsafe-call
   67:28  error    Unsafe member access .log on an `any` value                                                      @typescript-eslint/no-unsafe-member-access
   67:39  error    Unsafe member access .map on an `any` value                                                      @typescript-eslint/no-unsafe-member-access
   67:65  error    Unsafe member access .message on an `any` value                                                  @typescript-eslint/no-unsafe-member-access
   73:7   warning  Unsafe argument of type `any` assigned to a parameter of type `RandomService`                    @typescript-eslint/no-unsafe-argument
   79:7   warning  Unsafe argument of type `any` assigned to a parameter of type `FouleesFantastiquesSetupService`  @typescript-eslint/no-unsafe-argument
   79:41  error    Unsafe return of a value of type `any`                                                           @typescript-eslint/no-unsafe-return
  117:44  warning  Unsafe argument of type `any` assigned to a parameter of type `GameStateEntity`                  @typescript-eslint/no-unsafe-argument
  117:51  warning  Unsafe argument of type `any[]` assigned to a parameter of type `GameSingleActionDto[]`          @typescript-eslint/no-unsafe-argument
  120:17  error    Unsafe member access .turn on an `any` value                                                     @typescript-eslint/no-unsafe-member-access
  121:11  error    Unsafe assignment of an `any` value                                                              @typescript-eslint/no-unsafe-assignment
  121:22  error    Unsafe call of an `any` typed value                                                              @typescript-eslint/no-unsafe-call
  121:28  error    Unsafe member access .log on an `any` value                                                      @typescript-eslint/no-unsafe-member-access
  121:39  error    Unsafe member access .map on an `any` value                                                      @typescript-eslint/no-unsafe-member-access
  121:65  error    Unsafe member access .message on an `any` value                                                  @typescript-eslint/no-unsafe-member-access

C:\wamp64\www\lemondeDeLila\backend\src\game\games\vents-sacres\foulees-fantastiques\tests\foulees-fantastiques.service.spec.ts
   4:63  error    Async arrow function has no 'await' expression                                       @typescript-eslint/require-await
  21:50  warning  Unsafe argument of type `any` assigned to a parameter of type `GameStateEntity`      @typescript-eslint/no-unsafe-argument
  22:36  error    Unsafe return of a value of type `any`                                               @typescript-eslint/no-unsafe-return
  22:38  error    Unsafe member access .type on an `any` value                                         @typescript-eslint/no-unsafe-member-access
  26:9   warning  Unsafe argument of type `any` assigned to a parameter of type `GameStateEntity`      @typescript-eslint/no-unsafe-argument
  27:9   warning  Unsafe argument of type `any` assigned to a parameter of type `GameSingleActionDto`  @typescript-eslint/no-unsafe-argument
  33:7   warning  Unsafe argument of type `any` assigned to a parameter of type `GameStateEntity`      @typescript-eslint/no-unsafe-argument
  34:7   warning  Unsafe argument of type `any` assigned to a parameter of type `GameSingleActionDto`  @typescript-eslint/no-unsafe-argument

C:\wamp64\www\lemondeDeLila\backend\src\game\games\vents-sacres\jeu-oie\actions\jeu-oie-action.service.ts
   87:29  error  Unsafe member access .id on an `any` value        @typescript-eslint/no-unsafe-member-access
   88:32  error  Unsafe member access .label on an `any` value     @typescript-eslint/no-unsafe-member-access
   89:36  error  Unsafe member access .feminine on an `any` value  @typescript-eslint/no-unsafe-member-access
  117:23  error  Unsafe member access .id on an `any` value        @typescript-eslint/no-unsafe-member-access
  118:26  error  Unsafe member access .label on an `any` value     @typescript-eslint/no-unsafe-member-access
  119:30  error  Unsafe member access .feminine on an `any` value  @typescript-eslint/no-unsafe-member-access
  129:23  error  Unsafe member access .id on an `any` value        @typescript-eslint/no-unsafe-member-access
  130:26  error  Unsafe member access .label on an `any` value     @typescript-eslint/no-unsafe-member-access
  131:30  error  Unsafe member access .feminine on an `any` value  @typescript-eslint/no-unsafe-member-access
  292:37  error  Irregular whitespace not allowed                  no-irregular-whitespace
  305:31  error  Irregular whitespace not allowed                  no-irregular-whitespace
  373:24  error  Irregular whitespace not allowed                  no-irregular-whitespace
  399:47  error  Unsafe member access .id on an `any` value        @typescript-eslint/no-unsafe-member-access
  401:41  error  Unsafe member access .label on an `any` value     @typescript-eslint/no-unsafe-member-access
  410:47  error  Unsafe member access .id on an `any` value        @typescript-eslint/no-unsafe-member-access
  413:45  error  Unsafe member access .feminine on an `any` value  @typescript-eslint/no-unsafe-member-access

C:\wamp64\www\lemondeDeLila\backend\src\game\games\vents-sacres\jeu-oie\presenter\jeu-oie-presenter.service.ts
   24:11  error  Unsafe assignment of an `any` value              @typescript-eslint/no-unsafe-assignment
   25:25  error  Unsafe member access .extras on an `any` value   @typescript-eslint/no-unsafe-member-access
   44:5   error  Unsafe return of a value of type `any`           @typescript-eslint/no-unsafe-return
   52:7   error  Unsafe assignment of an `any` value              @typescript-eslint/no-unsafe-assignment
   63:11  error  Unsafe assignment of an `any` value              @typescript-eslint/no-unsafe-assignment
   63:47  error  Unsafe member access [userId] on an `any` value  @typescript-eslint/no-unsafe-member-access
   69:55  error  Unsafe member access .type on an `any` value     @typescript-eslint/no-unsafe-member-access
   70:56  error  Unsafe member access .type on an `any` value     @typescript-eslint/no-unsafe-member-access
   78:11  error  Unsafe assignment of an `any` value              @typescript-eslint/no-unsafe-assignment
   78:42  error  Unsafe member access [userId] on an `any` value  @typescript-eslint/no-unsafe-member-access
  101:55  error  Unsafe member access .type on an `any` value     @typescript-eslint/no-unsafe-member-access
  102:56  error  Unsafe member access .type on an `any` value     @typescript-eslint/no-unsafe-member-access
  109:31  error  Unsafe member access .label on an `any` value    @typescript-eslint/no-unsafe-member-access

C:\wamp64\www\lemondeDeLila\backend\src\game\games\vents-sacres\jeu-oie\rulebook\rulebook.ts
  31:9  error  Unsafe assignment of an `any` value  @typescript-eslint/no-unsafe-assignment
  78:9  error  Unsafe assignment of an `any` value  @typescript-eslint/no-unsafe-assignment
  81:7  error  Unsafe assignment of an `any` value  @typescript-eslint/no-unsafe-assignment

C:\wamp64\www\lemondeDeLila\backend\src\game\games\vents-sacres\jeu-oie\setup\jeu-oie-setup.service.ts
  72:20  error  Unsafe member access .id on an `any` value        @typescript-eslint/no-unsafe-member-access
  73:23  error  Unsafe member access .label on an `any` value     @typescript-eslint/no-unsafe-member-access
  74:35  error  Unsafe member access .feminine on an `any` value  @typescript-eslint/no-unsafe-member-access

C:\wamp64\www\lemondeDeLila\backend\src\game\games\vents-sacres\jeu-oie\tests\jeu-oie-action.service.spec.ts
   11:3   error    Unsafe return of a value of type `any`                                                                          @typescript-eslint/no-unsafe-return
   24:5   error    Unsafe assignment of an `any` value                                                                             @typescript-eslint/no-unsafe-assignment
   43:48  error    Unsafe return of a value of type `any`                                                                          @typescript-eslint/no-unsafe-return
   53:48  warning  Unsafe argument of type `any` assigned to a parameter of type `TurnFlowService`                                 @typescript-eslint/no-unsafe-argument
   69:41  warning  Unsafe argument of type `any[]` assigned to a parameter of type `GameSingleActionDto[]`                         @typescript-eslint/no-unsafe-argument
   93:52  warning  Unsafe argument of type `any` assigned to a parameter of type `{ roll: number; meta: Record<string, any>; }`    @typescript-eslint/no-unsafe-argument
   96:7   error    Unsafe assignment of an `any` value                                                                             @typescript-eslint/no-unsafe-assignment
   99:46  warning  Unsafe argument of type `any[]` assigned to a parameter of type `GameSingleActionDto[]`                         @typescript-eslint/no-unsafe-argument
  102:65  error    Unsafe member access .message on an `any` value                                                                 @typescript-eslint/no-unsafe-member-access
  128:17  error    Unsafe member access .pawnByPlayerId on an `any` value                                                          @typescript-eslint/no-unsafe-member-access
  129:17  error    Unsafe member access .pawnByPlayerId on an `any` value                                                          @typescript-eslint/no-unsafe-member-access
  130:17  error    Unsafe member access .pawnByPlayerId on an `any` value                                                          @typescript-eslint/no-unsafe-member-access
  132:35  error    Unsafe member access .setupStarterId on an `any` value                                                          @typescript-eslint/no-unsafe-member-access
  133:36  error    Unsafe member access .playerId on an `any` value                                                                @typescript-eslint/no-unsafe-member-access
  135:42  error    Unsafe member access .id on an `any` value                                                                      @typescript-eslint/no-unsafe-member-access
  137:57  error    Unsafe member access .label on an `any` value                                                                   @typescript-eslint/no-unsafe-member-access
  152:48  error    Unsafe return of a value of type `any`                                                                          @typescript-eslint/no-unsafe-return
  162:48  warning  Unsafe argument of type `any` assigned to a parameter of type `TurnFlowService`                                 @typescript-eslint/no-unsafe-argument
  177:46  warning  Unsafe argument of type `any[]` assigned to a parameter of type `GameSingleActionDto[]`                         @typescript-eslint/no-unsafe-argument
  185:36  warning  Unsafe argument of type `any` assigned to a parameter of type `ArrayLike<unknown> | { [s: string]: unknown; }`  @typescript-eslint/no-unsafe-argument
  185:41  error    Unsafe member access .pawnByPlayerId on an `any` value                                                          @typescript-eslint/no-unsafe-member-access
  188:65  error    Unsafe member access .message on an `any` value                                                                 @typescript-eslint/no-unsafe-member-access
  189:35  error    Unsafe member access .setupStarterId on an `any` value                                                          @typescript-eslint/no-unsafe-member-access
  191:41  error    Unsafe member access .id on an `any` value                                                                      @typescript-eslint/no-unsafe-member-access

C:\wamp64\www\lemondeDeLila\backend\src\game\games\vents-sacres\jeu-oie\tests\jeu-oie.service.spec.ts
  15:51  warning  Unsafe argument of type `any` assigned to a parameter of type `GameStateEntity`  @typescript-eslint/no-unsafe-argument
  16:51  warning  Unsafe argument of type `any` assigned to a parameter of type `GameStateEntity`  @typescript-eslint/no-unsafe-argument
  18:40  error    Unsafe member access .type on an `any` value                                     @typescript-eslint/no-unsafe-member-access
  19:40  error    Unsafe member access .type on an `any` value                                     @typescript-eslint/no-unsafe-member-access
  38:51  warning  Unsafe argument of type `any` assigned to a parameter of type `GameStateEntity`  @typescript-eslint/no-unsafe-argument
  39:51  warning  Unsafe argument of type `any` assigned to a parameter of type `GameStateEntity`  @typescript-eslint/no-unsafe-argument
  42:41  error    Unsafe member access .type on an `any` value                                     @typescript-eslint/no-unsafe-member-access

C:\wamp64\www\lemondeDeLila\backend\src\game\games\vents-sacres\lama\actions\lama-action.service.ts
   86:11  error    Unsafe assignment of an `any` value                                     @typescript-eslint/no-unsafe-assignment
   87:31  error    Unsafe member access .meta on an `any` value                            @typescript-eslint/no-unsafe-member-access
   88:27  error    Unsafe member access .meta on an `any` value                            @typescript-eslint/no-unsafe-member-access
  100:66  warning  Unsafe argument of type `any` assigned to a parameter of type `number`  @typescript-eslint/no-unsafe-argument
  105:70  warning  Unsafe argument of type `any` assigned to a parameter of type `number`  @typescript-eslint/no-unsafe-argument
  122:61  warning  Unsafe argument of type `any` assigned to a parameter of type `number`  @typescript-eslint/no-unsafe-argument
  128:9   warning  Unsafe argument of type `any` assigned to a parameter of type `number`  @typescript-eslint/no-unsafe-argument
  136:15  error    Unsafe assignment of an `any` value                                     @typescript-eslint/no-unsafe-assignment
  136:53  error    Unsafe member access .id on an `any` value                              @typescript-eslint/no-unsafe-member-access
  137:40  error    Unsafe member access .isBot on an `any` value                           @typescript-eslint/no-unsafe-member-access
  139:15  error    Unsafe assignment of an `any` value                                     @typescript-eslint/no-unsafe-assignment
  140:33  error    Unsafe member access .lastDrawTurnIndexByPlayerId on an `any` value     @typescript-eslint/no-unsafe-member-access
  143:54  error    Unsafe member access [String(actorId)] on an `any` value                @typescript-eslint/no-unsafe-member-access
  149:56  error    Unsafe member access .playerId on an `any` value                        @typescript-eslint/no-unsafe-member-access
  150:51  error    Unsafe member access .drawn on an `any` value                           @typescript-eslint/no-unsafe-member-access
  152:57  warning  Unsafe argument of type `any` assigned to a parameter of type `number`  @typescript-eslint/no-unsafe-argument
  161:15  warning  Unsafe argument of type `any` assigned to a parameter of type `number`  @typescript-eslint/no-unsafe-argument
  164:65  warning  Unsafe argument of type `any` assigned to a parameter of type `number`  @typescript-eslint/no-unsafe-argument
  169:61  warning  Unsafe argument of type `any` assigned to a parameter of type `number`  @typescript-eslint/no-unsafe-argument
  173:61  warning  Unsafe argument of type `any` assigned to a parameter of type `number`  @typescript-eslint/no-unsafe-argument
  179:61  warning  Unsafe argument of type `any` assigned to a parameter of type `number`  @typescript-eslint/no-unsafe-argument
  184:61  warning  Unsafe argument of type `any` assigned to a parameter of type `number`  @typescript-eslint/no-unsafe-argument

C:\wamp64\www\lemondeDeLila\backend\src\game\games\vents-sacres\lama\actions\lama-draw.service.ts
   35:51  error    Unsafe member access .playerId on an `any` value                              @typescript-eslint/no-unsafe-member-access
   36:46  error    Unsafe member access .drawn on an `any` value                                 @typescript-eslint/no-unsafe-member-access
   42:11  error    Unsafe assignment of an `any` value                                           @typescript-eslint/no-unsafe-assignment
   42:45  error    Unsafe member access .lastDrawTurnIndexByPlayerId on an `any` value           @typescript-eslint/no-unsafe-member-access
   45:50  error    Unsafe member access [String(actorId)] on an `any` value                      @typescript-eslint/no-unsafe-member-access
   68:7   error    Unsafe assignment of an `any` value                                           @typescript-eslint/no-unsafe-assignment
   69:27  error    Unsafe member access .lastDrawTurnIndexByPlayerId on an `any` value           @typescript-eslint/no-unsafe-member-access
  103:7   warning  Unsafe argument of type `any` assigned to a parameter of type `PendingState`  @typescript-eslint/no-unsafe-argument

C:\wamp64\www\lemondeDeLila\backend\src\game\games\vents-sacres\lama\actions\lama-pass.service.ts
  29:51  error    Unsafe member access .playerId on an `any` value                              @typescript-eslint/no-unsafe-member-access
  30:47  error    Unsafe member access .drawn on an `any` value                                 @typescript-eslint/no-unsafe-member-access
  31:46  error    Unsafe member access .played on an `any` value                                @typescript-eslint/no-unsafe-member-access
  66:7   warning  Unsafe argument of type `any` assigned to a parameter of type `PendingState`  @typescript-eslint/no-unsafe-argument

C:\wamp64\www\lemondeDeLila\backend\src\game\games\vents-sacres\lama\actions\lama-play.service.ts
   32:51  error    Unsafe member access .playerId on an `any` value                              @typescript-eslint/no-unsafe-member-access
   33:46  error    Unsafe member access .played on an `any` value                                @typescript-eslint/no-unsafe-member-access
   88:9   error    Unsafe assignment of an `any` value                                           @typescript-eslint/no-unsafe-assignment
   88:33  error    Unsafe member access .drawn on an `any` value                                 @typescript-eslint/no-unsafe-member-access
  128:7   warning  Unsafe argument of type `any` assigned to a parameter of type `PendingState`  @typescript-eslint/no-unsafe-argument

C:\wamp64\www\lemondeDeLila\backend\src\game\games\vents-sacres\lama\actions\lama-quit.service.ts
  51:21  error    Unsafe member access .message on an `any` value                               @typescript-eslint/no-unsafe-member-access
  86:7   warning  Unsafe argument of type `any` assigned to a parameter of type `PendingState`  @typescript-eslint/no-unsafe-argument

C:\wamp64\www\lemondeDeLila\backend\src\game\games\vents-sacres\lama\actions\lama-return.service.ts
  84:7  warning  Unsafe argument of type `any` assigned to a parameter of type `PendingState`  @typescript-eslint/no-unsafe-argument

C:\wamp64\www\lemondeDeLila\backend\src\game\games\vents-sacres\lama\bots\lama-bot.service.ts
  41:11  error  Unsafe assignment of an `any` value                                  @typescript-eslint/no-unsafe-assignment
  41:39  error  Unsafe member access .turnTracker on an `any` value                  @typescript-eslint/no-unsafe-member-access
  42:68  error  Unsafe member access .playerId on an `any` value                     @typescript-eslint/no-unsafe-member-access
  43:60  error  Unsafe member access .drawn on an `any` value                        @typescript-eslint/no-unsafe-member-access
  44:61  error  Unsafe member access .played on an `any` value                       @typescript-eslint/no-unsafe-member-access
  48:11  error  Unsafe assignment of an `any` value                                  @typescript-eslint/no-unsafe-assignment
  48:45  error  Unsafe member access .lastDrawTurnIndexByPlayerId on an `any` value  @typescript-eslint/no-unsafe-member-access
  51:50  error  Unsafe member access [String(botPlayerId)] on an `any` value         @typescript-eslint/no-unsafe-member-access

C:\wamp64\www\lemondeDeLila\backend\src\game\games\vents-sacres\lama\lama.presenter.ts
   19:23  error  'raw ?? ''' will use Object's default stringification format ('[object Object]') when stringified  @typescript-eslint/no-base-to-string
  158:62  error  Unsafe member access .playerId on an `any` value                                                   @typescript-eslint/no-unsafe-member-access
  160:54  error  Unsafe member access .drawn on an `any` value                                                      @typescript-eslint/no-unsafe-member-access
  161:55  error  Unsafe member access .played on an `any` value                                                     @typescript-eslint/no-unsafe-member-access
  164:11  error  Unsafe assignment of an `any` value                                                                @typescript-eslint/no-unsafe-assignment
  164:45  error  Unsafe member access .lastDrawTurnIndexByPlayerId on an `any` value                                @typescript-eslint/no-unsafe-member-access
  167:38  error  Unsafe member access [String(userId)] on an `any` value                                            @typescript-eslint/no-unsafe-member-access
  187:5   error  '_state' is defined but never used                                                                 @typescript-eslint/no-unused-vars
  188:5   error  '_metadata' is defined but never used                                                              @typescript-eslint/no-unused-vars
  189:5   error  '_currentPlayerId' is defined but never used                                                       @typescript-eslint/no-unused-vars
  321:5   error  '_metadata' is defined but never used                                                              @typescript-eslint/no-unused-vars
  322:5   error  '_currentPlayerId' is defined but never used                                                       @typescript-eslint/no-unused-vars

C:\wamp64\www\lemondeDeLila\backend\src\game\games\vents-sacres\lama\round\lama-round.service.ts
   37:11  error    Unsafe assignment of an `any` value                                           @typescript-eslint/no-unsafe-assignment
   40:5   error    Unsafe assignment of an `any` value                                           @typescript-eslint/no-unsafe-assignment
  118:7   warning  Unsafe argument of type `any` assigned to a parameter of type `PendingState`  @typescript-eslint/no-unsafe-argument
  139:28  error    Unsafe member access .message on an `any` value                               @typescript-eslint/no-unsafe-member-access
  185:9   warning  Unsafe argument of type `any` assigned to a parameter of type `PendingState`  @typescript-eslint/no-unsafe-argument
  262:7   warning  Unsafe argument of type `any` assigned to a parameter of type `PendingState`  @typescript-eslint/no-unsafe-argument
  389:9   warning  Unsafe argument of type `any` assigned to a parameter of type `PendingState`  @typescript-eslint/no-unsafe-argument
  399:36  error    '_players' is defined but never used                                          @typescript-eslint/no-unused-vars
  420:19  error    Unsafe return of a value of type `any`                                        @typescript-eslint/no-unsafe-return
  420:22  error    Unsafe member access .id on an `any` value                                    @typescript-eslint/no-unsafe-member-access
  458:19  error    Unsafe return of a value of type `any`                                        @typescript-eslint/no-unsafe-return
  458:22  error    Unsafe member access .id on an `any` value                                    @typescript-eslint/no-unsafe-member-access
  483:13  error    Unsafe assignment of an `any` value                                           @typescript-eslint/no-unsafe-assignment
  483:22  error    Unsafe member access .id on an `any` value                                    @typescript-eslint/no-unsafe-member-access
  504:13  error    Unsafe assignment of an `any` value                                           @typescript-eslint/no-unsafe-assignment
  504:33  error    Unsafe member access .id on an `any` value                                    @typescript-eslint/no-unsafe-member-access

C:\wamp64\www\lemondeDeLila\backend\src\game\games\vents-sacres\lama\setup\lama-setup.service.ts
   26:44  error    Unsafe member access .step on an `any` value                                  @typescript-eslint/no-unsafe-member-access
   41:11  error    Unsafe assignment of an `any` value                                           @typescript-eslint/no-unsafe-assignment
   49:13  error    Unsafe assignment of an `any` value                                           @typescript-eslint/no-unsafe-assignment
   50:24  error    Unsafe member access .ownerPlayerId on an `any` value                         @typescript-eslint/no-unsafe-member-access
   51:21  error    Unsafe member access .ownerPlayerId on an `any` value                         @typescript-eslint/no-unsafe-member-access
   54:9   error    Unsafe return of a value of type `any`                                        @typescript-eslint/no-unsafe-return
   57:13  error    Unsafe assignment of an `any` value                                           @typescript-eslint/no-unsafe-assignment
   58:24  error    Unsafe member access .roomOwnerId on an `any` value                           @typescript-eslint/no-unsafe-member-access
   58:59  error    Unsafe member access .roomOwnerId on an `any` value                           @typescript-eslint/no-unsafe-member-access
   60:9   error    Unsafe return of a value of type `any`                                        @typescript-eslint/no-unsafe-return
   80:7   error    Unsafe assignment of an `any` value                                           @typescript-eslint/no-unsafe-assignment
   82:41  error    Unsafe member access .rng on an `any` value                                   @typescript-eslint/no-unsafe-member-access
  125:7   warning  Unsafe argument of type `any` assigned to a parameter of type `PendingState`  @typescript-eslint/no-unsafe-argument

C:\wamp64\www\lemondeDeLila\backend\src\game\games\vents-sacres\lama\shared\lama-shared.service.ts
   7:23  error  'raw ?? ''' will use Object's default stringification format ('[object Object]') when stringified  @typescript-eslint/no-base-to-string
  59:11  error  Unsafe assignment of an `any` value                                                                @typescript-eslint/no-unsafe-assignment
  59:40  error  Unsafe member access .id on an `any` value                                                         @typescript-eslint/no-unsafe-member-access
  59:58  error  Unsafe member access .username on an `any` value                                                   @typescript-eslint/no-unsafe-member-access
  65:11  error  Unsafe assignment of an `any` value                                                                @typescript-eslint/no-unsafe-assignment
  65:35  error  Unsafe member access .turnTracker on an `any` value                                                @typescript-eslint/no-unsafe-member-access
  70:53  error  Unsafe member access .playerId on an `any` value                                                   @typescript-eslint/no-unsafe-member-access
  82:40  error  Unsafe member access .drawn on an `any` value                                                      @typescript-eslint/no-unsafe-member-access
  83:41  error  Unsafe member access .played on an `any` value                                                     @typescript-eslint/no-unsafe-member-access

C:\wamp64\www\lemondeDeLila\backend\src\game\games\vents-sacres\lama\shortcuts\lama-shortcuts.service.ts
  14:15  error  '_shared' is defined but never used                           @typescript-eslint/no-unused-vars
  19:11  error  Unsafe assignment of an `any` value                           @typescript-eslint/no-unsafe-assignment
  21:11  error  Unsafe assignment of an `any` value                           @typescript-eslint/no-unsafe-assignment
  22:13  error  Unsafe member access .droppedOutByPlayerId on an `any` value  @typescript-eslint/no-unsafe-member-access
  23:19  error  Unsafe member access .droppedOutByPlayerId on an `any` value  @typescript-eslint/no-unsafe-member-access
  24:16  error  Unsafe member access .droppedOutByPlayerId on an `any` value  @typescript-eslint/no-unsafe-member-access
  32:11  error  Unsafe assignment of an `any` value                           @typescript-eslint/no-unsafe-assignment
  32:43  error  Unsafe member access .deck on an `any` value                  @typescript-eslint/no-unsafe-member-access
  32:56  error  Unsafe member access .deck on an `any` value                  @typescript-eslint/no-unsafe-member-access
  33:11  error  Unsafe assignment of an `any` value                           @typescript-eslint/no-unsafe-assignment
  33:27  error  Unsafe member access .turnTracker on an `any` value           @typescript-eslint/no-unsafe-member-access
  34:11  error  Unsafe assignment of an `any` value                           @typescript-eslint/no-unsafe-assignment
  35:23  error  Unsafe member access .playerId on an `any` value              @typescript-eslint/no-unsafe-member-access
  36:19  error  Unsafe member access .playerId on an `any` value              @typescript-eslint/no-unsafe-member-access
  37:43  error  Unsafe member access .playerId on an `any` value              @typescript-eslint/no-unsafe-member-access
  38:28  error  Unsafe member access .playerId on an `any` value              @typescript-eslint/no-unsafe-member-access
  41:16  error  Unsafe member access .drawn on an `any` value                 @typescript-eslint/no-unsafe-member-access
  42:16  error  Unsafe member access .drawn on an `any` value                 @typescript-eslint/no-unsafe-member-access
  43:23  error  Unsafe member access .drawn on an `any` value                 @typescript-eslint/no-unsafe-member-access

C:\wamp64\www\lemondeDeLila\backend\src\game\games\vents-sacres\lama\tests\lama-test-harness.ts
  45:5  warning  Unsafe argument of type `any` assigned to a parameter of type `GameRegistryService`  @typescript-eslint/no-unsafe-argument

C:\wamp64\www\lemondeDeLila\backend\src\game\games\vents-sacres\lama\tests\lama.service.spec.ts
     4:81   error    Async arrow function has no 'await' expression                                           @typescript-eslint/require-await
     7:52   warning  Unsafe argument of type `any` assigned to a parameter of type `GameStateEntity`          @typescript-eslint/no-unsafe-argument
    18:26   error    Unsafe member access .metadata on an `any` value                                         @typescript-eslint/no-unsafe-member-access
    19:26   error    Unsafe member access .turn on an `any` value                                             @typescript-eslint/no-unsafe-member-access
    21:58   warning  Unsafe argument of type `any` assigned to a parameter of type `GameStateEntity`          @typescript-eslint/no-unsafe-argument
    22:56   warning  Unsafe argument of type `any` assigned to a parameter of type `GameStateEntity`          @typescript-eslint/no-unsafe-argument
    23:25   error    Unsafe member access .pending on an `any` value                                          @typescript-eslint/no-unsafe-member-access
    24:32   error    Unsafe member access .pending on an `any` value                                          @typescript-eslint/no-unsafe-member-access
    25:23   error    Unsafe member access .pending on an `any` value                                          @typescript-eslint/no-unsafe-member-access
    28:90   error    Async arrow function has no 'await' expression                                           @typescript-eslint/require-await
    31:52   warning  Unsafe argument of type `any` assigned to a parameter of type `GameStateEntity`          @typescript-eslint/no-unsafe-argument
    42:26   error    Unsafe member access .metadata on an `any` value                                         @typescript-eslint/no-unsafe-member-access
    43:26   error    Unsafe member access .turn on an `any` value                                             @typescript-eslint/no-unsafe-member-access
    46:66   error    Async arrow function has no 'await' expression                                           @typescript-eslint/require-await
    49:52   warning  Unsafe argument of type `any` assigned to a parameter of type `GameStateEntity`          @typescript-eslint/no-unsafe-argument
    60:54   warning  Unsafe argument of type `any` assigned to a parameter of type `GameStateEntity`          @typescript-eslint/no-unsafe-argument
    61:54   warning  Unsafe argument of type `any` assigned to a parameter of type `GameStateEntity`          @typescript-eslint/no-unsafe-argument
    63:21   error    Unsafe member access .pending on an `any` value                                          @typescript-eslint/no-unsafe-member-access
    64:28   error    Unsafe member access .pending on an `any` value                                          @typescript-eslint/no-unsafe-member-access
    65:21   error    Unsafe member access .pending on an `any` value                                          @typescript-eslint/no-unsafe-member-access
    68:81   error    Async arrow function has no 'await' expression                                           @typescript-eslint/require-await
    71:52   warning  Unsafe argument of type `any` assigned to a parameter of type `GameStateEntity`          @typescript-eslint/no-unsafe-argument
    82:25   error    Unsafe member access .status on an `any` value                                           @typescript-eslint/no-unsafe-member-access
    83:25   error    Unsafe member access .phase on an `any` value                                            @typescript-eslint/no-unsafe-member-access
    84:27   error    Unsafe member access .pending on an `any` value                                          @typescript-eslint/no-unsafe-member-access
    85:53   warning  Unsafe argument of type `any` assigned to a parameter of type `GameStateEntity`          @typescript-eslint/no-unsafe-argument
    86:28   error    Unsafe member access .pending on an `any` value                                          @typescript-eslint/no-unsafe-member-access
    88:7    error    Unsafe call of an `any` typed value                                                      @typescript-eslint/no-unsafe-call
    88:17   error    Unsafe member access .actions on an `any` value                                          @typescript-eslint/no-unsafe-member-access
    88:32   error    Unsafe member access .some on an `any` value                                             @typescript-eslint/no-unsafe-member-access
    88:52   error    Unsafe member access .type on an `any` value                                             @typescript-eslint/no-unsafe-member-access
    91:47   warning  Unsafe argument of type `any` assigned to a parameter of type `GameStateEntity`          @typescript-eslint/no-unsafe-argument
    91:54   warning  Unsafe argument of type `any[]` assigned to a parameter of type `GameSingleActionDto[]`  @typescript-eslint/no-unsafe-argument
   102:27   error    Unsafe member access .phase on an `any` value                                            @typescript-eslint/no-unsafe-member-access
   103:27   error    Unsafe member access .metadata on an `any` value                                         @typescript-eslint/no-unsafe-member-access
   104:27   error    Unsafe member access .metadata on an `any` value                                         @typescript-eslint/no-unsafe-member-access
   105:28   error    Unsafe member access .metadata on an `any` value                                         @typescript-eslint/no-unsafe-member-access
   106:21   error    Unsafe member access .metadata on an `any` value                                         @typescript-eslint/no-unsafe-member-access
   106:46   error    Unsafe member access .length on an `any` value                                           @typescript-eslint/no-unsafe-member-access
   109:52   error    Async arrow function has no 'await' expression                                           @typescript-eslint/require-await
   140:43   warning  Unsafe argument of type `any` assigned to a parameter of type `GameStateEntity`          @typescript-eslint/no-unsafe-argument
   147:46   error    Async arrow function has no 'await' expression                                           @typescript-eslint/require-await
   158:24   error    Unsafe member access .type on an `any` value                                             @typescript-eslint/no-unsafe-member-access
   158:51   error    Unsafe member access .id on an `any` value                                               @typescript-eslint/no-unsafe-member-access
   162:37   error    Unsafe member access .type on an `any` value                                             @typescript-eslint/no-unsafe-member-access
   162:64   error    Unsafe member access .id on an `any` value                                               @typescript-eslint/no-unsafe-member-access
   165:37   error    Unsafe member access .type on an `any` value                                             @typescript-eslint/no-unsafe-member-access
   165:64   error    Unsafe member access .id on an `any` value                                               @typescript-eslint/no-unsafe-member-access
   169:24   error    Unsafe member access .type on an `any` value                                             @typescript-eslint/no-unsafe-member-access
   169:48   error    Unsafe member access .actionType on an `any` value                                       @typescript-eslint/no-unsafe-member-access
   174:92   error    Async arrow function has no 'await' expression                                           @typescript-eslint/require-await
   209:43   warning  Unsafe argument of type `any` assigned to a parameter of type `GameStateEntity`          @typescript-eslint/no-unsafe-argument
   214:91   error    Async arrow function has no 'await' expression                                           @typescript-eslint/require-await
   247:50   warning  Unsafe argument of type `any` assigned to a parameter of type `GameStateEntity`          @typescript-eslint/no-unsafe-argument
   247:57   warning  Unsafe argument of type `any[]` assigned to a parameter of type `GameSingleActionDto[]`  @typescript-eslint/no-unsafe-argument
   250:23   error    Unsafe member access .turn on an `any` value                                             @typescript-eslint/no-unsafe-member-access
   251:11   error    Unsafe assignment of an `any` value                                                      @typescript-eslint/no-unsafe-assignment
   251:40   error    Unsafe member access .metadata on an `any` value                                         @typescript-eslint/no-unsafe-member-access
   251:61   error    Unsafe member access .length on an `any` value                                           @typescript-eslint/no-unsafe-member-access
   252:11   error    Unsafe assignment of an `any` value                                                      @typescript-eslint/no-unsafe-assignment
   252:40   error    Unsafe member access .metadata on an `any` value                                         @typescript-eslint/no-unsafe-member-access
   253:8    error    Unsafe member access .length on an `any` value                                           @typescript-eslint/no-unsafe-member-access
   256:11   error    Unsafe assignment of an `any` value                                                      @typescript-eslint/no-unsafe-assignment
   258:7    error    Unsafe assignment of an `any` value                                                      @typescript-eslint/no-unsafe-assignment
   259:23   error    Unsafe member access .metadata on an `any` value                                         @typescript-eslint/no-unsafe-member-access
   264:51   warning  Unsafe argument of type `any` assigned to a parameter of type `GameStateEntity`          @typescript-eslint/no-unsafe-argument
   264:61   warning  Unsafe argument of type `any[]` assigned to a parameter of type `GameSingleActionDto[]`  @typescript-eslint/no-unsafe-argument
   269:25   error    Unsafe member access .metadata on an `any` value                                         @typescript-eslint/no-unsafe-member-access
   269:46   error    Unsafe member access .length on an `any` value                                           @typescript-eslint/no-unsafe-member-access
   270:25   error    Unsafe member access .metadata on an `any` value                                         @typescript-eslint/no-unsafe-member-access
   270:64   error    Unsafe member access .length on an `any` value                                           @typescript-eslint/no-unsafe-member-access
   273:11   error    Unsafe assignment of an `any` value                                                      @typescript-eslint/no-unsafe-assignment
   273:22   error    Unsafe call of an `any` typed value                                                      @typescript-eslint/no-unsafe-call
   273:35   error    Unsafe member access .log on an `any` value                                              @typescript-eslint/no-unsafe-member-access
   273:46   error    Unsafe member access .map on an `any` value                                              @typescript-eslint/no-unsafe-member-access
   274:17   error    Unsafe member access .message on an `any` value                                          @typescript-eslint/no-unsafe-member-access
   277:7    error    Unsafe call of an `any` typed value                                                      @typescript-eslint/no-unsafe-call
   277:16   error    Unsafe member access .filter on an `any` value                                           @typescript-eslint/no-unsafe-member-access
   278:10   error    Unsafe member access .length on an `any` value                                           @typescript-eslint/no-unsafe-member-access
   282:56   error    Async arrow function has no 'await' expression                                           @typescript-eslint/require-await
   313:53   warning  Unsafe argument of type `any` assigned to a parameter of type `GameStateEntity`          @typescript-eslint/no-unsafe-argument
   314:35   error    Unsafe member access .pending on an `any` value                                          @typescript-eslint/no-unsafe-member-access
   319:68   error    Async arrow function has no 'await' expression                                           @typescript-eslint/require-await
   353:49   warning  Unsafe argument of type `any` assigned to a parameter of type `GameStateEntity`          @typescript-eslint/no-unsafe-argument
   353:55   warning  Unsafe argument of type `any[]` assigned to a parameter of type `GameSingleActionDto[]`  @typescript-eslint/no-unsafe-argument
   356:22   error    Unsafe member access .log on an `any` value                                              @typescript-eslint/no-unsafe-member-access
   356:50   warning  Unsafe argument of type `any` assigned to a parameter of type `number | bigint`          @typescript-eslint/no-unsafe-argument
   356:55   error    Unsafe member access .log on an `any` value                                              @typescript-eslint/no-unsafe-member-access
   357:11   error    Unsafe assignment of an `any` value                                                      @typescript-eslint/no-unsafe-assignment
   357:26   error    Unsafe call of an `any` typed value                                                      @typescript-eslint/no-unsafe-call
   357:26   error    Unsafe call of an `any` typed value                                                      @typescript-eslint/no-unsafe-call
   357:36   error    Unsafe member access .log on an `any` value                                              @typescript-eslint/no-unsafe-member-access
   358:19   error    Unsafe member access .log on an `any` value                                              @typescript-eslint/no-unsafe-member-access
   359:8    error    Unsafe member access .map on an `any` value                                              @typescript-eslint/no-unsafe-member-access
   359:34   error    Unsafe member access .message on an `any` value                                          @typescript-eslint/no-unsafe-member-access
   360:12   error    Unsafe call of an `any` typed value                                                      @typescript-eslint/no-unsafe-call
   360:25   error    Unsafe member access .some on an `any` value                                             @typescript-eslint/no-unsafe-member-access
   363:49   warning  Unsafe argument of type `any` assigned to a parameter of type `GameStateEntity`          @typescript-eslint/no-unsafe-argument
   363:55   warning  Unsafe argument of type `any[]` assigned to a parameter of type `GameSingleActionDto[]`  @typescript-eslint/no-unsafe-argument
   366:22   error    Unsafe member access .log on an `any` value                                              @typescript-eslint/no-unsafe-member-access
   366:50   warning  Unsafe argument of type `any` assigned to a parameter of type `number | bigint`          @typescript-eslint/no-unsafe-argument
   366:55   error    Unsafe member access .log on an `any` value                                              @typescript-eslint/no-unsafe-member-access
   367:11   error    Unsafe assignment of an `any` value                                                      @typescript-eslint/no-unsafe-assignment
   367:26   error    Unsafe call of an `any` typed value                                                      @typescript-eslint/no-unsafe-call
   367:26   error    Unsafe call of an `any` typed value                                                      @typescript-eslint/no-unsafe-call
   367:36   error    Unsafe member access .log on an `any` value                                              @typescript-eslint/no-unsafe-member-access
   368:19   error    Unsafe member access .log on an `any` value                                              @typescript-eslint/no-unsafe-member-access
   369:8    error    Unsafe member access .map on an `any` value                                              @typescript-eslint/no-unsafe-member-access
   369:34   error    Unsafe member access .message on an `any` value                                          @typescript-eslint/no-unsafe-member-access
   370:12   error    Unsafe call of an `any` typed value                                                      @typescript-eslint/no-unsafe-call
   370:25   error    Unsafe member access .some on an `any` value                                             @typescript-eslint/no-unsafe-member-access
   373:49   warning  Unsafe argument of type `any` assigned to a parameter of type `GameStateEntity`          @typescript-eslint/no-unsafe-argument
   373:55   warning  Unsafe argument of type `any[]` assigned to a parameter of type `GameSingleActionDto[]`  @typescript-eslint/no-unsafe-argument
   376:22   error    Unsafe member access .log on an `any` value                                              @typescript-eslint/no-unsafe-member-access
   376:50   warning  Unsafe argument of type `any` assigned to a parameter of type `number | bigint`          @typescript-eslint/no-unsafe-argument
   376:55   error    Unsafe member access .log on an `any` value                                              @typescript-eslint/no-unsafe-member-access
   377:11   error    Unsafe assignment of an `any` value                                                      @typescript-eslint/no-unsafe-assignment
   377:26   error    Unsafe call of an `any` typed value                                                      @typescript-eslint/no-unsafe-call
   377:26   error    Unsafe call of an `any` typed value                                                      @typescript-eslint/no-unsafe-call
   377:36   error    Unsafe member access .log on an `any` value                                              @typescript-eslint/no-unsafe-member-access
   378:19   error    Unsafe member access .log on an `any` value                                              @typescript-eslint/no-unsafe-member-access
   379:8    error    Unsafe member access .map on an `any` value                                              @typescript-eslint/no-unsafe-member-access
   379:34   error    Unsafe member access .message on an `any` value                                          @typescript-eslint/no-unsafe-member-access
   380:12   error    Unsafe call of an `any` typed value                                                      @typescript-eslint/no-unsafe-call
   380:25   error    Unsafe member access .some on an `any` value                                             @typescript-eslint/no-unsafe-member-access
   383:12   error    Unsafe call of an `any` typed value                                                      @typescript-eslint/no-unsafe-call
   383:25   error    Unsafe member access .some on an `any` value                                             @typescript-eslint/no-unsafe-member-access
   388:49   warning  Unsafe argument of type `any` assigned to a parameter of type `GameStateEntity`          @typescript-eslint/no-unsafe-argument
   388:55   warning  Unsafe argument of type `any[]` assigned to a parameter of type `GameSingleActionDto[]`  @typescript-eslint/no-unsafe-argument
   391:22   error    Unsafe member access .log on an `any` value                                              @typescript-eslint/no-unsafe-member-access
   391:50   warning  Unsafe argument of type `any` assigned to a parameter of type `number | bigint`          @typescript-eslint/no-unsafe-argument
   391:55   error    Unsafe member access .log on an `any` value                                              @typescript-eslint/no-unsafe-member-access
   392:11   error    Unsafe assignment of an `any` value                                                      @typescript-eslint/no-unsafe-assignment
   392:26   error    Unsafe call of an `any` typed value                                                      @typescript-eslint/no-unsafe-call
   392:26   error    Unsafe call of an `any` typed value                                                      @typescript-eslint/no-unsafe-call
   392:36   error    Unsafe member access .log on an `any` value                                              @typescript-eslint/no-unsafe-member-access
   393:19   error    Unsafe member access .log on an `any` value                                              @typescript-eslint/no-unsafe-member-access
   394:8    error    Unsafe member access .map on an `any` value                                              @typescript-eslint/no-unsafe-member-access
   394:34   error    Unsafe member access .message on an `any` value                                          @typescript-eslint/no-unsafe-member-access
   395:12   error    Unsafe call of an `any` typed value                                                      @typescript-eslint/no-unsafe-call
   395:25   error    Unsafe member access .some on an `any` value                                             @typescript-eslint/no-unsafe-member-access
   398:11   error    Unsafe assignment of an `any` value                                                      @typescript-eslint/no-unsafe-assignment
   400:7    error    Unsafe assignment of an `any` value                                                      @typescript-eslint/no-unsafe-assignment
   401:17   error    Unsafe member access .metadata on an `any` value                                         @typescript-eslint/no-unsafe-member-access
   406:49   warning  Unsafe argument of type `any` assigned to a parameter of type `GameStateEntity`          @typescript-eslint/no-unsafe-argument
   406:60   warning  Unsafe argument of type `any[]` assigned to a parameter of type `GameSingleActionDto[]`  @typescript-eslint/no-unsafe-argument
   409:22   error    Unsafe member access .log on an `any` value                                              @typescript-eslint/no-unsafe-member-access
   409:50   warning  Unsafe argument of type `any` assigned to a parameter of type `number | bigint`          @typescript-eslint/no-unsafe-argument
   409:60   error    Unsafe member access .log on an `any` value                                              @typescript-eslint/no-unsafe-member-access
   410:11   error    Unsafe assignment of an `any` value                                                      @typescript-eslint/no-unsafe-assignment
   410:26   error    Unsafe call of an `any` typed value                                                      @typescript-eslint/no-unsafe-call
   410:26   error    Unsafe call of an `any` typed value                                                      @typescript-eslint/no-unsafe-call
   410:36   error    Unsafe member access .log on an `any` value                                              @typescript-eslint/no-unsafe-member-access
   411:24   error    Unsafe member access .log on an `any` value                                              @typescript-eslint/no-unsafe-member-access
   412:8    error    Unsafe member access .map on an `any` value                                              @typescript-eslint/no-unsafe-member-access
   412:34   error    Unsafe member access .message on an `any` value                                          @typescript-eslint/no-unsafe-member-access
   413:12   error    Unsafe call of an `any` typed value                                                      @typescript-eslint/no-unsafe-call
   413:25   error    Unsafe member access .some on an `any` value                                             @typescript-eslint/no-unsafe-member-access
   418:11   error    Unsafe assignment of an `any` value                                                      @typescript-eslint/no-unsafe-assignment
   420:7    error    Unsafe assignment of an `any` value                                                      @typescript-eslint/no-unsafe-assignment
   421:17   error    Unsafe member access .metadata on an `any` value                                         @typescript-eslint/no-unsafe-member-access
   429:51   warning  Unsafe argument of type `any` assigned to a parameter of type `GameStateEntity`          @typescript-eslint/no-unsafe-argument
   429:64   warning  Unsafe argument of type `any[]` assigned to a parameter of type `GameSingleActionDto[]`  @typescript-eslint/no-unsafe-argument
   436:24   error    Unsafe member access .log on an `any` value                                              @typescript-eslint/no-unsafe-member-access
   436:52   warning  Unsafe argument of type `any` assigned to a parameter of type `number | bigint`          @typescript-eslint/no-unsafe-argument
   436:64   error    Unsafe member access .log on an `any` value                                              @typescript-eslint/no-unsafe-member-access
   437:11   error    Unsafe assignment of an `any` value                                                      @typescript-eslint/no-unsafe-assignment
   437:28   error    Unsafe call of an `any` typed value                                                      @typescript-eslint/no-unsafe-call
   437:28   error    Unsafe call of an `any` typed value                                                      @typescript-eslint/no-unsafe-call
   437:40   error    Unsafe member access .log on an `any` value                                              @typescript-eslint/no-unsafe-member-access
   438:26   error    Unsafe member access .log on an `any` value                                              @typescript-eslint/no-unsafe-member-access
   439:8    error    Unsafe member access .map on an `any` value                                              @typescript-eslint/no-unsafe-member-access
   439:34   error    Unsafe member access .message on an `any` value                                          @typescript-eslint/no-unsafe-member-access
   440:12   error    Unsafe call of an `any` typed value                                                      @typescript-eslint/no-unsafe-call
   440:27   error    Unsafe member access .some on an `any` value                                             @typescript-eslint/no-unsafe-member-access
   445:73   error    Async arrow function has no 'await' expression                                           @typescript-eslint/require-await
   478:45   warning  Unsafe argument of type `any` assigned to a parameter of type `GameStateEntity`          @typescript-eslint/no-unsafe-argument
   478:52   warning  Unsafe argument of type `any[]` assigned to a parameter of type `GameSingleActionDto[]`  @typescript-eslint/no-unsafe-argument
   482:11   error    Unsafe assignment of an `any` value                                                      @typescript-eslint/no-unsafe-assignment
   482:22   error    Unsafe call of an `any` typed value                                                      @typescript-eslint/no-unsafe-call
   482:29   error    Unsafe member access .log on an `any` value                                              @typescript-eslint/no-unsafe-member-access
   482:40   error    Unsafe member access .map on an `any` value                                              @typescript-eslint/no-unsafe-member-access
   483:17   error    Unsafe member access .message on an `any` value                                          @typescript-eslint/no-unsafe-member-access
   485:12   error    Unsafe call of an `any` typed value                                                      @typescript-eslint/no-unsafe-call
   485:21   error    Unsafe member access .some on an `any` value                                             @typescript-eslint/no-unsafe-member-access
   487:7    error    Unsafe call of an `any` typed value                                                      @typescript-eslint/no-unsafe-call
   487:16   error    Unsafe member access .filter on an `any` value                                           @typescript-eslint/no-unsafe-member-access
   488:10   error    Unsafe member access .length on an `any` value                                           @typescript-eslint/no-unsafe-member-access
   492:101  error    Async arrow function has no 'await' expression                                           @typescript-eslint/require-await
   529:54   warning  Unsafe argument of type `any` assigned to a parameter of type `GameStateEntity`          @typescript-eslint/no-unsafe-argument
   530:54   warning  Unsafe argument of type `any` assigned to a parameter of type `GameStateEntity`          @typescript-eslint/no-unsafe-argument
   532:11   error    Unsafe assignment of an `any` value                                                      @typescript-eslint/no-unsafe-assignment
   532:23   error    Unsafe call of an `any` typed value                                                      @typescript-eslint/no-unsafe-call
   532:33   error    Unsafe member access .log on an `any` value                                              @typescript-eslint/no-unsafe-member-access
   532:44   error    Unsafe member access .map on an `any` value                                              @typescript-eslint/no-unsafe-member-access
   533:17   error    Unsafe member access .message on an `any` value                                          @typescript-eslint/no-unsafe-member-access
   535:11   error    Unsafe assignment of an `any` value                                                      @typescript-eslint/no-unsafe-assignment
   535:23   error    Unsafe call of an `any` typed value                                                      @typescript-eslint/no-unsafe-call
   535:33   error    Unsafe member access .log on an `any` value                                              @typescript-eslint/no-unsafe-member-access
   535:44   error    Unsafe member access .map on an `any` value                                              @typescript-eslint/no-unsafe-member-access
   536:17   error    Unsafe member access .message on an `any` value                                          @typescript-eslint/no-unsafe-member-access
   548:85   error    Async arrow function has no 'await' expression                                           @typescript-eslint/require-await
   581:50   warning  Unsafe argument of type `any` assigned to a parameter of type `GameStateEntity`          @typescript-eslint/no-unsafe-argument
   581:57   warning  Unsafe argument of type `any[]` assigned to a parameter of type `GameSingleActionDto[]`  @typescript-eslint/no-unsafe-argument
   584:23   error    Unsafe member access .turn on an `any` value                                             @typescript-eslint/no-unsafe-member-access
   585:31   error    Unsafe member access .metadata on an `any` value                                         @typescript-eslint/no-unsafe-member-access
   586:11   error    Unsafe assignment of an `any` value                                                      @typescript-eslint/no-unsafe-assignment
   586:40   error    Unsafe member access .metadata on an `any` value                                         @typescript-eslint/no-unsafe-member-access
   586:61   error    Unsafe member access .length on an `any` value                                           @typescript-eslint/no-unsafe-member-access
   587:11   error    Unsafe assignment of an `any` value                                                      @typescript-eslint/no-unsafe-assignment
   587:40   error    Unsafe member access .metadata on an `any` value                                         @typescript-eslint/no-unsafe-member-access
   588:8    error    Unsafe member access .length on an `any` value                                           @typescript-eslint/no-unsafe-member-access
   590:51   warning  Unsafe argument of type `any` assigned to a parameter of type `GameStateEntity`          @typescript-eslint/no-unsafe-argument
   590:63   warning  Unsafe argument of type `any[]` assigned to a parameter of type `GameSingleActionDto[]`  @typescript-eslint/no-unsafe-argument
   595:25   error    Unsafe member access .metadata on an `any` value                                         @typescript-eslint/no-unsafe-member-access
   595:46   error    Unsafe member access .length on an `any` value                                           @typescript-eslint/no-unsafe-member-access
   596:25   error    Unsafe member access .metadata on an `any` value                                         @typescript-eslint/no-unsafe-member-access
   596:64   error    Unsafe member access .length on an `any` value                                           @typescript-eslint/no-unsafe-member-access
   599:11   error    Unsafe assignment of an `any` value                                                      @typescript-eslint/no-unsafe-assignment
   599:22   error    Unsafe call of an `any` typed value                                                      @typescript-eslint/no-unsafe-call
   599:35   error    Unsafe member access .log on an `any` value                                              @typescript-eslint/no-unsafe-member-access
   599:46   error    Unsafe member access .map on an `any` value                                              @typescript-eslint/no-unsafe-member-access
   600:17   error    Unsafe member access .message on an `any` value                                          @typescript-eslint/no-unsafe-member-access
   603:7    error    Unsafe call of an `any` typed value                                                      @typescript-eslint/no-unsafe-call
   603:16   error    Unsafe member access .filter on an `any` value                                           @typescript-eslint/no-unsafe-member-access
   604:10   error    Unsafe member access .length on an `any` value                                           @typescript-eslint/no-unsafe-member-access
   608:67   error    Async arrow function has no 'await' expression                                           @typescript-eslint/require-await
   639:53   warning  Unsafe argument of type `any` assigned to a parameter of type `GameStateEntity`          @typescript-eslint/no-unsafe-argument
   640:11   error    Unsafe assignment of an `any` value                                                      @typescript-eslint/no-unsafe-assignment
   640:30   error    Unsafe member access .pending on an `any` value                                          @typescript-eslint/no-unsafe-member-access
   643:11   error    Unsafe assignment of an `any` value                                                      @typescript-eslint/no-unsafe-assignment
   643:25   error    Unsafe call of an `any` typed value                                                      @typescript-eslint/no-unsafe-call
   643:35   error    Unsafe member access .actions on an `any` value                                          @typescript-eslint/no-unsafe-member-access
   643:50   error    Unsafe member access .filter on an `any` value                                           @typescript-eslint/no-unsafe-member-access
   644:22   error    Unsafe member access .type on an `any` value                                             @typescript-eslint/no-unsafe-member-access
   646:24   error    Unsafe member access .length on an `any` value                                           @typescript-eslint/no-unsafe-member-access
   648:7    error    Unsafe call of an `any` typed value                                                      @typescript-eslint/no-unsafe-call
   648:19   error    Unsafe member access .every on an `any` value                                            @typescript-eslint/no-unsafe-member-access
   648:47   error    Unsafe member access .payload on an `any` value                                          @typescript-eslint/no-unsafe-member-access
   652:82   error    Async arrow function has no 'await' expression                                           @typescript-eslint/require-await
   683:53   warning  Unsafe argument of type `any` assigned to a parameter of type `GameStateEntity`          @typescript-eslint/no-unsafe-argument
   684:11   error    Unsafe assignment of an `any` value                                                      @typescript-eslint/no-unsafe-assignment
   684:21   error    Unsafe call of an `any` typed value                                                      @typescript-eslint/no-unsafe-call
   684:31   error    Unsafe member access .pending on an `any` value                                          @typescript-eslint/no-unsafe-member-access
   684:55   error    Unsafe member access .map on an `any` value                                              @typescript-eslint/no-unsafe-member-access
   689:7    error    Unsafe call of an `any` typed value                                                      @typescript-eslint/no-unsafe-call
   689:15   error    Unsafe member access .every on an `any` value                                            @typescript-eslint/no-unsafe-member-access
   694:11   error    Unsafe assignment of an `any` value                                                      @typescript-eslint/no-unsafe-assignment
   694:25   error    Unsafe call of an `any` typed value                                                      @typescript-eslint/no-unsafe-call
   694:35   error    Unsafe member access .actions on an `any` value                                          @typescript-eslint/no-unsafe-member-access
   694:50   error    Unsafe member access .map on an `any` value                                              @typescript-eslint/no-unsafe-member-access
   695:17   error    Unsafe member access .type on an `any` value                                             @typescript-eslint/no-unsafe-member-access
   701:47   error    Async arrow function has no 'await' expression                                           @typescript-eslint/require-await
   732:45   warning  Unsafe argument of type `any` assigned to a parameter of type `GameStateEntity`          @typescript-eslint/no-unsafe-argument
   732:52   warning  Unsafe argument of type `any[]` assigned to a parameter of type `GameSingleActionDto[]`  @typescript-eslint/no-unsafe-argument
   736:18   error    Unsafe member access .turn on an `any` value                                             @typescript-eslint/no-unsafe-member-access
   737:19   error    Unsafe member access .metadata on an `any` value                                         @typescript-eslint/no-unsafe-member-access
   737:40   error    Unsafe member access .length on an `any` value                                           @typescript-eslint/no-unsafe-member-access
   738:19   error    Unsafe member access .metadata on an `any` value                                         @typescript-eslint/no-unsafe-member-access
   738:58   error    Unsafe member access .length on an `any` value                                           @typescript-eslint/no-unsafe-member-access
   741:75   error    Async arrow function has no 'await' expression                                           @typescript-eslint/require-await
   772:53   warning  Unsafe argument of type `any` assigned to a parameter of type `GameStateEntity`          @typescript-eslint/no-unsafe-argument
   773:11   error    Unsafe assignment of an `any` value                                                      @typescript-eslint/no-unsafe-assignment
   773:25   error    Unsafe call of an `any` typed value                                                      @typescript-eslint/no-unsafe-call
   773:35   error    Unsafe member access .actions on an `any` value                                          @typescript-eslint/no-unsafe-member-access
   773:50   error    Unsafe member access .map on an `any` value                                              @typescript-eslint/no-unsafe-member-access
   774:17   error    Unsafe member access .type on an `any` value                                             @typescript-eslint/no-unsafe-member-access
   778:45   warning  Unsafe argument of type `any` assigned to a parameter of type `GameStateEntity`          @typescript-eslint/no-unsafe-argument
   778:52   warning  Unsafe argument of type `any[]` assigned to a parameter of type `GameSingleActionDto[]`  @typescript-eslint/no-unsafe-argument
   782:18   error    Unsafe member access .turnIndex on an `any` value                                        @typescript-eslint/no-unsafe-member-access
   782:40   error    Unsafe member access .turnIndex on an `any` value                                        @typescript-eslint/no-unsafe-member-access
   783:19   error    Unsafe member access .metadata on an `any` value                                         @typescript-eslint/no-unsafe-member-access
   783:41   error    Unsafe member access .length on an `any` value                                           @typescript-eslint/no-unsafe-member-access
   784:14   error    Unsafe member access .metadata on an `any` value                                         @typescript-eslint/no-unsafe-member-access
   784:36   error    Unsafe member access .length on an `any` value                                           @typescript-eslint/no-unsafe-member-access
   786:19   error    Unsafe member access .metadata on an `any` value                                         @typescript-eslint/no-unsafe-member-access
   786:59   error    Unsafe member access .length on an `any` value                                           @typescript-eslint/no-unsafe-member-access
   787:14   error    Unsafe member access .metadata on an `any` value                                         @typescript-eslint/no-unsafe-member-access
   787:54   error    Unsafe member access .length on an `any` value                                           @typescript-eslint/no-unsafe-member-access
   791:90   error    Async arrow function has no 'await' expression                                           @typescript-eslint/require-await
   824:45   warning  Unsafe argument of type `any` assigned to a parameter of type `GameStateEntity`          @typescript-eslint/no-unsafe-argument
   824:52   warning  Unsafe argument of type `any[]` assigned to a parameter of type `GameSingleActionDto[]`  @typescript-eslint/no-unsafe-argument
   828:18   error    Unsafe member access .turn on an `any` value                                             @typescript-eslint/no-unsafe-member-access
   829:19   error    Unsafe member access .metadata on an `any` value                                         @typescript-eslint/no-unsafe-member-access
   829:40   error    Unsafe member access .length on an `any` value                                           @typescript-eslint/no-unsafe-member-access
   830:19   error    Unsafe member access .metadata on an `any` value                                         @typescript-eslint/no-unsafe-member-access
   830:58   error    Unsafe member access .length on an `any` value                                           @typescript-eslint/no-unsafe-member-access
   831:26   error    Unsafe member access .metadata on an `any` value                                         @typescript-eslint/no-unsafe-member-access
   833:53   warning  Unsafe argument of type `any` assigned to a parameter of type `GameStateEntity`          @typescript-eslint/no-unsafe-argument
   834:11   error    Unsafe assignment of an `any` value                                                      @typescript-eslint/no-unsafe-assignment
   834:25   error    Unsafe call of an `any` typed value                                                      @typescript-eslint/no-unsafe-call
   834:35   error    Unsafe member access .actions on an `any` value                                          @typescript-eslint/no-unsafe-member-access
   834:50   error    Unsafe member access .map on an `any` value                                              @typescript-eslint/no-unsafe-member-access
   835:17   error    Unsafe member access .type on an `any` value                                             @typescript-eslint/no-unsafe-member-access
   843:88   error    Async arrow function has no 'await' expression                                           @typescript-eslint/require-await
   874:45   warning  Unsafe argument of type `any` assigned to a parameter of type `GameStateEntity`          @typescript-eslint/no-unsafe-argument
   874:52   warning  Unsafe argument of type `any[]` assigned to a parameter of type `GameSingleActionDto[]`  @typescript-eslint/no-unsafe-argument
   880:19   error    Unsafe member access .metadata on an `any` value                                         @typescript-eslint/no-unsafe-member-access
   880:40   error    Unsafe member access .length on an `any` value                                           @typescript-eslint/no-unsafe-member-access
   881:19   error    Unsafe member access .metadata on an `any` value                                         @typescript-eslint/no-unsafe-member-access
   881:58   error    Unsafe member access .length on an `any` value                                           @typescript-eslint/no-unsafe-member-access
   882:18   error    Unsafe member access .turn on an `any` value                                             @typescript-eslint/no-unsafe-member-access
   885:48   error    Async arrow function has no 'await' expression                                           @typescript-eslint/require-await
   918:45   warning  Unsafe argument of type `any` assigned to a parameter of type `GameStateEntity`          @typescript-eslint/no-unsafe-argument
   918:52   warning  Unsafe argument of type `any[]` assigned to a parameter of type `GameSingleActionDto[]`  @typescript-eslint/no-unsafe-argument
   926:18   error    Unsafe member access .turn on an `any` value                                             @typescript-eslint/no-unsafe-member-access
   929:77   error    Async arrow function has no 'await' expression                                           @typescript-eslint/require-await
   962:45   warning  Unsafe argument of type `any` assigned to a parameter of type `GameStateEntity`          @typescript-eslint/no-unsafe-argument
   962:52   warning  Unsafe argument of type `any[]` assigned to a parameter of type `GameSingleActionDto[]`  @typescript-eslint/no-unsafe-argument
   971:25   error    Unsafe member access .metadata on an `any` value                                         @typescript-eslint/no-unsafe-member-access
   973:25   error    Unsafe member access .metadata on an `any` value                                         @typescript-eslint/no-unsafe-member-access
   976:104  error    Async arrow function has no 'await' expression                                           @typescript-eslint/require-await
  1011:45   warning  Unsafe argument of type `any` assigned to a parameter of type `GameStateEntity`          @typescript-eslint/no-unsafe-argument
  1011:52   warning  Unsafe argument of type `any[]` assigned to a parameter of type `GameSingleActionDto[]`  @typescript-eslint/no-unsafe-argument
  1018:25   error    Unsafe member access .metadata on an `any` value                                         @typescript-eslint/no-unsafe-member-access
  1019:25   error    Unsafe member access .round on an `any` value                                            @typescript-eslint/no-unsafe-member-access
  1020:25   error    Unsafe member access .metadata on an `any` value                                         @typescript-eslint/no-unsafe-member-access
  1023:80   error    Async arrow function has no 'await' expression                                           @typescript-eslint/require-await
  1063:45   warning  Unsafe argument of type `any` assigned to a parameter of type `GameStateEntity`          @typescript-eslint/no-unsafe-argument
  1063:57   warning  Unsafe argument of type `any[]` assigned to a parameter of type `GameSingleActionDto[]`  @typescript-eslint/no-unsafe-argument
  1068:11   error    Unsafe assignment of an `any` value                                                      @typescript-eslint/no-unsafe-assignment
  1068:22   error    Unsafe call of an `any` typed value                                                      @typescript-eslint/no-unsafe-call
  1068:29   error    Unsafe member access .log on an `any` value                                              @typescript-eslint/no-unsafe-member-access
  1068:40   error    Unsafe member access .map on an `any` value                                              @typescript-eslint/no-unsafe-member-access
  1069:17   error    Unsafe member access .message on an `any` value                                          @typescript-eslint/no-unsafe-member-access
  1072:7    error    Unsafe call of an `any` typed value                                                      @typescript-eslint/no-unsafe-call
  1072:16   error    Unsafe member access .filter on an `any` value                                           @typescript-eslint/no-unsafe-member-access
  1072:67   error    Unsafe member access .length on an `any` value                                           @typescript-eslint/no-unsafe-member-access
  1074:25   error    Unsafe member access .metadata on an `any` value                                         @typescript-eslint/no-unsafe-member-access
  1077:98   error    Async arrow function has no 'await' expression                                           @typescript-eslint/require-await
  1119:45   warning  Unsafe argument of type `any` assigned to a parameter of type `GameStateEntity`          @typescript-eslint/no-unsafe-argument
  1119:52   warning  Unsafe argument of type `any[]` assigned to a parameter of type `GameSingleActionDto[]`  @typescript-eslint/no-unsafe-argument
  1123:11   error    Unsafe assignment of an `any` value                                                      @typescript-eslint/no-unsafe-assignment
  1123:22   error    Unsafe call of an `any` typed value                                                      @typescript-eslint/no-unsafe-call
  1123:29   error    Unsafe member access .log on an `any` value                                              @typescript-eslint/no-unsafe-member-access
  1123:40   error    Unsafe member access .map on an `any` value                                              @typescript-eslint/no-unsafe-member-access
  1124:17   error    Unsafe member access .message on an `any` value                                          @typescript-eslint/no-unsafe-member-access
  1127:7    error    Unsafe call of an `any` typed value                                                      @typescript-eslint/no-unsafe-call
  1127:16   error    Unsafe member access .filter on an `any` value                                           @typescript-eslint/no-unsafe-member-access
  1127:67   error    Unsafe member access .length on an `any` value                                           @typescript-eslint/no-unsafe-member-access
  1129:25   error    Unsafe member access .metadata on an `any` value                                         @typescript-eslint/no-unsafe-member-access
  1130:25   error    Unsafe member access .metadata on an `any` value                                         @typescript-eslint/no-unsafe-member-access
  1133:66   error    Async arrow function has no 'await' expression                                           @typescript-eslint/require-await
  1169:45   warning  Unsafe argument of type `any` assigned to a parameter of type `GameStateEntity`          @typescript-eslint/no-unsafe-argument
  1169:51   warning  Unsafe argument of type `any[]` assigned to a parameter of type `GameSingleActionDto[]`  @typescript-eslint/no-unsafe-argument
  1174:25   error    Unsafe member access .metadata on an `any` value                                         @typescript-eslint/no-unsafe-member-access
  1177:25   error    Unsafe member access .metadata on an `any` value                                         @typescript-eslint/no-unsafe-member-access
  1178:25   error    Unsafe member access .metadata on an `any` value                                         @typescript-eslint/no-unsafe-member-access
  1179:11   error    Unsafe assignment of an `any` value                                                      @typescript-eslint/no-unsafe-assignment
  1179:22   error    Unsafe call of an `any` typed value                                                      @typescript-eslint/no-unsafe-call
  1179:29   error    Unsafe member access .log on an `any` value                                              @typescript-eslint/no-unsafe-member-access
  1179:40   error    Unsafe member access .map on an `any` value                                              @typescript-eslint/no-unsafe-member-access
  1180:17   error    Unsafe member access .message on an `any` value                                          @typescript-eslint/no-unsafe-member-access
  1182:12   error    Unsafe call of an `any` typed value                                                      @typescript-eslint/no-unsafe-call
  1182:21   error    Unsafe member access .some on an `any` value                                             @typescript-eslint/no-unsafe-member-access
  1187:76   error    Async arrow function has no 'await' expression                                           @typescript-eslint/require-await
  1222:45   warning  Unsafe argument of type `any` assigned to a parameter of type `GameStateEntity`          @typescript-eslint/no-unsafe-argument
  1222:51   warning  Unsafe argument of type `any[]` assigned to a parameter of type `GameSingleActionDto[]`  @typescript-eslint/no-unsafe-argument
  1226:25   error    Unsafe member access .metadata on an `any` value                                         @typescript-eslint/no-unsafe-member-access
  1229:25   error    Unsafe member access .metadata on an `any` value                                         @typescript-eslint/no-unsafe-member-access
  1230:25   error    Unsafe member access .metadata on an `any` value                                         @typescript-eslint/no-unsafe-member-access
  1231:18   error    Unsafe member access .metadata on an `any` value                                         @typescript-eslint/no-unsafe-member-access

C:\wamp64\www\lemondeDeLila\backend\src\game\games\vents-sacres\morpion\morpion.presenter.ts
   59:11  error  Unsafe assignment of an `any` value               @typescript-eslint/no-unsafe-assignment
   59:37  error  Unsafe member access .winnerId on an `any` value  @typescript-eslint/no-unsafe-member-access
   60:41  error  Unsafe member access .draw on an `any` value      @typescript-eslint/no-unsafe-member-access
   72:5   error  Unsafe return of a value of type `any`            @typescript-eslint/no-unsafe-return
  127:5   error  '_metadata' is defined but never used             @typescript-eslint/no-unused-vars
  128:5   error  '_currentPlayerId' is defined but never used      @typescript-eslint/no-unused-vars

C:\wamp64\www\lemondeDeLila\backend\src\game\games\vents-sacres\morpion\morpion.service.ts
  146:16  error    '_ctx' is defined but never used                                        @typescript-eslint/no-unused-vars
  163:11  error    Unsafe assignment of an `any` value                                     @typescript-eslint/no-unsafe-assignment
  164:31  error    Unsafe member access .meta on an `any` value                            @typescript-eslint/no-unsafe-member-access
  165:27  error    Unsafe member access .meta on an `any` value                            @typescript-eslint/no-unsafe-member-access
  171:47  error    Unsafe member access .x on an `any` value                               @typescript-eslint/no-unsafe-member-access
  172:47  error    Unsafe member access .y on an `any` value                               @typescript-eslint/no-unsafe-member-access
  191:5   error    Unsafe assignment of an `any` value                                     @typescript-eslint/no-unsafe-assignment
  197:53  warning  Unsafe argument of type `any` assigned to a parameter of type `number`  @typescript-eslint/no-unsafe-argument
  214:38  warning  Unsafe argument of type `any` assigned to a parameter of type `number`  @typescript-eslint/no-unsafe-argument
  231:25  error    Unsafe member access .winnerPlayerId on an `any` value                  @typescript-eslint/no-unsafe-member-access
  232:25  error    Unsafe member access .winnerId on an `any` value                        @typescript-eslint/no-unsafe-member-access
  234:27  error    Unsafe member access .outcomesByPlayerId on an `any` value              @typescript-eslint/no-unsafe-member-access
  271:19  error    Unsafe return of a value of type `any`                                  @typescript-eslint/no-unsafe-return
  271:22  error    Unsafe member access .id on an `any` value                              @typescript-eslint/no-unsafe-member-access
  279:41  error    '_size' is defined but never used                                       @typescript-eslint/no-unused-vars
  343:11  error    Unsafe assignment of an `any` value                                     @typescript-eslint/no-unsafe-assignment
  343:33  error    Unsafe member access .id on an `any` value                              @typescript-eslint/no-unsafe-member-access
  344:11  error    Unsafe assignment of an `any` value                                     @typescript-eslint/no-unsafe-assignment
  344:33  error    Unsafe member access .id on an `any` value                              @typescript-eslint/no-unsafe-member-access

C:\wamp64\www\lemondeDeLila\backend\src\game\games\vents-sacres\morpion\tests\morpion.service.spec.ts
    6:65  error    Async arrow function has no 'await' expression                                           @typescript-eslint/require-await
    8:7   warning  Unsafe argument of type `any` assigned to a parameter of type `GameRegistryService`      @typescript-eslint/no-unsafe-argument
   12:52  warning  Unsafe argument of type `any` assigned to a parameter of type `GameStateEntity`          @typescript-eslint/no-unsafe-argument
   23:54  warning  Unsafe argument of type `any` assigned to a parameter of type `GameStateEntity`          @typescript-eslint/no-unsafe-argument
   24:54  warning  Unsafe argument of type `any` assigned to a parameter of type `GameStateEntity`          @typescript-eslint/no-unsafe-argument
   26:22  error    Unsafe member access .actions on an `any` value                                          @typescript-eslint/no-unsafe-member-access
   26:37  error    Unsafe member access .length on an `any` value                                           @typescript-eslint/no-unsafe-member-access
   27:22  error    Unsafe member access .actions on an `any` value                                          @typescript-eslint/no-unsafe-member-access
   27:37  error    Unsafe member access .length on an `any` value                                           @typescript-eslint/no-unsafe-member-access
   30:35  error    Async arrow function has no 'await' expression                                           @typescript-eslint/require-await
   32:7   warning  Unsafe argument of type `any` assigned to a parameter of type `GameRegistryService`      @typescript-eslint/no-unsafe-argument
   36:50  warning  Unsafe argument of type `any` assigned to a parameter of type `GameStateEntity`          @typescript-eslint/no-unsafe-argument
   48:7   error    Unsafe return of a value of type `any`                                                   @typescript-eslint/no-unsafe-return
   50:34  warning  Unsafe argument of type `any` assigned to a parameter of type `GameStateEntity`          @typescript-eslint/no-unsafe-argument
   50:41  warning  Unsafe argument of type `any[]` assigned to a parameter of type `GameSingleActionDto[]`  @typescript-eslint/no-unsafe-argument
   51:34  warning  Unsafe argument of type `any` assigned to a parameter of type `GameStateEntity`          @typescript-eslint/no-unsafe-argument
   51:41  warning  Unsafe argument of type `any[]` assigned to a parameter of type `GameSingleActionDto[]`  @typescript-eslint/no-unsafe-argument
   52:34  warning  Unsafe argument of type `any` assigned to a parameter of type `GameStateEntity`          @typescript-eslint/no-unsafe-argument
   52:41  warning  Unsafe argument of type `any[]` assigned to a parameter of type `GameSingleActionDto[]`  @typescript-eslint/no-unsafe-argument
   53:34  warning  Unsafe argument of type `any` assigned to a parameter of type `GameStateEntity`          @typescript-eslint/no-unsafe-argument
   53:41  warning  Unsafe argument of type `any[]` assigned to a parameter of type `GameSingleActionDto[]`  @typescript-eslint/no-unsafe-argument
   54:34  warning  Unsafe argument of type `any` assigned to a parameter of type `GameStateEntity`          @typescript-eslint/no-unsafe-argument
   54:41  warning  Unsafe argument of type `any[]` assigned to a parameter of type `GameSingleActionDto[]`  @typescript-eslint/no-unsafe-argument
   56:25  error    Unsafe member access .status on an `any` value                                           @typescript-eslint/no-unsafe-member-access
   57:18  error    Unsafe member access .metadata on an `any` value                                         @typescript-eslint/no-unsafe-member-access
   60:50  error    Async arrow function has no 'await' expression                                           @typescript-eslint/require-await
   62:7   warning  Unsafe argument of type `any` assigned to a parameter of type `GameRegistryService`      @typescript-eslint/no-unsafe-argument
   66:52  warning  Unsafe argument of type `any` assigned to a parameter of type `GameStateEntity`          @typescript-eslint/no-unsafe-argument
   78:11  error    Unsafe member access .turn on an `any` value                                             @typescript-eslint/no-unsafe-member-access
   80:43  warning  Unsafe argument of type `any` assigned to a parameter of type `GameStateEntity`          @typescript-eslint/no-unsafe-argument
   85:55  error    Async arrow function has no 'await' expression                                           @typescript-eslint/require-await
   87:7   warning  Unsafe argument of type `any` assigned to a parameter of type `GameRegistryService`      @typescript-eslint/no-unsafe-argument
   91:52  warning  Unsafe argument of type `any` assigned to a parameter of type `GameStateEntity`          @typescript-eslint/no-unsafe-argument
  102:53  warning  Unsafe argument of type `any` assigned to a parameter of type `GameStateEntity`          @typescript-eslint/no-unsafe-argument
  103:21  error    Unsafe member access .extras on an `any` value                                           @typescript-eslint/no-unsafe-member-access
  104:21  error    Unsafe member access .extras on an `any` value                                           @typescript-eslint/no-unsafe-member-access

C:\wamp64\www\lemondeDeLila\backend\src\game\modules\board-effects-policies\services\board-effects-policies.service.ts
  20:26  error  'rawLabel ?? ''' will use Object's default stringification format ('[object Object]') when stringified  @typescript-eslint/no-base-to-string

C:\wamp64\www\lemondeDeLila\backend\src\game\modules\board\services\board-payload.service.ts
  26:62  error  'v ?? ''' will use Object's default stringification format ('[object Object]') when stringified  @typescript-eslint/no-base-to-string
  36:62  error  'v ?? ''' will use Object's default stringification format ('[object Object]') when stringified  @typescript-eslint/no-base-to-string

C:\wamp64\www\lemondeDeLila\backend\src\game\modules\bot\services\bot-scheduler.service.ts
  61:65  error  'err ?? ''' will use Object's default stringification format ('[object Object]') when stringified  @typescript-eslint/no-base-to-string

C:\wamp64\www\lemondeDeLila\backend\src\game\modules\deck-policies\services\deck-policies.service.spec.ts
  45:29  error  Unsafe member access .length on an `any` value   @typescript-eslint/no-unsafe-member-access
  78:28  error  Unsafe member access .counter on an `any` value  @typescript-eslint/no-unsafe-member-access

C:\wamp64\www\lemondeDeLila\backend\src\game\modules\deck-policies\services\deck-policies.service.ts
  37:29  error  Unsafe member access [rngKey] on an `any` value  @typescript-eslint/no-unsafe-member-access
  40:35  error  Unsafe assignment of an `any` value              @typescript-eslint/no-unsafe-assignment

C:\wamp64\www\lemondeDeLila\backend\src\game\modules\exchange\model\interactive-exchange.model.ts
   88:9   error  Unsafe assignment of an `any` value                @typescript-eslint/no-unsafe-assignment
   89:32  error  Unsafe member access .inventory on an `any` value  @typescript-eslint/no-unsafe-member-access
  100:13  error  Unsafe assignment of an `any` value                @typescript-eslint/no-unsafe-assignment

C:\wamp64\www\lemondeDeLila\backend\src\game\modules\exchange\services\generic-exchange.service.ts
  13:11  error  Unsafe assignment of an `any` value                    @typescript-eslint/no-unsafe-assignment
  13:40  error  Unsafe member access .id on an `any` value             @typescript-eslint/no-unsafe-member-access
  14:24  error  Unsafe member access [inventoryKey] on an `any` value  @typescript-eslint/no-unsafe-member-access
  18:13  error  Unsafe member access .id on an `any` value             @typescript-eslint/no-unsafe-member-access
  19:13  error  Unsafe assignment of an `any` value                    @typescript-eslint/no-unsafe-assignment
  19:27  error  Unsafe member access [inventoryKey] on an `any` value  @typescript-eslint/no-unsafe-member-access
  20:22  error  Unsafe member access .length on an `any` value         @typescript-eslint/no-unsafe-member-access
  21:7   error  Unsafe call of an `any` typed value                    @typescript-eslint/no-unsafe-call
  21:12  error  Unsafe member access [inventoryKey] on an `any` value  @typescript-eslint/no-unsafe-member-access
  22:9   error  Unsafe call of an `any` typed value                    @typescript-eslint/no-unsafe-call
  22:19  error  Unsafe member access .forEach on an `any` value        @typescript-eslint/no-unsafe-member-access

C:\wamp64\www\lemondeDeLila\backend\src\game\modules\exchange\services\interactive-exchange.service.spec.ts
   33:13  error  Unsafe assignment of an `any` value                @typescript-eslint/no-unsafe-assignment
   36:13  error  Unsafe assignment of an `any` value                @typescript-eslint/no-unsafe-assignment
   36:47  error  Unsafe member access .inventory on an `any` value  @typescript-eslint/no-unsafe-member-access
   37:18  error  Unsafe member access .inventory on an `any` value  @typescript-eslint/no-unsafe-member-access
   39:7   error  Unsafe return of a value of type `any`             @typescript-eslint/no-unsafe-return
   39:14  error  Unsafe call of an `any` typed value                @typescript-eslint/no-unsafe-call
   39:24  error  Unsafe member access .map on an `any` value        @typescript-eslint/no-unsafe-member-access
   43:15  error  Unsafe member access .id on an `any` value         @typescript-eslint/no-unsafe-member-access
   43:32  error  Unsafe return of a value of type `any`             @typescript-eslint/no-unsafe-return
   44:43  error  Unsafe member access .inventory on an `any` value  @typescript-eslint/no-unsafe-member-access
   44:57  error  Unsafe spread of an `any` value in an array        @typescript-eslint/no-unsafe-assignment
   44:62  error  Unsafe member access .inventory on an `any` value  @typescript-eslint/no-unsafe-member-access
   47:9   error  Unsafe return of a value of type `any`             @typescript-eslint/no-unsafe-return
   53:15  error  Unsafe member access .id on an `any` value         @typescript-eslint/no-unsafe-member-access
   53:32  error  Unsafe return of a value of type `any`             @typescript-eslint/no-unsafe-return
   54:43  error  Unsafe member access .inventory on an `any` value  @typescript-eslint/no-unsafe-member-access
   54:57  error  Unsafe spread of an `any` value in an array        @typescript-eslint/no-unsafe-assignment
   54:62  error  Unsafe member access .inventory on an `any` value  @typescript-eslint/no-unsafe-member-access
   56:9   error  Unsafe return of a value of type `any`             @typescript-eslint/no-unsafe-return
   74:36  error  Unsafe member access .blocking on an `any` value   @typescript-eslint/no-unsafe-member-access
   75:43  error  Unsafe member access .blocking on an `any` value   @typescript-eslint/no-unsafe-member-access
   86:37  error  Unsafe member access .blocking on an `any` value   @typescript-eslint/no-unsafe-member-access
   87:44  error  Unsafe member access .blocking on an `any` value   @typescript-eslint/no-unsafe-member-access
  102:35  error  Unsafe member access .blocking on an `any` value   @typescript-eslint/no-unsafe-member-access
  103:44  error  Unsafe member access .blocking on an `any` value   @typescript-eslint/no-unsafe-member-access
  104:44  error  Unsafe member access .playerId on an `any` value   @typescript-eslint/no-unsafe-member-access

C:\wamp64\www\lemondeDeLila\backend\src\game\modules\exchange\services\interactive-exchange.service.ts
   71:26  error  Unsafe assignment of an `any` value                            @typescript-eslint/no-unsafe-assignment
  110:26  error  Unsafe assignment of an `any` value                            @typescript-eslint/no-unsafe-assignment
  147:11  error  Unsafe assignment of an `any` value                            @typescript-eslint/no-unsafe-assignment
  149:11  error  Unsafe assignment of an `any` value                            @typescript-eslint/no-unsafe-assignment
  150:21  error  Unsafe member access .id on an `any` value                     @typescript-eslint/no-unsafe-member-access
  152:11  error  Unsafe assignment of an `any` value                            @typescript-eslint/no-unsafe-assignment
  153:21  error  Unsafe member access .id on an `any` value                     @typescript-eslint/no-unsafe-member-access
  163:7   error  Unsafe assignment of an `any` value                            @typescript-eslint/no-unsafe-assignment
  164:27  error  Unsafe member access .username on an `any` value               @typescript-eslint/no-unsafe-member-access
  164:52  error  Unsafe call of an `any` typed value                            @typescript-eslint/no-unsafe-call
  164:62  error  Unsafe member access .username on an `any` value               @typescript-eslint/no-unsafe-member-access
  165:13  error  Unsafe call of an `any` typed value                            @typescript-eslint/no-unsafe-call
  165:23  error  Unsafe member access .username on an `any` value               @typescript-eslint/no-unsafe-member-access
  168:7   error  Unsafe assignment of an `any` value                            @typescript-eslint/no-unsafe-assignment
  169:24  error  Unsafe member access .username on an `any` value               @typescript-eslint/no-unsafe-member-access
  169:49  error  Unsafe call of an `any` typed value                            @typescript-eslint/no-unsafe-call
  169:56  error  Unsafe member access .username on an `any` value               @typescript-eslint/no-unsafe-member-access
  170:13  error  Unsafe call of an `any` typed value                            @typescript-eslint/no-unsafe-call
  170:20  error  Unsafe member access .username on an `any` value               @typescript-eslint/no-unsafe-member-access
  173:7   error  Unsafe assignment of an `any` value                            @typescript-eslint/no-unsafe-assignment
  180:33  error  Unsafe assignment of an `any` value                            @typescript-eslint/no-unsafe-assignment
  248:11  error  Unsafe assignment of an `any` value                            @typescript-eslint/no-unsafe-assignment
  249:31  error  Unsafe object destructuring of a property with an `any` value  @typescript-eslint/no-unsafe-assignment

C:\wamp64\www\lemondeDeLila\backend\src\game\modules\grid\services\grid-cell-actions.service.ts
  16:11  error  Unsafe assignment of type `any[]` to a variable of type `AnyAction[]`  @typescript-eslint/no-unsafe-assignment
  18:13  error  Unsafe assignment of an `any` value                                    @typescript-eslint/no-unsafe-assignment
  18:40  error  Unsafe member access .payload on an `any` value                        @typescript-eslint/no-unsafe-member-access
  19:13  error  Unsafe assignment of an `any` value                                    @typescript-eslint/no-unsafe-assignment
  19:26  error  Unsafe member access .x on an `any` value                              @typescript-eslint/no-unsafe-member-access
  20:13  error  Unsafe assignment of an `any` value                                    @typescript-eslint/no-unsafe-assignment
  20:26  error  Unsafe member access .y on an `any` value                              @typescript-eslint/no-unsafe-member-access
  25:44  error  Unsafe member access .type on an `any` value                           @typescript-eslint/no-unsafe-member-access
  33:32  error  Unsafe member access .label on an `any` value                          @typescript-eslint/no-unsafe-member-access
  33:58  error  Unsafe member access .type on an `any` value                           @typescript-eslint/no-unsafe-member-access
  39:9   error  Unsafe assignment of an `any` value                                    @typescript-eslint/no-unsafe-assignment

C:\wamp64\www\lemondeDeLila\backend\src\game\modules\grid\services\grid-render.service.ts
  12:11  error  Unsafe assignment of an `any` value                   @typescript-eslint/no-unsafe-assignment
  12:42  error  Unsafe member access .grid on an `any` value          @typescript-eslint/no-unsafe-member-access
  22:23  error  Unsafe member access .render on an `any` value        @typescript-eslint/no-unsafe-member-access
  26:11  error  Unsafe assignment of an `any` value                   @typescript-eslint/no-unsafe-assignment
  26:40  error  Unsafe member access .blockedEdges on an `any` value  @typescript-eslint/no-unsafe-member-access
  35:11  error  Unsafe assignment of an `any` value                   @typescript-eslint/no-unsafe-assignment
  35:35  error  Unsafe member access .size on an `any` value          @typescript-eslint/no-unsafe-member-access
  55:15  error  Unsafe assignment of an `any` value                   @typescript-eslint/no-unsafe-assignment
  55:36  error  Unsafe member access [key] on an `any` value          @typescript-eslint/no-unsafe-member-access
  56:15  error  Unsafe assignment of an `any` value                   @typescript-eslint/no-unsafe-assignment
  59:15  error  Unsafe assignment of an `any` value                   @typescript-eslint/no-unsafe-assignment
  59:41  error  Unsafe member access .n on an `any` value             @typescript-eslint/no-unsafe-member-access
  60:15  error  Unsafe assignment of an `any` value                   @typescript-eslint/no-unsafe-assignment
  60:41  error  Unsafe member access .e on an `any` value             @typescript-eslint/no-unsafe-member-access
  61:15  error  Unsafe assignment of an `any` value                   @typescript-eslint/no-unsafe-assignment
  61:41  error  Unsafe member access .s on an `any` value             @typescript-eslint/no-unsafe-member-access
  62:15  error  Unsafe assignment of an `any` value                   @typescript-eslint/no-unsafe-assignment
  62:41  error  Unsafe member access .w on an `any` value             @typescript-eslint/no-unsafe-member-access
  65:15  error  Unsafe assignment of an `any` value                   @typescript-eslint/no-unsafe-assignment
  66:15  error  Unsafe assignment of an `any` value                   @typescript-eslint/no-unsafe-assignment
  67:15  error  Unsafe assignment of an `any` value                   @typescript-eslint/no-unsafe-assignment
  68:15  error  Unsafe assignment of an `any` value                   @typescript-eslint/no-unsafe-assignment
  71:20  error  Unsafe assignment of an `any` value                   @typescript-eslint/no-unsafe-assignment
  71:23  error  Unsafe assignment of an `any` value                   @typescript-eslint/no-unsafe-assignment
  71:26  error  Unsafe assignment of an `any` value                   @typescript-eslint/no-unsafe-assignment
  71:29  error  Unsafe assignment of an `any` value                   @typescript-eslint/no-unsafe-assignment
  82:19  error  Unsafe member access .render on an `any` value        @typescript-eslint/no-unsafe-member-access

C:\wamp64\www\lemondeDeLila\backend\src\game\modules\pending-action\services\pending-action.service.spec.ts
  25:11  error    Unsafe assignment of an `any` value                                              @typescript-eslint/no-unsafe-assignment
  26:44  warning  Unsafe argument of type `any` assigned to a parameter of type `GameStateEntity`  @typescript-eslint/no-unsafe-argument
  26:51  warning  Unsafe argument of type `any` assigned to a parameter of type `PendingState`     @typescript-eslint/no-unsafe-argument
  31:26  warning  Unsafe argument of type `any` assigned to a parameter of type `GameStateEntity`  @typescript-eslint/no-unsafe-argument
  33:39  warning  Unsafe argument of type `any` assigned to a parameter of type `GameStateEntity`  @typescript-eslint/no-unsafe-argument
  38:11  error    Unsafe assignment of an `any` value                                              @typescript-eslint/no-unsafe-assignment
  44:37  warning  Unsafe argument of type `any` assigned to a parameter of type `GameStateEntity`  @typescript-eslint/no-unsafe-argument

C:\wamp64\www\lemondeDeLila\backend\src\game\modules\pending-action\services\pending-action.service.ts
  34:41  error  Unsafe member access .type on an `any` value  @typescript-eslint/no-unsafe-member-access

C:\wamp64\www\lemondeDeLila\backend\src\game\modules\player\services\player-state.service.ts
  15:46  error  Unsafe member access .alive on an `any` value  @typescript-eslint/no-unsafe-member-access
  27:33  error  Unsafe member access .alive on an `any` value  @typescript-eslint/no-unsafe-member-access
  35:7   error  Unsafe assignment of an `any` value            @typescript-eslint/no-unsafe-assignment
  35:25  error  Unsafe member access .alive on an `any` value  @typescript-eslint/no-unsafe-member-access

C:\wamp64\www\lemondeDeLila\backend\src\game\modules\prompt-policies\services\prompt-policies.service.spec.ts
  10:60  error    Unsafe return of a value of type `any`                                           @typescript-eslint/no-unsafe-return
  12:15  error    Unsafe spread of an `any` value in an array                                      @typescript-eslint/no-unsafe-assignment
  12:25  error    Unsafe member access .log on an `any` value                                      @typescript-eslint/no-unsafe-member-access
  20:40  warning  Unsafe argument of type `any` assigned to a parameter of type `GameStateEntity`  @typescript-eslint/no-unsafe-argument
  23:40  warning  Unsafe argument of type `any` assigned to a parameter of type `GameStateEntity`  @typescript-eslint/no-unsafe-argument
  34:39  warning  Unsafe argument of type `any` assigned to a parameter of type `GameStateEntity`  @typescript-eslint/no-unsafe-argument
  44:39  warning  Unsafe argument of type `any` assigned to a parameter of type `GameStateEntity`  @typescript-eslint/no-unsafe-argument

C:\wamp64\www\lemondeDeLila\backend\src\game\modules\prompt-policies\services\prompt-policies.service.ts
  22:11  error    Unsafe assignment of an `any` value                                     @typescript-eslint/no-unsafe-assignment
  23:29  error    Unsafe member access .type on an `any` value                            @typescript-eslint/no-unsafe-member-access
  24:11  error    Unsafe assignment of an `any` value                                     @typescript-eslint/no-unsafe-assignment
  25:22  error    Unsafe member access .playerId on an `any` value                        @typescript-eslint/no-unsafe-member-access
  26:19  error    Unsafe member access .playerId on an `any` value                        @typescript-eslint/no-unsafe-member-access
  29:51  warning  Unsafe argument of type `any` assigned to a parameter of type `number`  @typescript-eslint/no-unsafe-argument

C:\wamp64\www\lemondeDeLila\backend\src\game\modules\random\services\random.service.ts
  67:14  error  Unsafe assignment of an `any` value                                @typescript-eslint/no-unsafe-assignment
  74:19  error  Unsafe spread of an `any` value in an array                        @typescript-eslint/no-unsafe-assignment
  80:8   error  Unsafe array destructuring of a tuple element with an `any` value  @typescript-eslint/no-unsafe-assignment
  80:17  error  Unsafe array destructuring of a tuple element with an `any` value  @typescript-eslint/no-unsafe-assignment
  82:14  error  Unsafe assignment of type `any[]` to a variable of type `T[]`      @typescript-eslint/no-unsafe-assignment

C:\wamp64\www\lemondeDeLila\backend\src\game\modules\setup-flow\services\setup-flow.service.ts
  111:41  error  Unsafe member access .label on an `any` value                                                        @typescript-eslint/no-unsafe-member-access
  136:11  error  Unsafe assignment of an `any` value                                                                  @typescript-eslint/no-unsafe-assignment
  138:26  error  Unsafe member access .id on an `any` value                                                           @typescript-eslint/no-unsafe-member-access
  138:46  error  Unsafe member access .value on an `any` value                                                        @typescript-eslint/no-unsafe-member-access
  144:56  error  Unsafe member access .id on an `any` value                                                           @typescript-eslint/no-unsafe-member-access
  148:59  error  Unsafe member access .label on an `any` value                                                        @typescript-eslint/no-unsafe-member-access
  164:11  error  Unsafe assignment of an `any` value                                                                  @typescript-eslint/no-unsafe-assignment
  166:26  error  Unsafe member access .id on an `any` value                                                           @typescript-eslint/no-unsafe-member-access
  167:25  error  Unsafe member access .pawnId on an `any` value                                                       @typescript-eslint/no-unsafe-member-access
  168:25  error  Unsafe member access .pawn on an `any` value                                                         @typescript-eslint/no-unsafe-member-access
  169:25  error  Unsafe member access .value on an `any` value                                                        @typescript-eslint/no-unsafe-member-access
  170:25  error  Unsafe member access .label on an `any` value                                                        @typescript-eslint/no-unsafe-member-access
  178:19  error  'value ?? ''' will use Object's default stringification format ('[object Object]') when stringified  @typescript-eslint/no-base-to-string
  190:37  error  Unsafe member access .id on an `any` value                                                           @typescript-eslint/no-unsafe-member-access
  191:40  error  Unsafe member access .label on an `any` value                                                        @typescript-eslint/no-unsafe-member-access
  201:44  error  Unsafe member access .id on an `any` value                                                           @typescript-eslint/no-unsafe-member-access
  202:47  error  Unsafe member access .label on an `any` value                                                        @typescript-eslint/no-unsafe-member-access
  210:35  error  Unsafe member access .id on an `any` value                                                           @typescript-eslint/no-unsafe-member-access
  211:38  error  Unsafe member access .label on an `any` value                                                        @typescript-eslint/no-unsafe-member-access
  212:44  error  Unsafe member access .description on an `any` value                                                  @typescript-eslint/no-unsafe-member-access

C:\wamp64\www\lemondeDeLila\backend\src\game\modules\state\services\game-phase-orchestrator.service.ts
  44:9  error  Unsafe assignment of an `any` value  @typescript-eslint/no-unsafe-assignment

C:\wamp64\www\lemondeDeLila\backend\src\game\modules\turn-policies\player-name.helper.spec.ts
  35:9  error  Unsafe assignment of an `any` value  @typescript-eslint/no-unsafe-assignment

C:\wamp64\www\lemondeDeLila\backend\src\game\modules\turn-policies\services\turn-policies.service.spec.ts
  10:60  error    Unsafe return of a value of type `any`                                           @typescript-eslint/no-unsafe-return
  12:15  error    Unsafe spread of an `any` value in an array                                      @typescript-eslint/no-unsafe-assignment
  12:25  error    Unsafe member access .log on an `any` value                                      @typescript-eslint/no-unsafe-member-access
  23:31  warning  Unsafe argument of type `any` assigned to a parameter of type `GameStateEntity`  @typescript-eslint/no-unsafe-argument
  31:48  warning  Unsafe argument of type `any` assigned to a parameter of type `GameStateEntity`  @typescript-eslint/no-unsafe-argument

C:\wamp64\www\lemondeDeLila\backend\src\game\modules\turn-policies\services\turn-policies.service.ts
  10:23  error  'raw ?? ''' will use Object's default stringification format ('[object Object]') when stringified  @typescript-eslint/no-base-to-string
  35:37  error  Unsafe member access .id on an `any` value                                                         @typescript-eslint/no-unsafe-member-access
  38:23  error  Unsafe member access .id on an `any` value                                                         @typescript-eslint/no-unsafe-member-access

C:\wamp64\www\lemondeDeLila\backend\src\game\modules\turn\services\turn-flow.service.ts
  26:11  error  Unsafe assignment of an `any` value               @typescript-eslint/no-unsafe-assignment
  26:32  error  Unsafe member access .statuses on an `any` value  @typescript-eslint/no-unsafe-member-access
  27:11  error  Unsafe assignment of an `any` value               @typescript-eslint/no-unsafe-assignment
  27:55  error  Unsafe member access .skipTurn on an `any` value  @typescript-eslint/no-unsafe-member-access
  32:44  error  Unsafe member access .id on an `any` value        @typescript-eslint/no-unsafe-member-access
  39:11  error  Unsafe assignment of an `any` value               @typescript-eslint/no-unsafe-assignment
  39:49  error  Unsafe member access .skipped on an `any` value   @typescript-eslint/no-unsafe-member-access
  40:23  error  Unsafe member access .skipped on an `any` value   @typescript-eslint/no-unsafe-member-access
  42:11  error  Unsafe assignment of an `any` value               @typescript-eslint/no-unsafe-assignment
  44:16  error  Unsafe member access .turnFlow on an `any` value  @typescript-eslint/no-unsafe-member-access
  46:11  error  Unsafe assignment of an `any` value               @typescript-eslint/no-unsafe-assignment
  47:15  error  Unsafe member access .length on an `any` value    @typescript-eslint/no-unsafe-member-access
  54:13  error  Unsafe assignment of an `any` value               @typescript-eslint/no-unsafe-assignment
  64:9   error  Unsafe assignment of an `any` value               @typescript-eslint/no-unsafe-assignment
  65:30  error  Unsafe assignment of an `any` value               @typescript-eslint/no-unsafe-assignment

C:\wamp64\www\lemondeDeLila\backend\src\game\modules\turn\services\turn-label.service.spec.ts
  56:19  error  Unsafe assignment of an `any` value  @typescript-eslint/no-unsafe-assignment
  56:35  error  Unsafe assignment of an `any` value  @typescript-eslint/no-unsafe-assignment
  65:7   error  Unsafe assignment of an `any` value  @typescript-eslint/no-unsafe-assignment
  84:7   error  Unsafe assignment of an `any` value  @typescript-eslint/no-unsafe-assignment

C:\wamp64\www\lemondeDeLila\backend\src\game\modules\turn\services\turn-label.service.ts
   7:23  error  'raw ?? ''' will use Object's default stringification format ('[object Object]') when stringified  @typescript-eslint/no-base-to-string
  51:48  error  Unsafe member access .pending on an `any` value                                                    @typescript-eslint/no-unsafe-member-access
  56:54  error  Unsafe member access .pending on an `any` value                                                    @typescript-eslint/no-unsafe-member-access
  64:37  error  Unsafe member access .id on an `any` value                                                         @typescript-eslint/no-unsafe-member-access
  75:35  error  Unsafe member access .id on an `any` value                                                         @typescript-eslint/no-unsafe-member-access

C:\wamp64\www\lemondeDeLila\backend\src\game\modules\turn\services\turn-status.service.ts
   4:29  error    "skip" is overridden by string in this union type                                                               @typescript-eslint/no-redundant-type-constituents
   4:38  error    "stun" is overridden by string in this union type                                                               @typescript-eslint/no-redundant-type-constituents
  14:11  error    Unsafe assignment of an `any` value                                                                             @typescript-eslint/no-unsafe-assignment
  15:11  error    Unsafe assignment of an `any` value                                                                             @typescript-eslint/no-unsafe-assignment
  15:32  error    Unsafe member access .statuses on an `any` value                                                                @typescript-eslint/no-unsafe-member-access
  16:11  error    Unsafe assignment of an `any` value                                                                             @typescript-eslint/no-unsafe-assignment
  16:37  error    Unsafe member access [key] on an `any` value                                                                    @typescript-eslint/no-unsafe-member-access
  17:11  error    Unsafe assignment of an `any` value                                                                             @typescript-eslint/no-unsafe-assignment
  19:7   error    Unsafe assignment of an `any` value                                                                             @typescript-eslint/no-unsafe-assignment
  21:49  error    Unsafe assignment of an `any` value                                                                             @typescript-eslint/no-unsafe-assignment
  29:11  error    Unsafe assignment of an `any` value                                                                             @typescript-eslint/no-unsafe-assignment
  30:5   error    Unsafe return of a value of type `any`                                                                          @typescript-eslint/no-unsafe-return
  30:22  error    Unsafe member access .statuses on an `any` value                                                                @typescript-eslint/no-unsafe-member-access
  34:11  error    Unsafe assignment of an `any` value                                                                             @typescript-eslint/no-unsafe-assignment
  35:11  error    Unsafe assignment of an `any` value                                                                             @typescript-eslint/no-unsafe-assignment
  35:32  error    Unsafe member access .statuses on an `any` value                                                                @typescript-eslint/no-unsafe-member-access
  36:11  error    Unsafe assignment of an `any` value                                                                             @typescript-eslint/no-unsafe-assignment
  36:37  error    Unsafe member access [key] on an `any` value                                                                    @typescript-eslint/no-unsafe-member-access
  38:20  warning  Unsafe argument of type `any` assigned to a parameter of type `ArrayLike<unknown> | { [s: string]: unknown; }`  @typescript-eslint/no-unsafe-argument
  40:29  error    Computed name [pid as any] resolves to an `any` value                                                           @typescript-eslint/no-unsafe-member-access
  42:11  error    Unsafe assignment of an `any` value                                                                             @typescript-eslint/no-unsafe-assignment
  43:49  error    Unsafe assignment of an `any` value                                                                             @typescript-eslint/no-unsafe-assignment

C:\wamp64\www\lemondeDeLila\backend\src\game\ws\service\game-ws.handler.ts
  25:3  error  Async method 'modules' has no 'await' expression  @typescript-eslint/require-await

C:\wamp64\www\lemondeDeLila\backend\src\game\ws\service\game-ws.registrar.spec.ts
   7:11  error    Unsafe assignment of an `any` value                                            @typescript-eslint/no-unsafe-assignment
   8:31  error    Async arrow function has no 'await' expression                                 @typescript-eslint/require-await
   9:33  error    Async arrow function has no 'await' expression                                 @typescript-eslint/require-await
  12:53  warning  Unsafe argument of type `any` assigned to a parameter of type `GameWsHandler`  @typescript-eslint/no-unsafe-argument

C:\wamp64\www\lemondeDeLila\backend\src\game\ws\service\game-ws.registrar.ts
  15:26  warning  Unsafe argument of type `any` assigned to a parameter of type `WsSession`  @typescript-eslint/no-unsafe-argument

C:\wamp64\www\lemondeDeLila\backend\src\main.ts
  140:15  error    Unsafe assignment of an `any` value                                     @typescript-eslint/no-unsafe-assignment
  140:33  error    Unsafe member access .url on an `any` value                             @typescript-eslint/no-unsafe-member-access
  140:56  error    Unsafe member access .url on an `any` value                             @typescript-eslint/no-unsafe-member-access
  141:15  error    Unsafe assignment of an `any` value                                     @typescript-eslint/no-unsafe-assignment
  141:26  error    Unsafe call of an `any` typed value                                     @typescript-eslint/no-unsafe-call
  141:30  error    Unsafe member access .split on an `any` value                           @typescript-eslint/no-unsafe-member-access
  141:41  error    Unsafe member access [0] on an `any` value                              @typescript-eslint/no-unsafe-member-access
  143:11  error    Unsafe call of an `any` typed value                                     @typescript-eslint/no-unsafe-call
  143:15  error    Unsafe member access .setHeader on an `any` value                       @typescript-eslint/no-unsafe-member-access
  145:11  error    Unsafe call of an `any` typed value                                     @typescript-eslint/no-unsafe-call
  145:15  error    Unsafe member access .setHeader on an `any` value                       @typescript-eslint/no-unsafe-member-access
  149:11  error    Unsafe call of an `any` typed value                                     @typescript-eslint/no-unsafe-call
  149:15  error    Unsafe member access .setHeader on an `any` value                       @typescript-eslint/no-unsafe-member-access
  150:11  error    Unsafe call of an `any` typed value                                     @typescript-eslint/no-unsafe-call
  150:15  error    Unsafe member access .setHeader on an `any` value                       @typescript-eslint/no-unsafe-member-access
  151:11  error    Unsafe call of an `any` typed value                                     @typescript-eslint/no-unsafe-call
  151:11  error    Unsafe call of an `any` typed value                                     @typescript-eslint/no-unsafe-call
  151:15  error    Unsafe member access .status on an `any` value                          @typescript-eslint/no-unsafe-member-access
  151:27  error    Unsafe member access .send on an `any` value                            @typescript-eslint/no-unsafe-member-access
  157:7   error    Unsafe call of an `any` typed value                                     @typescript-eslint/no-unsafe-call
  162:23  error    Unsafe member access .url on an `any` value                             @typescript-eslint/no-unsafe-member-access
  163:12  error    Unsafe call of an `any` typed value                                     @typescript-eslint/no-unsafe-call
  163:16  error    Unsafe member access .url on an `any` value                             @typescript-eslint/no-unsafe-member-access
  163:50  warning  Unsafe argument of type `any` assigned to a parameter of type `string`  @typescript-eslint/no-unsafe-argument
  163:54  error    Unsafe member access .url on an `any` value                             @typescript-eslint/no-unsafe-member-access
  165:11  error    Unsafe assignment of an `any` value                                     @typescript-eslint/no-unsafe-assignment
  165:15  error    Unsafe member access .url on an `any` value                             @typescript-eslint/no-unsafe-member-access
  165:21  error    Unsafe call of an `any` typed value                                     @typescript-eslint/no-unsafe-call
  165:21  error    Unsafe call of an `any` typed value                                     @typescript-eslint/no-unsafe-call
  165:25  error    Unsafe member access .url on an `any` value                             @typescript-eslint/no-unsafe-member-access
  165:51  error    Unsafe member access .replace on an `any` value                         @typescript-eslint/no-unsafe-member-access
  170:7   error    Unsafe call of an `any` typed value                                     @typescript-eslint/no-unsafe-call
  197:11  error    Unsafe call of a type that could not be resolved                        @typescript-eslint/no-unsafe-call

C:\wamp64\www\lemondeDeLila\backend\src\messaging\ws\messaging-ws.handler.ts
  83:39  error  Unsafe member access .messageId on an `any` value  @typescript-eslint/no-unsafe-member-access
  83:61  error  Unsafe member access .id on an `any` value         @typescript-eslint/no-unsafe-member-access
  91:39  error  Unsafe member access .messageId on an `any` value  @typescript-eslint/no-unsafe-member-access
  91:61  error  Unsafe member access .id on an `any` value         @typescript-eslint/no-unsafe-member-access
  99:39  error  Unsafe member access .messageId on an `any` value  @typescript-eslint/no-unsafe-member-access
  99:61  error  Unsafe member access .id on an `any` value         @typescript-eslint/no-unsafe-member-access

C:\wamp64\www\lemondeDeLila\backend\src\migrations\1735900000000-ImportLegacySettingsJson.ts
  166:21  error  '_queryRunner' is defined but never used  @typescript-eslint/no-unused-vars

C:\wamp64\www\lemondeDeLila\backend\src\migrations\1768100000000-RenameGalopantCategoryToVentsSacres.ts
   5:9   error  Unsafe assignment of an `any` value              @typescript-eslint/no-unsafe-assignment
   5:19  error  Unsafe member access [key] on an `any` value     @typescript-eslint/no-unsafe-member-access
  28:11  error  Unsafe assignment of an `any` value              @typescript-eslint/no-unsafe-assignment
  33:11  error  Unsafe assignment of an `any` value              @typescript-eslint/no-unsafe-assignment
  34:19  error  Unsafe member access .enabled on an `any` value  @typescript-eslint/no-unsafe-member-access
  34:47  error  Unsafe member access .enabled on an `any` value  @typescript-eslint/no-unsafe-member-access
  34:62  error  Unsafe member access .enabled on an `any` value  @typescript-eslint/no-unsafe-member-access
  77:11  error  Unsafe assignment of an `any` value              @typescript-eslint/no-unsafe-assignment
  81:11  error  Unsafe assignment of an `any` value              @typescript-eslint/no-unsafe-assignment
  82:19  error  Unsafe member access .enabled on an `any` value  @typescript-eslint/no-unsafe-member-access
  82:47  error  Unsafe member access .enabled on an `any` value  @typescript-eslint/no-unsafe-member-access
  82:62  error  Unsafe member access .enabled on an `any` value  @typescript-eslint/no-unsafe-member-access

C:\wamp64\www\lemondeDeLila\backend\src\migrations\1768200000000-PurgePetitChevauxFromDb.ts
  44:21  error  '_queryRunner' is defined but never used  @typescript-eslint/no-unused-vars

C:\wamp64\www\lemondeDeLila\backend\src\migrations\1768300000000-PurgeLoupGarouFromDb.ts
  42:21  error  '_queryRunner' is defined but never used  @typescript-eslint/no-unused-vars

C:\wamp64\www\lemondeDeLila\backend\src\notification\gateways\notification.gateway.ts
   55:13  error    Unsafe assignment of an `any` value                                                                               @typescript-eslint/no-unsafe-assignment
   56:13  error    Unsafe assignment of an `any` value                                                                               @typescript-eslint/no-unsafe-assignment
   56:32  error    Unsafe member access .headers on an `any` value                                                                   @typescript-eslint/no-unsafe-member-access
   58:20  error    Unsafe member access ['x-forwarded-host'] on an `any` value                                                       @typescript-eslint/no-unsafe-member-access
   59:19  error    Unsafe member access .host on an `any` value                                                                      @typescript-eslint/no-unsafe-member-access
   65:20  error    Unsafe member access ['x-forwarded-proto'] on an `any` value                                                      @typescript-eslint/no-unsafe-member-access
   77:7   error    Unsafe call of a type that could not be resolved                                                                  @typescript-eslint/no-unsafe-call
   77:14  error    Unsafe member access .close on a type that cannot be resolved                                                     @typescript-eslint/no-unsafe-member-access
   81:7   error    Unsafe call of a type that could not be resolved                                                                  @typescript-eslint/no-unsafe-call
   81:14  error    Unsafe member access .close on a type that cannot be resolved                                                     @typescript-eslint/no-unsafe-member-access
  111:11  error    Unsafe call of a type that could not be resolved                                                                  @typescript-eslint/no-unsafe-call
  111:18  error    Unsafe member access .close on a type that cannot be resolved                                                     @typescript-eslint/no-unsafe-member-access
  124:7   error    Unsafe assignment of an error typed value                                                                         @typescript-eslint/no-unsafe-assignment
  132:5   error    Unsafe call of a type that could not be resolved                                                                  @typescript-eslint/no-unsafe-call
  132:12  error    Unsafe member access .on on a type that cannot be resolved                                                        @typescript-eslint/no-unsafe-member-access
  132:30  error    Unsafe return of a value of type error                                                                            @typescript-eslint/no-unsafe-return
  132:30  error    Unsafe call of a type that could not be resolved                                                                  @typescript-eslint/no-unsafe-call
  132:37  error    Unsafe member access .close on a type that cannot be resolved                                                     @typescript-eslint/no-unsafe-member-access
  133:5   error    Unsafe call of a type that could not be resolved                                                                  @typescript-eslint/no-unsafe-call
  133:12  error    Unsafe member access .on on a type that cannot be resolved                                                        @typescript-eslint/no-unsafe-member-access
  226:16  error    Unsafe member access .readyState on a type that cannot be resolved                                                @typescript-eslint/no-unsafe-member-access
  226:41  error    Unsafe member access .OPEN on a type that cannot be resolved                                                      @typescript-eslint/no-unsafe-member-access
  228:7   error    Unsafe call of a type that could not be resolved                                                                  @typescript-eslint/no-unsafe-call
  228:14  error    Unsafe member access .send on a type that cannot be resolved                                                      @typescript-eslint/no-unsafe-member-access
  230:13  error    Unsafe assignment of an `any` value                                                                               @typescript-eslint/no-unsafe-assignment
  233:24  error    Unsafe member access .type on an `any` value                                                                      @typescript-eslint/no-unsafe-member-access
  234:21  error    Unsafe member access .type on an `any` value                                                                      @typescript-eslint/no-unsafe-member-access
  240:9   error    Unsafe call of a type that could not be resolved                                                                  @typescript-eslint/no-unsafe-call
  240:16  error    Unsafe member access .close on a type that cannot be resolved                                                     @typescript-eslint/no-unsafe-member-access
  253:11  error    Unsafe assignment of an `any` value                                                                               @typescript-eslint/no-unsafe-assignment
  256:17  error    Unsafe member access .toString on an `any` value                                                                  @typescript-eslint/no-unsafe-member-access
  257:13  error    Unsafe call of an `any` typed value                                                                               @typescript-eslint/no-unsafe-call
  257:18  error    Unsafe member access .toString on an `any` value                                                                  @typescript-eslint/no-unsafe-member-access
  263:7   error    Unsafe assignment of an `any` value                                                                               @typescript-eslint/no-unsafe-assignment
  263:27  warning  Unsafe argument of type `any` assigned to a parameter of type `string`                                            @typescript-eslint/no-unsafe-argument
  268:11  error    Unsafe assignment of an `any` value                                                                               @typescript-eslint/no-unsafe-assignment
  268:33  error    Unsafe member access .type on an `any` value                                                                      @typescript-eslint/no-unsafe-member-access
  268:60  error    Unsafe member access .type on an `any` value                                                                      @typescript-eslint/no-unsafe-member-access
  270:11  error    Unsafe assignment of an `any` value                                                                               @typescript-eslint/no-unsafe-assignment
  271:22  error    Unsafe member access .requestId on an `any` value                                                                 @typescript-eslint/no-unsafe-member-access
  271:54  error    Unsafe member access .requestId on an `any` value                                                                 @typescript-eslint/no-unsafe-member-access
  282:65  warning  Unsafe argument of type `any` assigned to a parameter of type `string | null`                                     @typescript-eslint/no-unsafe-argument
  291:11  warning  Unsafe argument of type `any` assigned to a parameter of type `string | null`                                     @typescript-eslint/no-unsafe-argument
  304:11  warning  Unsafe argument of type `any` assigned to a parameter of type `string | null`                                     @typescript-eslint/no-unsafe-argument
  311:11  warning  Unsafe argument of type `any` assigned to a parameter of type `string | null`                                     @typescript-eslint/no-unsafe-argument
  318:13  error    Unsafe assignment of an `any` value                                                                               @typescript-eslint/no-unsafe-assignment
  319:24  error    Unsafe member access .payload on an `any` value                                                                   @typescript-eslint/no-unsafe-member-access
  319:51  error    Unsafe call of an `any` typed value                                                                               @typescript-eslint/no-unsafe-call
  319:58  error    Unsafe member access .payload on an `any` value                                                                   @typescript-eslint/no-unsafe-member-access
  323:63  warning  Unsafe argument of type `any` assigned to a parameter of type `string`                                            @typescript-eslint/no-unsafe-argument
  327:29  error    Unsafe return of a value of type `any`                                                                            @typescript-eslint/no-unsafe-return
  327:32  error    Unsafe member access .id on an `any` value                                                                        @typescript-eslint/no-unsafe-member-access
  336:11  warning  Unsafe argument of type `any` assigned to a parameter of type `string | null`                                     @typescript-eslint/no-unsafe-argument
  345:13  error    Unsafe assignment of an `any` value                                                                               @typescript-eslint/no-unsafe-assignment
  346:24  error    Unsafe member access .payload on an `any` value                                                                   @typescript-eslint/no-unsafe-member-access
  346:51  error    Unsafe call of an `any` typed value                                                                               @typescript-eslint/no-unsafe-call
  346:58  error    Unsafe member access .payload on an `any` value                                                                   @typescript-eslint/no-unsafe-member-access
  349:56  warning  Unsafe argument of type `any` assigned to a parameter of type `string`                                            @typescript-eslint/no-unsafe-argument
  354:11  warning  Unsafe argument of type `any` assigned to a parameter of type `string | null`                                     @typescript-eslint/no-unsafe-argument
  364:15  error    Unsafe assignment of an `any` value                                                                               @typescript-eslint/no-unsafe-assignment
  365:26  error    Unsafe member access .payload on an `any` value                                                                   @typescript-eslint/no-unsafe-member-access
  366:22  error    Unsafe member access .payload on an `any` value                                                                   @typescript-eslint/no-unsafe-member-access
  369:11  warning  Unsafe argument of type `any` assigned to a parameter of type `Pick<WsAuthPayload, "id" | "roles" | "username">`  @typescript-eslint/no-unsafe-argument
  374:11  warning  Unsafe argument of type `any` assigned to a parameter of type `string`                                            @typescript-eslint/no-unsafe-argument
  380:11  warning  Unsafe argument of type `any` assigned to a parameter of type `string | null`                                     @typescript-eslint/no-unsafe-argument
  386:34  error    Unsafe member access .message on an `any` value                                                                   @typescript-eslint/no-unsafe-member-access
  387:11  warning  Unsafe argument of type `any` assigned to a parameter of type `string | null`                                     @typescript-eslint/no-unsafe-argument
  395:15  error    Unsafe assignment of an `any` value                                                                               @typescript-eslint/no-unsafe-assignment
  400:15  error    Unsafe assignment of an `any` value                                                                               @typescript-eslint/no-unsafe-assignment
  401:26  error    Unsafe member access .payload on an `any` value                                                                   @typescript-eslint/no-unsafe-member-access
  402:22  error    Unsafe member access .payload on an `any` value                                                                   @typescript-eslint/no-unsafe-member-access
  404:15  error    Unsafe assignment of an `any` value                                                                               @typescript-eslint/no-unsafe-assignment
  405:26  error    Unsafe member access .payload on an `any` value                                                                   @typescript-eslint/no-unsafe-member-access
  406:22  error    Unsafe member access .payload on an `any` value                                                                   @typescript-eslint/no-unsafe-member-access
  408:15  error    Unsafe assignment of an `any` value                                                                               @typescript-eslint/no-unsafe-assignment
  409:26  error    Unsafe member access .payload on an `any` value                                                                   @typescript-eslint/no-unsafe-member-access
  410:22  error    Unsafe member access .payload on an `any` value                                                                   @typescript-eslint/no-unsafe-member-access
  412:15  error    Unsafe assignment of an `any` value                                                                               @typescript-eslint/no-unsafe-assignment
  413:30  error    Unsafe member access .roles on an `any` value                                                                     @typescript-eslint/no-unsafe-member-access
  414:12  error    Unsafe call of an `any` typed value                                                                               @typescript-eslint/no-unsafe-call
  414:17  error    Unsafe member access .roles on an `any` value                                                                     @typescript-eslint/no-unsafe-member-access
  415:13  error    Unsafe call of an `any` typed value                                                                               @typescript-eslint/no-unsafe-call
  415:18  error    Unsafe member access .roles on an `any` value                                                                     @typescript-eslint/no-unsafe-member-access
  416:13  error    Unsafe call of an `any` typed value                                                                               @typescript-eslint/no-unsafe-call
  416:18  error    Unsafe member access .roles on an `any` value                                                                     @typescript-eslint/no-unsafe-member-access
  417:13  error    Unsafe call of an `any` typed value                                                                               @typescript-eslint/no-unsafe-call
  417:18  error    Unsafe member access .roles on an `any` value                                                                     @typescript-eslint/no-unsafe-member-access
  420:15  warning  Unsafe argument of type `any` assigned to a parameter of type `Pick<WsAuthPayload, "id" | "roles" | "username">`  @typescript-eslint/no-unsafe-argument
  421:15  warning  Unsafe argument of type `any` assigned to a parameter of type `number`                                            @typescript-eslint/no-unsafe-argument
  422:15  warning  Unsafe argument of type `any` assigned to a parameter of type `string`                                            @typescript-eslint/no-unsafe-argument
  423:15  warning  Unsafe argument of type `any` assigned to a parameter of type `string`                                            @typescript-eslint/no-unsafe-argument
  426:15  warning  Unsafe argument of type `any` assigned to a parameter of type `Pick<WsAuthPayload, "id" | "roles" | "username">`  @typescript-eslint/no-unsafe-argument
  427:15  warning  Unsafe argument of type `any` assigned to a parameter of type `string`                                            @typescript-eslint/no-unsafe-argument
  428:15  warning  Unsafe argument of type `any` assigned to a parameter of type `string | undefined`                                @typescript-eslint/no-unsafe-argument
  434:11  warning  Unsafe argument of type `any` assigned to a parameter of type `string | null`                                     @typescript-eslint/no-unsafe-argument
  440:34  error    Unsafe member access .message on an `any` value                                                                   @typescript-eslint/no-unsafe-member-access
  441:11  warning  Unsafe argument of type `any` assigned to a parameter of type `string | null`                                     @typescript-eslint/no-unsafe-argument
  449:15  error    Unsafe assignment of an `any` value                                                                               @typescript-eslint/no-unsafe-assignment
  450:26  error    Unsafe member access .payload on an `any` value                                                                   @typescript-eslint/no-unsafe-member-access
  451:22  error    Unsafe member access .payload on an `any` value                                                                   @typescript-eslint/no-unsafe-member-access
  453:41  error    Unsafe member access .payload on an `any` value                                                                   @typescript-eslint/no-unsafe-member-access
  455:11  warning  Unsafe argument of type `any` assigned to a parameter of type `Pick<WsAuthPayload, "id" | "roles" | "username">`  @typescript-eslint/no-unsafe-argument
  460:11  warning  Unsafe argument of type `any` assigned to a parameter of type `string`                                            @typescript-eslint/no-unsafe-argument
  467:11  warning  Unsafe argument of type `any` assigned to a parameter of type `string | null`                                     @typescript-eslint/no-unsafe-argument
  473:34  error    Unsafe member access .message on an `any` value                                                                   @typescript-eslint/no-unsafe-member-access
  474:11  warning  Unsafe argument of type `any` assigned to a parameter of type `string | null`                                     @typescript-eslint/no-unsafe-argument
  482:15  error    Unsafe assignment of an `any` value                                                                               @typescript-eslint/no-unsafe-assignment
  483:26  error    Unsafe member access .payload on an `any` value                                                                   @typescript-eslint/no-unsafe-member-access
  484:22  error    Unsafe member access .payload on an `any` value                                                                   @typescript-eslint/no-unsafe-member-access
  486:15  error    Unsafe assignment of an `any` value                                                                               @typescript-eslint/no-unsafe-assignment
  487:26  error    Unsafe member access .payload on an `any` value                                                                   @typescript-eslint/no-unsafe-member-access
  487:60  error    Unsafe member access .payload on an `any` value                                                                   @typescript-eslint/no-unsafe-member-access
  488:15  error    Unsafe assignment of an `any` value                                                                               @typescript-eslint/no-unsafe-assignment
  489:26  error    Unsafe member access .payload on an `any` value                                                                   @typescript-eslint/no-unsafe-member-access
  490:22  error    Unsafe member access .payload on an `any` value                                                                   @typescript-eslint/no-unsafe-member-access
  492:15  error    Unsafe assignment of an `any` value                                                                               @typescript-eslint/no-unsafe-assignment
  498:56  warning  Unsafe argument of type `any` assigned to a parameter of type `Pick<WsAuthPayload, "id" | "roles" | "username">`  @typescript-eslint/no-unsafe-argument
  498:62  warning  Unsafe argument of type `any` assigned to a parameter of type `string`                                            @typescript-eslint/no-unsafe-argument
  498:73  warning  Unsafe argument of type `any` assigned to a parameter of type `string`                                            @typescript-eslint/no-unsafe-argument
  501:13  warning  Unsafe argument of type `any` assigned to a parameter of type `Pick<WsAuthPayload, "id" | "roles" | "username">`  @typescript-eslint/no-unsafe-argument
  503:13  warning  Unsafe argument of type `any` assigned to a parameter of type `string`                                            @typescript-eslint/no-unsafe-argument
  504:13  warning  Unsafe argument of type `any` assigned to a parameter of type `string`                                            @typescript-eslint/no-unsafe-argument
  513:11  warning  Unsafe argument of type `any` assigned to a parameter of type `string | null`                                     @typescript-eslint/no-unsafe-argument
  519:34  error    Unsafe member access .message on an `any` value                                                                   @typescript-eslint/no-unsafe-member-access
  520:11  warning  Unsafe argument of type `any` assigned to a parameter of type `string | null`                                     @typescript-eslint/no-unsafe-argument
  528:15  error    Unsafe assignment of an `any` value                                                                               @typescript-eslint/no-unsafe-assignment
  529:26  error    Unsafe member access .payload on an `any` value                                                                   @typescript-eslint/no-unsafe-member-access
  530:22  error    Unsafe member access .payload on an `any` value                                                                   @typescript-eslint/no-unsafe-member-access
  532:15  error    Unsafe assignment of an `any` value                                                                               @typescript-eslint/no-unsafe-assignment
  533:26  error    Unsafe member access .payload on an `any` value                                                                   @typescript-eslint/no-unsafe-member-access
  533:60  error    Unsafe member access .payload on an `any` value                                                                   @typescript-eslint/no-unsafe-member-access
  534:15  error    Unsafe assignment of an `any` value                                                                               @typescript-eslint/no-unsafe-assignment
  540:60  warning  Unsafe argument of type `any` assigned to a parameter of type `Pick<WsAuthPayload, "id" | "roles" | "username">`  @typescript-eslint/no-unsafe-argument
  540:66  warning  Unsafe argument of type `any` assigned to a parameter of type `string`                                            @typescript-eslint/no-unsafe-argument
  543:17  warning  Unsafe argument of type `any` assigned to a parameter of type `Pick<WsAuthPayload, "id" | "roles" | "username">`  @typescript-eslint/no-unsafe-argument
  545:17  warning  Unsafe argument of type `any` assigned to a parameter of type `string`                                            @typescript-eslint/no-unsafe-argument
  554:11  warning  Unsafe argument of type `any` assigned to a parameter of type `string | null`                                     @typescript-eslint/no-unsafe-argument
  560:34  error    Unsafe member access .message on an `any` value                                                                   @typescript-eslint/no-unsafe-member-access
  561:11  warning  Unsafe argument of type `any` assigned to a parameter of type `string | null`                                     @typescript-eslint/no-unsafe-argument
  569:15  error    Unsafe assignment of an `any` value                                                                               @typescript-eslint/no-unsafe-assignment
  570:26  error    Unsafe member access .payload on an `any` value                                                                   @typescript-eslint/no-unsafe-member-access
  571:22  error    Unsafe member access .payload on an `any` value                                                                   @typescript-eslint/no-unsafe-member-access
  574:11  error    Unsafe assignment of an `any` value                                                                               @typescript-eslint/no-unsafe-assignment
  607:11  warning  Unsafe argument of type `any` assigned to a parameter of type `string | null`                                     @typescript-eslint/no-unsafe-argument
  613:34  error    Unsafe member access .message on an `any` value                                                                   @typescript-eslint/no-unsafe-member-access
  614:11  warning  Unsafe argument of type `any` assigned to a parameter of type `string | null`                                     @typescript-eslint/no-unsafe-argument
  622:15  error    Unsafe assignment of an `any` value                                                                               @typescript-eslint/no-unsafe-assignment
  623:26  error    Unsafe member access .payload on an `any` value                                                                   @typescript-eslint/no-unsafe-member-access
  624:22  error    Unsafe member access .payload on an `any` value                                                                   @typescript-eslint/no-unsafe-member-access
  627:11  warning  Unsafe argument of type `any` assigned to a parameter of type `Pick<WsAuthPayload, "id" | "roles" | "username">`  @typescript-eslint/no-unsafe-argument
  632:11  warning  Unsafe argument of type `any` assigned to a parameter of type `string`                                            @typescript-eslint/no-unsafe-argument
  638:11  warning  Unsafe argument of type `any` assigned to a parameter of type `string | null`                                     @typescript-eslint/no-unsafe-argument
  644:34  error    Unsafe member access .message on an `any` value                                                                   @typescript-eslint/no-unsafe-member-access
  645:11  warning  Unsafe argument of type `any` assigned to a parameter of type `string | null`                                     @typescript-eslint/no-unsafe-argument
  655:11  error    Unsafe assignment of an `any` value                                                                               @typescript-eslint/no-unsafe-assignment
  656:22  error    Unsafe member access .payload on an `any` value                                                                   @typescript-eslint/no-unsafe-member-access
  657:11  error    Unsafe call of an `any` typed value                                                                               @typescript-eslint/no-unsafe-call
  657:18  error    Unsafe member access .payload on an `any` value                                                                   @typescript-eslint/no-unsafe-member-access
  672:41  warning  Unsafe argument of type `any` assigned to a parameter of type `string`                                            @typescript-eslint/no-unsafe-argument
  678:15  error    Unsafe assignment of an `any` value                                                                               @typescript-eslint/no-unsafe-assignment
  687:13  error    Unsafe call of a type that could not be resolved                                                                  @typescript-eslint/no-unsafe-call
  687:20  error    Unsafe member access .close on a type that cannot be resolved                                                     @typescript-eslint/no-unsafe-member-access
  696:59  warning  Unsafe argument of type `any` assigned to a parameter of type `string`                                            @typescript-eslint/no-unsafe-argument
  723:27  error    Unsafe assignment of an `any` value                                                                               @typescript-eslint/no-unsafe-assignment
  723:58  error    Unsafe assignment of an `any` value                                                                               @typescript-eslint/no-unsafe-assignment

C:\wamp64\www\lemondeDeLila\backend\src\notification\notification.module.ts
  35:7  error  Async method 'useFactory' has no 'await' expression  @typescript-eslint/require-await

C:\wamp64\www\lemondeDeLila\backend\src\notification\services\admin-contact.service.ts
   86:22  error  'value ?? ''' will use Object's default stringification format ('[object Object]') when stringified  @typescript-eslint/no-base-to-string
  105:11  error  Unsafe assignment of an `any` value                                                                  @typescript-eslint/no-unsafe-assignment
  107:11  error  Unsafe member access .status on an `any` value                                                       @typescript-eslint/no-unsafe-member-access
  109:67  error  Unsafe member access .handled on an `any` value                                                      @typescript-eslint/no-unsafe-member-access
  113:7   error  Unsafe assignment of an `any` value                                                                  @typescript-eslint/no-unsafe-assignment
  113:28  error  Unsafe member access .statusAt on an `any` value                                                     @typescript-eslint/no-unsafe-member-access
  113:56  error  Unsafe member access .statusAt on an `any` value                                                     @typescript-eslint/no-unsafe-member-access
  114:7   error  Unsafe assignment of an `any` value                                                                  @typescript-eslint/no-unsafe-assignment
  115:20  error  Unsafe member access .statusByUserId on an `any` value                                               @typescript-eslint/no-unsafe-member-access
  115:54  error  Unsafe member access .statusByUserId on an `any` value                                               @typescript-eslint/no-unsafe-member-access
  116:7   error  Unsafe assignment of an `any` value                                                                  @typescript-eslint/no-unsafe-assignment
  117:20  error  Unsafe member access .statusByUsername on an `any` value                                             @typescript-eslint/no-unsafe-member-access
  117:56  error  Unsafe member access .statusByUsername on an `any` value                                             @typescript-eslint/no-unsafe-member-access
  118:7   error  Unsafe assignment of an `any` value                                                                  @typescript-eslint/no-unsafe-assignment
  118:29  error  Unsafe member access .handledAt on an `any` value                                                    @typescript-eslint/no-unsafe-member-access
  118:58  error  Unsafe member access .handledAt on an `any` value                                                    @typescript-eslint/no-unsafe-member-access
  119:7   error  Unsafe assignment of an `any` value                                                                  @typescript-eslint/no-unsafe-assignment
  120:20  error  Unsafe member access .handledByUserId on an `any` value                                              @typescript-eslint/no-unsafe-member-access
  120:55  error  Unsafe member access .handledByUserId on an `any` value                                              @typescript-eslint/no-unsafe-member-access
  121:7   error  Unsafe assignment of an `any` value                                                                  @typescript-eslint/no-unsafe-assignment
  122:20  error  Unsafe member access .handledByUsername on an `any` value                                            @typescript-eslint/no-unsafe-member-access
  123:17  error  Unsafe member access .handledByUsername on an `any` value                                            @typescript-eslint/no-unsafe-member-access
  131:13  error  Unsafe assignment of an `any` value                                                                  @typescript-eslint/no-unsafe-assignment
  144:63  error  Unsafe return of a value of type `any`                                                               @typescript-eslint/no-unsafe-return
  149:7   error  Unsafe return of a value of type `any`                                                               @typescript-eslint/no-unsafe-return
  267:13  error  "open" is overridden by string in this union type                                                    @typescript-eslint/no-redundant-type-constituents
  267:22  error  "in_progress" is overridden by string in this union type                                             @typescript-eslint/no-redundant-type-constituents
  267:38  error  "handled" is overridden by string in this union type                                                 @typescript-eslint/no-redundant-type-constituents
  477:13  error  "open" is overridden by string in this union type                                                    @typescript-eslint/no-redundant-type-constituents
  477:22  error  "in_progress" is overridden by string in this union type                                             @typescript-eslint/no-redundant-type-constituents
  477:38  error  "handled" is overridden by string in this union type                                                 @typescript-eslint/no-redundant-type-constituents
  502:15  error  Unsafe assignment of an `any` value                                                                  @typescript-eslint/no-unsafe-assignment
  505:15  error  Unsafe assignment of an `any` value                                                                  @typescript-eslint/no-unsafe-assignment
  531:11  error  Unsafe assignment of an `any` value                                                                  @typescript-eslint/no-unsafe-assignment
  531:33  error  Unsafe member access .statusAt on an `any` value                                                     @typescript-eslint/no-unsafe-member-access
  532:11  error  Unsafe assignment of an `any` value                                                                  @typescript-eslint/no-unsafe-assignment
  532:39  error  Unsafe member access .statusByUserId on an `any` value                                               @typescript-eslint/no-unsafe-member-access
  533:11  error  Unsafe assignment of an `any` value                                                                  @typescript-eslint/no-unsafe-assignment
  533:41  error  Unsafe member access .statusByUsername on an `any` value                                             @typescript-eslint/no-unsafe-member-access
  534:11  error  Unsafe assignment of an `any` value                                                                  @typescript-eslint/no-unsafe-assignment
  534:34  error  Unsafe member access .handledAt on an `any` value                                                    @typescript-eslint/no-unsafe-member-access
  535:11  error  Unsafe assignment of an `any` value                                                                  @typescript-eslint/no-unsafe-assignment
  535:40  error  Unsafe member access .handledByUserId on an `any` value                                              @typescript-eslint/no-unsafe-member-access
  536:11  error  Unsafe assignment of an `any` value                                                                  @typescript-eslint/no-unsafe-assignment
  536:42  error  Unsafe member access .handledByUsername on an `any` value                                            @typescript-eslint/no-unsafe-member-access

C:\wamp64\www\lemondeDeLila\backend\src\notification\services\notification-inbox-db.service.ts
   53:7   error    Unsafe assignment of an `any` value                                                     @typescript-eslint/no-unsafe-assignment
   63:7   error    Unsafe assignment of an `any` value                                                     @typescript-eslint/no-unsafe-assignment
   78:7   error    Unsafe assignment of an `any` value                                                     @typescript-eslint/no-unsafe-assignment
  108:7   error    Unsafe assignment of an `any` value                                                     @typescript-eslint/no-unsafe-assignment
  109:7   error    Unsafe assignment of an `any` value                                                     @typescript-eslint/no-unsafe-assignment
  130:7   error    Unsafe assignment of an `any` value                                                     @typescript-eslint/no-unsafe-assignment
  168:25  error    Unsafe member access .id on an `any` value                                              @typescript-eslint/no-unsafe-member-access
  169:29  error    Unsafe member access .userId on an `any` value                                          @typescript-eslint/no-unsafe-member-access
  170:27  error    Unsafe member access .kind on an `any` value                                            @typescript-eslint/no-unsafe-member-access
  171:25  error    Unsafe member access .contactId on an `any` value                                       @typescript-eslint/no-unsafe-member-access
  171:46  error    Unsafe member access .contactId on an `any` value                                       @typescript-eslint/no-unsafe-member-access
  172:26  error    Unsafe member access .fromUserId on an `any` value                                      @typescript-eslint/no-unsafe-member-access
  172:63  error    Unsafe member access .fromUserId on an `any` value                                      @typescript-eslint/no-unsafe-member-access
  173:28  error    Unsafe member access .fromUsername on an `any` value                                    @typescript-eslint/no-unsafe-member-access
  173:52  error    Unsafe member access .fromUsername on an `any` value                                    @typescript-eslint/no-unsafe-member-access
  174:24  error    Unsafe member access .toUserId on an `any` value                                        @typescript-eslint/no-unsafe-member-access
  174:59  error    Unsafe member access .toUserId on an `any` value                                        @typescript-eslint/no-unsafe-member-access
  175:23  error    Unsafe member access .message on an `any` value                                         @typescript-eslint/no-unsafe-member-access
  175:42  error    Unsafe member access .message on an `any` value                                         @typescript-eslint/no-unsafe-member-access
  176:11  error    Unsafe assignment of an `any` value                                                     @typescript-eslint/no-unsafe-assignment
  176:23  error    Unsafe member access .payload on an `any` value                                         @typescript-eslint/no-unsafe-member-access
  177:25  error    Unsafe member access .createdAt on an `any` value                                       @typescript-eslint/no-unsafe-member-access
  177:46  warning  Unsafe argument of type `any` assigned to a parameter of type `string | number | Date`  @typescript-eslint/no-unsafe-argument
  177:48  error    Unsafe member access .createdAt on an `any` value                                       @typescript-eslint/no-unsafe-member-access
  178:22  error    Unsafe member access .readAt on an `any` value                                          @typescript-eslint/no-unsafe-member-access
  178:40  warning  Unsafe argument of type `any` assigned to a parameter of type `string | number | Date`  @typescript-eslint/no-unsafe-argument
  178:42  error    Unsafe member access .readAt on an `any` value                                          @typescript-eslint/no-unsafe-member-access
  195:14  error    Unsafe assignment of an `any` value                                                     @typescript-eslint/no-unsafe-assignment

C:\wamp64\www\lemondeDeLila\backend\src\notification\services\notification.service.ts
   47:7   error  Unsafe assignment of an `any` value                                 @typescript-eslint/no-unsafe-assignment
   59:7   error  Unsafe assignment of an `any` value                                 @typescript-eslint/no-unsafe-assignment
   79:44  error  Unsafe assignment of an `any` value                                 @typescript-eslint/no-unsafe-assignment
   81:18  error  Unsafe member access .readyState on a type that cannot be resolved  @typescript-eslint/no-unsafe-member-access
   81:43  error  Unsafe member access .OPEN on a type that cannot be resolved        @typescript-eslint/no-unsafe-member-access
   86:9   error  Unsafe call of a type that could not be resolved                    @typescript-eslint/no-unsafe-call
   86:16  error  Unsafe member access .send on a type that cannot be resolved        @typescript-eslint/no-unsafe-member-access
   94:11  error  Unsafe call of a type that could not be resolved                    @typescript-eslint/no-unsafe-call
   94:18  error  Unsafe member access .close on a type that cannot be resolved       @typescript-eslint/no-unsafe-member-access
  106:44  error  Unsafe assignment of an `any` value                                 @typescript-eslint/no-unsafe-assignment
  111:20  error  Unsafe member access .readyState on a type that cannot be resolved  @typescript-eslint/no-unsafe-member-access
  111:45  error  Unsafe member access .OPEN on a type that cannot be resolved        @typescript-eslint/no-unsafe-member-access
  116:11  error  Unsafe call of a type that could not be resolved                    @typescript-eslint/no-unsafe-call
  116:18  error  Unsafe member access .send on a type that cannot be resolved        @typescript-eslint/no-unsafe-member-access
  124:13  error  Unsafe call of a type that could not be resolved                    @typescript-eslint/no-unsafe-call
  124:20  error  Unsafe member access .close on a type that cannot be resolved       @typescript-eslint/no-unsafe-member-access

C:\wamp64\www\lemondeDeLila\backend\src\notification\services\user-inbox.service.ts
  89:15  error    Unsafe assignment of an `any` value                                                    @typescript-eslint/no-unsafe-assignment
  90:21  error    Unsafe member access .id on an `any` value                                             @typescript-eslint/no-unsafe-member-access
  90:34  warning  Unsafe argument of type `any` assigned to a parameter of type `InboxNotificationItem`  @typescript-eslint/no-unsafe-argument

C:\wamp64\www\lemondeDeLila\backend\src\presence\gateways\presence.gateway.ts
   39:7   error    Unsafe call of a type that could not be resolved                              @typescript-eslint/no-unsafe-call
   39:14  error    Unsafe member access .close on a type that cannot be resolved                 @typescript-eslint/no-unsafe-member-access
   43:7   error    Unsafe call of a type that could not be resolved                              @typescript-eslint/no-unsafe-call
   43:14  error    Unsafe member access .close on a type that cannot be resolved                 @typescript-eslint/no-unsafe-member-access
   51:11  error    Unsafe call of a type that could not be resolved                              @typescript-eslint/no-unsafe-call
   51:18  error    Unsafe member access .send on a type that cannot be resolved                  @typescript-eslint/no-unsafe-member-access
   64:9   error    Unsafe call of a type that could not be resolved                              @typescript-eslint/no-unsafe-call
   64:16  error    Unsafe member access .close on a type that cannot be resolved                 @typescript-eslint/no-unsafe-member-access
   69:5   error    Unsafe call of a type that could not be resolved                              @typescript-eslint/no-unsafe-call
   69:12  error    Unsafe member access .on on a type that cannot be resolved                    @typescript-eslint/no-unsafe-member-access
   70:5   error    Unsafe call of a type that could not be resolved                              @typescript-eslint/no-unsafe-call
   70:12  error    Unsafe member access .on on a type that cannot be resolved                    @typescript-eslint/no-unsafe-member-access
   70:30  error    Unsafe return of a value of type error                                        @typescript-eslint/no-unsafe-return
   70:30  error    Unsafe call of a type that could not be resolved                              @typescript-eslint/no-unsafe-call
   70:37  error    Unsafe member access .close on a type that cannot be resolved                 @typescript-eslint/no-unsafe-member-access
   85:7   error    Unsafe call of a type that could not be resolved                              @typescript-eslint/no-unsafe-call
   85:14  error    Unsafe member access .close on a type that cannot be resolved                 @typescript-eslint/no-unsafe-member-access
  110:11  error    Unsafe assignment of an `any` value                                           @typescript-eslint/no-unsafe-assignment
  111:44  error    Unsafe member access .upgradeReq on an `any` value                            @typescript-eslint/no-unsafe-member-access
  111:74  error    Unsafe member access .req on an `any` value                                   @typescript-eslint/no-unsafe-member-access
  112:11  error    Unsafe assignment of an `any` value                                           @typescript-eslint/no-unsafe-assignment
  112:42  error    Unsafe member access .url on an `any` value                                   @typescript-eslint/no-unsafe-member-access
  112:58  error    Unsafe member access .url on an `any` value                                   @typescript-eslint/no-unsafe-member-access
  114:27  warning  Unsafe argument of type `any` assigned to a parameter of type `string | URL`  @typescript-eslint/no-unsafe-argument

C:\wamp64\www\lemondeDeLila\backend\src\presence\presence.module.ts
  28:7  error  Async method 'useFactory' has no 'await' expression  @typescript-eslint/require-await

C:\wamp64\www\lemondeDeLila\backend\src\presence\services\presence.service.ts
  107:7   error    Unsafe assignment of an error typed value                               @typescript-eslint/no-unsafe-assignment
  141:7   error    Unsafe assignment of an `any` value                                     @typescript-eslint/no-unsafe-assignment
  145:36  error    Unsafe member access .type on an `any` value                            @typescript-eslint/no-unsafe-member-access
  148:17  error    Unsafe member access .type on an `any` value                            @typescript-eslint/no-unsafe-member-access
  153:17  error    Unsafe member access .type on an `any` value                            @typescript-eslint/no-unsafe-member-access
  158:17  error    Unsafe member access .type on an `any` value                            @typescript-eslint/no-unsafe-member-access
  163:17  error    Unsafe member access .type on an `any` value                            @typescript-eslint/no-unsafe-member-access
  169:17  error    Unsafe member access .type on an `any` value                            @typescript-eslint/no-unsafe-member-access
  171:13  error    Unsafe assignment of an `any` value                                     @typescript-eslint/no-unsafe-assignment
  172:24  error    Unsafe member access .at on an `any` value                              @typescript-eslint/no-unsafe-member-access
  172:67  error    Unsafe member access .at on an `any` value                              @typescript-eslint/no-unsafe-member-access
  173:21  error    Unsafe member access .at on an `any` value                              @typescript-eslint/no-unsafe-member-access
  175:7   error    Unsafe assignment of an `any` value                                     @typescript-eslint/no-unsafe-assignment
  181:11  error    Unsafe assignment of an `any` value                                     @typescript-eslint/no-unsafe-assignment
  181:33  error    Unsafe member access .text on an `any` value                            @typescript-eslint/no-unsafe-member-access
  181:61  error    Unsafe member access .text on an `any` value                            @typescript-eslint/no-unsafe-member-access
  198:11  error    Unsafe call of a type that could not be resolved                        @typescript-eslint/no-unsafe-call
  198:23  error    Unsafe member access .close on a type that cannot be resolved           @typescript-eslint/no-unsafe-member-access
  213:9   warning  Unsafe argument of type `any` assigned to a parameter of type `string`  @typescript-eslint/no-unsafe-argument
  230:11  error    Unsafe assignment of an `any` value                                     @typescript-eslint/no-unsafe-assignment
  230:33  error    Unsafe member access .text on an `any` value                            @typescript-eslint/no-unsafe-member-access
  230:61  error    Unsafe member access .text on an `any` value                            @typescript-eslint/no-unsafe-member-access
  231:11  error    Unsafe assignment of an `any` value                                     @typescript-eslint/no-unsafe-assignment
  232:22  error    Unsafe member access .messageId on an `any` value                       @typescript-eslint/no-unsafe-member-access
  232:47  error    Unsafe call of an `any` typed value                                     @typescript-eslint/no-unsafe-call
  232:55  error    Unsafe member access .messageId on an `any` value                       @typescript-eslint/no-unsafe-member-access
  248:11  error    Unsafe call of a type that could not be resolved                        @typescript-eslint/no-unsafe-call
  248:23  error    Unsafe member access .close on a type that cannot be resolved           @typescript-eslint/no-unsafe-member-access
  261:9   warning  Unsafe argument of type `any` assigned to a parameter of type `string`  @typescript-eslint/no-unsafe-argument
  262:9   warning  Unsafe argument of type `any` assigned to a parameter of type `string`  @typescript-eslint/no-unsafe-argument
  276:11  error    Unsafe assignment of an `any` value                                     @typescript-eslint/no-unsafe-assignment
  277:22  error    Unsafe member access .messageId on an `any` value                       @typescript-eslint/no-unsafe-member-access
  277:47  error    Unsafe call of an `any` typed value                                     @typescript-eslint/no-unsafe-call
  277:55  error    Unsafe member access .messageId on an `any` value                       @typescript-eslint/no-unsafe-member-access
  293:11  error    Unsafe call of a type that could not be resolved                        @typescript-eslint/no-unsafe-call
  293:23  error    Unsafe member access .close on a type that cannot be resolved           @typescript-eslint/no-unsafe-member-access
  304:65  warning  Unsafe argument of type `any` assigned to a parameter of type `string`  @typescript-eslint/no-unsafe-argument
  308:22  error    Unsafe assignment of an `any` value                                     @typescript-eslint/no-unsafe-assignment
  342:7   error    Unsafe assignment of an `any` value                                     @typescript-eslint/no-unsafe-assignment
  351:16  error    Unsafe member access .readyState on a type that cannot be resolved      @typescript-eslint/no-unsafe-member-access
  351:41  error    Unsafe member access .OPEN on a type that cannot be resolved            @typescript-eslint/no-unsafe-member-access
  353:7   error    Unsafe call of a type that could not be resolved                        @typescript-eslint/no-unsafe-call
  353:14  error    Unsafe member access .send on a type that cannot be resolved            @typescript-eslint/no-unsafe-member-access
  360:11  error    Unsafe assignment of an `any` value                                     @typescript-eslint/no-unsafe-assignment
  361:22  error    Unsafe member access .context on an `any` value                         @typescript-eslint/no-unsafe-member-access
  361:45  error    Unsafe call of an `any` typed value                                     @typescript-eslint/no-unsafe-call
  361:53  error    Unsafe member access .context on an `any` value                         @typescript-eslint/no-unsafe-member-access
  383:47  error    Unsafe member access .roomId on an `any` value                          @typescript-eslint/no-unsafe-member-access
  386:28  error    Unsafe member access .roomName on an `any` value                        @typescript-eslint/no-unsafe-member-access
  387:17  error    Unsafe assignment of an `any` value                                     @typescript-eslint/no-unsafe-assignment
  387:27  error    Unsafe call of an `any` typed value                                     @typescript-eslint/no-unsafe-call
  387:35  error    Unsafe member access .roomName on an `any` value                        @typescript-eslint/no-unsafe-member-access
  388:11  error    Unsafe assignment of an `any` value                                     @typescript-eslint/no-unsafe-assignment
  388:26  error    Unsafe member access .length on an `any` value                          @typescript-eslint/no-unsafe-member-access
  420:7   error    Unsafe call of a type that could not be resolved                        @typescript-eslint/no-unsafe-call
  420:10  error    Unsafe member access .send on a type that cannot be resolved            @typescript-eslint/no-unsafe-member-access
  423:7   error    Unsafe call of a type that could not be resolved                        @typescript-eslint/no-unsafe-call
  423:10  error    Unsafe member access .close on a type that cannot be resolved           @typescript-eslint/no-unsafe-member-access
  507:9   error    Unsafe assignment of an `any` value                                     @typescript-eslint/no-unsafe-assignment
  532:32  error    Unsafe member access .status on an `any` value                          @typescript-eslint/no-unsafe-member-access
  533:33  error    Unsafe member access .startedAt on an `any` value                       @typescript-eslint/no-unsafe-member-access
  562:9   error    Unsafe call of a type that could not be resolved                        @typescript-eslint/no-unsafe-call
  562:16  error    Unsafe member access .send on a type that cannot be resolved            @typescript-eslint/no-unsafe-member-access
  567:11  error    Unsafe call of a type that could not be resolved                        @typescript-eslint/no-unsafe-call
  567:18  error    Unsafe member access .close on a type that cannot be resolved           @typescript-eslint/no-unsafe-member-access
  582:9   error    Unsafe call of a type that could not be resolved                        @typescript-eslint/no-unsafe-call
  582:16  error    Unsafe member access .send on a type that cannot be resolved            @typescript-eslint/no-unsafe-member-access
  587:11  error    Unsafe call of a type that could not be resolved                        @typescript-eslint/no-unsafe-call
  587:18  error    Unsafe member access .close on a type that cannot be resolved           @typescript-eslint/no-unsafe-member-access
  615:10  error    'contextLocked' is defined but never used                               @typescript-eslint/no-unused-vars
  678:35  error    Unsafe member access .id on an `any` value                              @typescript-eslint/no-unsafe-member-access
  679:29  error    Unsafe member access .id on an `any` value                              @typescript-eslint/no-unsafe-member-access
  684:37  error    Unsafe member access .username on an `any` value                        @typescript-eslint/no-unsafe-member-access
  686:30  error    Unsafe member access .activity on an `any` value                        @typescript-eslint/no-unsafe-member-access
  687:9   error    Unsafe assignment of an `any` value                                     @typescript-eslint/no-unsafe-assignment
  687:33  error    Unsafe member access .currentRoom on an `any` value                     @typescript-eslint/no-unsafe-member-access
  688:9   error    Unsafe assignment of an `any` value                                     @typescript-eslint/no-unsafe-assignment
  689:29  error    Unsafe member access .lastInteractionAt on an `any` value               @typescript-eslint/no-unsafe-member-access
  690:38  error    Unsafe member access .lastInteractionAt on an `any` value               @typescript-eslint/no-unsafe-member-access
  691:26  error    Unsafe member access .lastInteractionAt on an `any` value               @typescript-eslint/no-unsafe-member-access
  693:9   error    Unsafe assignment of an `any` value                                     @typescript-eslint/no-unsafe-assignment
  694:29  error    Unsafe member access .roomStarted on an `any` value                     @typescript-eslint/no-unsafe-member-access
  695:26  error    Unsafe member access .roomStarted on an `any` value                     @typescript-eslint/no-unsafe-member-access
  818:18  error    Unsafe member access .readyState on a type that cannot be resolved      @typescript-eslint/no-unsafe-member-access
  818:43  error    Unsafe member access .OPEN on a type that cannot be resolved            @typescript-eslint/no-unsafe-member-access
  825:11  error    Unsafe call of a type that could not be resolved                        @typescript-eslint/no-unsafe-call
  825:18  error    Unsafe member access .terminate on a type that cannot be resolved       @typescript-eslint/no-unsafe-member-access
  827:11  error    Unsafe call of a type that could not be resolved                        @typescript-eslint/no-unsafe-call
  827:18  error    Unsafe member access .close on a type that cannot be resolved           @typescript-eslint/no-unsafe-member-access
  831:9   error    Unsafe call of a type that could not be resolved                        @typescript-eslint/no-unsafe-call
  831:16  error    Unsafe member access .ping on a type that cannot be resolved            @typescript-eslint/no-unsafe-member-access
  832:9   error    Unsafe call of a type that could not be resolved                        @typescript-eslint/no-unsafe-call
  832:16  error    Unsafe member access .once on a type that cannot be resolved            @typescript-eslint/no-unsafe-member-access
  837:11  error    Unsafe call of a type that could not be resolved                        @typescript-eslint/no-unsafe-call
  837:18  error    Unsafe member access .terminate on a type that cannot be resolved       @typescript-eslint/no-unsafe-member-access
  839:11  error    Unsafe call of a type that could not be resolved                        @typescript-eslint/no-unsafe-call
  839:18  error    Unsafe member access .close on a type that cannot be resolved           @typescript-eslint/no-unsafe-member-access

C:\wamp64\www\lemondeDeLila\backend\src\realtime\gateways\realtime-api.gateway.ts
   75:9   error    Unsafe call of a type that could not be resolved                                    @typescript-eslint/no-unsafe-call
   75:16  error    Unsafe member access .close on a type that cannot be resolved                       @typescript-eslint/no-unsafe-member-access
   82:7   error    Unsafe assignment of an error typed value                                           @typescript-eslint/no-unsafe-assignment
   97:37  warning  Unsafe argument of type error typed assigned to a parameter of type `WsSocketLike`  @typescript-eslint/no-unsafe-argument
  102:5   error    Unsafe call of a type that could not be resolved                                    @typescript-eslint/no-unsafe-call
  102:12  error    Unsafe member access .on on a type that cannot be resolved                          @typescript-eslint/no-unsafe-member-access
  103:5   error    Unsafe call of a type that could not be resolved                                    @typescript-eslint/no-unsafe-call
  103:12  error    Unsafe member access .on on a type that cannot be resolved                          @typescript-eslint/no-unsafe-member-access
  103:30  error    Unsafe return of a value of type error                                              @typescript-eslint/no-unsafe-return
  103:30  error    Unsafe call of a type that could not be resolved                                    @typescript-eslint/no-unsafe-call
  103:37  error    Unsafe member access .close on a type that cannot be resolved                       @typescript-eslint/no-unsafe-member-access
  131:7   error    Unsafe call of a type that could not be resolved                                    @typescript-eslint/no-unsafe-call
  131:14  error    Unsafe member access .close on a type that cannot be resolved                       @typescript-eslint/no-unsafe-member-access
  141:19  error    Unsafe object destructuring of a property with an `any` value                       @typescript-eslint/no-unsafe-assignment
  156:9   error    Unsafe call of a type that could not be resolved                                    @typescript-eslint/no-unsafe-call
  156:16  error    Unsafe member access .close on a type that cannot be resolved                       @typescript-eslint/no-unsafe-member-access
  222:16  error    Unsafe member access .readyState on a type that cannot be resolved                  @typescript-eslint/no-unsafe-member-access
  222:41  error    Unsafe member access .OPEN on a type that cannot be resolved                        @typescript-eslint/no-unsafe-member-access
  224:7   error    Unsafe call of a type that could not be resolved                                    @typescript-eslint/no-unsafe-call
  224:14  error    Unsafe member access .send on a type that cannot be resolved                        @typescript-eslint/no-unsafe-member-access
  228:9   error    Unsafe call of a type that could not be resolved                                    @typescript-eslint/no-unsafe-call
  228:16  error    Unsafe member access .close on a type that cannot be resolved                       @typescript-eslint/no-unsafe-member-access
  254:27  error    Unsafe member access .message on an `any` value                                     @typescript-eslint/no-unsafe-member-access
  256:7   error    Unsafe return of a value of type `any`                                              @typescript-eslint/no-unsafe-return
  256:27  error    Unsafe member access .message on an `any` value                                     @typescript-eslint/no-unsafe-member-access

C:\wamp64\www\lemondeDeLila\backend\src\realtime\ws\api-capabilities.registrar.spec.ts
  16:26  error  Unsafe member access .isAdmin on an `any` value   @typescript-eslint/no-unsafe-member-access
  21:52  error  Async arrow function has no 'await' expression    @typescript-eslint/require-await
  22:55  error  Async arrow function has no 'await' expression    @typescript-eslint/require-await
  23:55  error  Async arrow function has no 'await' expression    @typescript-eslint/require-await
  30:9   error  Unsafe assignment of an `any` value               @typescript-eslint/no-unsafe-assignment
  37:26  error  Unsafe member access .isAdmin on an `any` value   @typescript-eslint/no-unsafe-member-access
  38:26  error  Unsafe member access .features on an `any` value  @typescript-eslint/no-unsafe-member-access

C:\wamp64\www\lemondeDeLila\backend\src\realtime\ws\api-capabilities.registrar.ts
  9:64  error  '_payload' is defined but never used            @typescript-eslint/no-unused-vars
  9:74  error  Async arrow function has no 'await' expression  @typescript-eslint/require-await

C:\wamp64\www\lemondeDeLila\backend\src\room\gateways\room-directory-ws.handler.ts
   55:41  error    Unsafe member access .status on an `any` value                                                                                                                      @typescript-eslint/no-unsafe-member-access
  159:3   error    Async method 'unsubscribePublic' has no 'await' expression                                                                                                          @typescript-eslint/require-await
  207:5   warning  Promises must be awaited, end with a call to .catch, end with a call to .then with a rejection handler or be explicitly marked as ignored with the `void` operator  @typescript-eslint/no-floating-promises
  252:36  error    Unsafe member access .userId on an `any` value                                                                                                                      @typescript-eslint/no-unsafe-member-access
  300:7   warning  Promises must be awaited, end with a call to .catch, end with a call to .then with a rejection handler or be explicitly marked as ignored with the `void` operator  @typescript-eslint/no-floating-promises
  329:7   warning  Promises must be awaited, end with a call to .catch, end with a call to .then with a rejection handler or be explicitly marked as ignored with the `void` operator  @typescript-eslint/no-floating-promises
  366:9   warning  Promises must be awaited, end with a call to .catch, end with a call to .then with a rejection handler or be explicitly marked as ignored with the `void` operator  @typescript-eslint/no-floating-promises
  385:5   warning  Promises must be awaited, end with a call to .catch, end with a call to .then with a rejection handler or be explicitly marked as ignored with the `void` operator  @typescript-eslint/no-floating-promises

C:\wamp64\www\lemondeDeLila\backend\src\room\gateways\room-ws-params.ts
  18:9   error    Unsafe assignment of an `any` value                                           @typescript-eslint/no-unsafe-assignment
  19:42  error    Unsafe member access .upgradeReq on an `any` value                            @typescript-eslint/no-unsafe-member-access
  19:72  error    Unsafe member access .req on an `any` value                                   @typescript-eslint/no-unsafe-member-access
  20:9   error    Unsafe assignment of an `any` value                                           @typescript-eslint/no-unsafe-assignment
  20:40  error    Unsafe member access .url on an `any` value                                   @typescript-eslint/no-unsafe-member-access
  20:56  error    Unsafe member access .url on an `any` value                                   @typescript-eslint/no-unsafe-member-access
  26:25  warning  Unsafe argument of type `any` assigned to a parameter of type `string | URL`  @typescript-eslint/no-unsafe-argument
  58:37  error    Unsafe member access .handshakeHeaders on an `any` value                      @typescript-eslint/no-unsafe-member-access
  59:30  error    Unsafe member access .headers on an `any` value                               @typescript-eslint/no-unsafe-member-access
  67:9   error    Unsafe assignment of an `any` value                                           @typescript-eslint/no-unsafe-assignment
  67:30  error    Unsafe member access .authorization on an `any` value                         @typescript-eslint/no-unsafe-member-access
  67:55  error    Unsafe member access .Authorization on an `any` value                         @typescript-eslint/no-unsafe-member-access

C:\wamp64\www\lemondeDeLila\backend\src\room\gateways\room.gateway.ts
   105:69  error    Async arrow function has no 'await' expression                                             @typescript-eslint/require-await
   146:20  error    Unsafe member access .readyState on a type that cannot be resolved                         @typescript-eslint/no-unsafe-member-access
   146:45  error    Unsafe member access .OPEN on a type that cannot be resolved                               @typescript-eslint/no-unsafe-member-access
   147:11  error    Unsafe call of a type that could not be resolved                                           @typescript-eslint/no-unsafe-call
   147:18  error    Unsafe member access .send on a type that cannot be resolved                               @typescript-eslint/no-unsafe-member-access
   149:15  error    Unsafe call of a type that could not be resolved                                           @typescript-eslint/no-unsafe-call
   149:22  error    Unsafe member access .close on a type that cannot be resolved                              @typescript-eslint/no-unsafe-member-access
   155:11  error    Unsafe call of a type that could not be resolved                                           @typescript-eslint/no-unsafe-call
   155:18  error    Unsafe member access .close on a type that cannot be resolved                              @typescript-eslint/no-unsafe-member-access
   170:7   error    Unsafe call of a type that could not be resolved                                           @typescript-eslint/no-unsafe-call
   170:14  error    Unsafe member access .close on a type that cannot be resolved                              @typescript-eslint/no-unsafe-member-access
   179:9   error    Unsafe call of a type that could not be resolved                                           @typescript-eslint/no-unsafe-call
   179:16  error    Unsafe member access .close on a type that cannot be resolved                              @typescript-eslint/no-unsafe-member-access
   189:7   error    Unsafe call of a type that could not be resolved                                           @typescript-eslint/no-unsafe-call
   189:14  error    Unsafe member access .close on a type that cannot be resolved                              @typescript-eslint/no-unsafe-member-access
   204:9   error    Unsafe call of a type that could not be resolved                                           @typescript-eslint/no-unsafe-call
   204:16  error    Unsafe member access .close on a type that cannot be resolved                              @typescript-eslint/no-unsafe-member-access
   220:11  error    Unsafe call of a type that could not be resolved                                           @typescript-eslint/no-unsafe-call
   220:18  error    Unsafe member access .close on a type that cannot be resolved                              @typescript-eslint/no-unsafe-member-access
   276:19  error    Unsafe call of a type that could not be resolved                                           @typescript-eslint/no-unsafe-call
   276:26  error    Unsafe member access .close on a type that cannot be resolved                              @typescript-eslint/no-unsafe-member-access
   285:17  error    Unsafe call of a type that could not be resolved                                           @typescript-eslint/no-unsafe-call
   285:24  error    Unsafe member access .close on a type that cannot be resolved                              @typescript-eslint/no-unsafe-member-access
   291:13  error    Unsafe call of a type that could not be resolved                                           @typescript-eslint/no-unsafe-call
   291:20  error    Unsafe member access .close on a type that cannot be resolved                              @typescript-eslint/no-unsafe-member-access
   339:5   error    Unsafe call of a type that could not be resolved                                           @typescript-eslint/no-unsafe-call
   339:12  error    Unsafe member access .on on a type that cannot be resolved                                 @typescript-eslint/no-unsafe-member-access
   342:20  error    Unsafe member access .readyState on a type that cannot be resolved                         @typescript-eslint/no-unsafe-member-access
   342:45  error    Unsafe member access .OPEN on a type that cannot be resolved                               @typescript-eslint/no-unsafe-member-access
   352:13  error    Unsafe call of an `any` typed value                                                        @typescript-eslint/no-unsafe-call
   352:29  error    Unsafe member access .terminate on an `any` value                                          @typescript-eslint/no-unsafe-member-access
   355:15  error    Unsafe call of a type that could not be resolved                                           @typescript-eslint/no-unsafe-call
   355:22  error    Unsafe member access .close on a type that cannot be resolved                              @typescript-eslint/no-unsafe-member-access
   362:9   error    Unsafe call of an `any` typed value                                                        @typescript-eslint/no-unsafe-call
   362:25  error    Unsafe member access .ping on an `any` value                                               @typescript-eslint/no-unsafe-member-access
   369:5   error    Unsafe call of a type that could not be resolved                                           @typescript-eslint/no-unsafe-call
   369:12  error    Unsafe member access .on on a type that cannot be resolved                                 @typescript-eslint/no-unsafe-member-access
   370:5   error    Unsafe call of a type that could not be resolved                                           @typescript-eslint/no-unsafe-call
   370:12  error    Unsafe member access .on on a type that cannot be resolved                                 @typescript-eslint/no-unsafe-member-access
   370:30  error    Unsafe return of a value of type error                                                     @typescript-eslint/no-unsafe-return
   370:30  error    Unsafe call of a type that could not be resolved                                           @typescript-eslint/no-unsafe-call
   370:37  error    Unsafe member access .close on a type that cannot be resolved                              @typescript-eslint/no-unsafe-member-access
   492:9   error    Unsafe call of a type that could not be resolved                                           @typescript-eslint/no-unsafe-call
   492:16  error    Unsafe member access .close on a type that cannot be resolved                              @typescript-eslint/no-unsafe-member-access
   635:9   error    Unsafe call of a type that could not be resolved                                           @typescript-eslint/no-unsafe-call
   635:16  error    Unsafe member access .close on a type that cannot be resolved                              @typescript-eslint/no-unsafe-member-access
   642:3   error    Async method 'broadcast' has no 'await' expression                                         @typescript-eslint/require-await
   651:7   error    Unsafe assignment of an `any` value                                                        @typescript-eslint/no-unsafe-assignment
   659:20  error    Unsafe member access .readyState on a type that cannot be resolved                         @typescript-eslint/no-unsafe-member-access
   659:45  error    Unsafe member access .OPEN on a type that cannot be resolved                               @typescript-eslint/no-unsafe-member-access
   664:11  error    Unsafe call of a type that could not be resolved                                           @typescript-eslint/no-unsafe-call
   664:18  error    Unsafe member access .send on a type that cannot be resolved                               @typescript-eslint/no-unsafe-member-access
   668:13  error    Unsafe call of a type that could not be resolved                                           @typescript-eslint/no-unsafe-call
   668:20  error    Unsafe member access .close on a type that cannot be resolved                              @typescript-eslint/no-unsafe-member-access
   684:3   error    Async method 'sendError' has no 'await' expression                                         @typescript-eslint/require-await
   685:16  error    Unsafe member access .readyState on a type that cannot be resolved                         @typescript-eslint/no-unsafe-member-access
   685:41  error    Unsafe member access .OPEN on a type that cannot be resolved                               @typescript-eslint/no-unsafe-member-access
   686:5   error    Unsafe call of a type that could not be resolved                                           @typescript-eslint/no-unsafe-call
   686:12  error    Unsafe member access .send on a type that cannot be resolved                               @typescript-eslint/no-unsafe-member-access
   690:16  error    Unsafe member access .readyState on a type that cannot be resolved                         @typescript-eslint/no-unsafe-member-access
   690:41  error    Unsafe member access .OPEN on a type that cannot be resolved                               @typescript-eslint/no-unsafe-member-access
   694:7   error    Unsafe call of a type that could not be resolved                                           @typescript-eslint/no-unsafe-call
   694:14  error    Unsafe member access .send on a type that cannot be resolved                               @typescript-eslint/no-unsafe-member-access
   697:9   error    Unsafe call of a type that could not be resolved                                           @typescript-eslint/no-unsafe-call
   697:16  error    Unsafe member access .close on a type that cannot be resolved                              @typescript-eslint/no-unsafe-member-access
   719:13  error    Unsafe assignment of an `any` value                                                        @typescript-eslint/no-unsafe-assignment
   732:11  error    Unsafe assignment of an `any` value                                                        @typescript-eslint/no-unsafe-assignment
   803:13  error    Unsafe assignment of an `any` value                                                        @typescript-eslint/no-unsafe-assignment
   804:28  error    Unsafe member access .clientSentAtMs on an `any` value                                     @typescript-eslint/no-unsafe-member-access
   805:24  error    Unsafe member access .clientSentAtMs on an `any` value                                     @typescript-eslint/no-unsafe-member-access
   806:27  error    Unsafe member access ._trace on an `any` value                                             @typescript-eslint/no-unsafe-member-access
   902:53  error    Unsafe member access .message on an `any` value                                            @typescript-eslint/no-unsafe-member-access
   929:21  error    Unsafe member access ._trace on an `any` value                                             @typescript-eslint/no-unsafe-member-access
   933:21  error    Unsafe member access ._trace on an `any` value                                             @typescript-eslint/no-unsafe-member-access
  1097:13  error    Unsafe assignment of an `any` value                                                        @typescript-eslint/no-unsafe-assignment
  1098:36  error    Unsafe member access .runId on an `any` value                                              @typescript-eslint/no-unsafe-member-access
  1099:33  error    Unsafe member access .runId on an `any` value                                              @typescript-eslint/no-unsafe-member-access
  1155:35  error    Unsafe assignment of an error typed value                                                  @typescript-eslint/no-unsafe-assignment
  1266:37  error    Unsafe member access .botId on an `any` value                                              @typescript-eslint/no-unsafe-member-access
  1266:55  error    Unsafe member access .id on an `any` value                                                 @typescript-eslint/no-unsafe-member-access
  1308:11  error    Unsafe assignment of an `any` value                                                        @typescript-eslint/no-unsafe-assignment
  1308:32  error    Unsafe member access .roomId on an `any` value                                             @typescript-eslint/no-unsafe-member-access
  1324:11  error    Unsafe assignment of an `any` value                                                        @typescript-eslint/no-unsafe-assignment
  1324:35  error    Unsafe member access .spectator on an `any` value                                          @typescript-eslint/no-unsafe-member-access
  1395:15  error    Unsafe assignment of an `any` value                                                        @typescript-eslint/no-unsafe-assignment
  1396:27  error    Unsafe member access .gameType on an `any` value                                           @typescript-eslint/no-unsafe-member-access
  1396:59  error    Unsafe member access .gameType on an `any` value                                           @typescript-eslint/no-unsafe-member-access
  1397:15  error    Unsafe assignment of an `any` value                                                        @typescript-eslint/no-unsafe-assignment
  1397:38  error    Unsafe member access .name on an `any` value                                               @typescript-eslint/no-unsafe-member-access
  1397:66  error    Unsafe member access .name on an `any` value                                               @typescript-eslint/no-unsafe-member-access
  1398:15  error    Unsafe assignment of an `any` value                                                        @typescript-eslint/no-unsafe-assignment
  1398:40  error    Unsafe member access .maxPlayers on an `any` value                                         @typescript-eslint/no-unsafe-member-access
  1398:63  error    Unsafe member access .max on an `any` value                                                @typescript-eslint/no-unsafe-member-access
  1402:40  warning  Unsafe argument of type `any` assigned to a parameter of type `string`                     @typescript-eslint/no-unsafe-argument
  1403:26  warning  Unsafe argument of type `any` assigned to a parameter of type `string`                     @typescript-eslint/no-unsafe-argument
  1405:15  error    Unsafe assignment of an `any` value                                                        @typescript-eslint/no-unsafe-assignment
  1406:27  error    Unsafe member access .isPrivate on an `any` value                                          @typescript-eslint/no-unsafe-member-access
  1406:61  error    Unsafe member access .isPrivate on an `any` value                                          @typescript-eslint/no-unsafe-member-access
  1409:11  warning  Unsafe argument of type `any` assigned to a parameter of type `string`                     @typescript-eslint/no-unsafe-argument
  1410:11  warning  Unsafe argument of type `any` assigned to a parameter of type `string | null | undefined`  @typescript-eslint/no-unsafe-argument
  1412:11  warning  Unsafe argument of type `any` assigned to a parameter of type `boolean`                    @typescript-eslint/no-unsafe-argument
  1495:28  error    Unsafe member access .gameType on an `any` value                                           @typescript-eslint/no-unsafe-member-access
  1511:40  error    Unsafe member access .roomId on an `any` value                                             @typescript-eslint/no-unsafe-member-access
  1511:59  error    Unsafe member access .room on an `any` value                                               @typescript-eslint/no-unsafe-member-access
  1512:15  error    Unsafe assignment of an `any` value                                                        @typescript-eslint/no-unsafe-assignment
  1512:39  error    Unsafe member access .spectator on an `any` value                                          @typescript-eslint/no-unsafe-member-access
  1520:15  error    Unsafe assignment of an `any` value                                                        @typescript-eslint/no-unsafe-assignment
  1520:36  error    Unsafe member access .silent on an `any` value                                             @typescript-eslint/no-unsafe-member-access
  1521:15  error    Unsafe assignment of an `any` value                                                        @typescript-eslint/no-unsafe-assignment
  1521:36  error    Unsafe member access .hidden on an `any` value                                             @typescript-eslint/no-unsafe-member-access
  1547:11  error    Unsafe call of a type that could not be resolved                                           @typescript-eslint/no-unsafe-call
  1547:18  error    Unsafe member access .close on a type that cannot be resolved                              @typescript-eslint/no-unsafe-member-access
  1555:13  error    Unsafe call of a type that could not be resolved                                           @typescript-eslint/no-unsafe-call
  1555:20  error    Unsafe member access .close on a type that cannot be resolved                              @typescript-eslint/no-unsafe-member-access
  1660:26  error    Unsafe member access .roomId on an `any` value                                             @typescript-eslint/no-unsafe-member-access
  1660:45  error    Unsafe member access .room on an `any` value                                               @typescript-eslint/no-unsafe-member-access
  1703:11  error    Unsafe assignment of an `any` value                                                        @typescript-eslint/no-unsafe-assignment
  1703:32  error    Unsafe member access .userId on an `any` value                                             @typescript-eslint/no-unsafe-member-access
  1703:51  error    Unsafe member access .id on an `any` value                                                 @typescript-eslint/no-unsafe-member-access
  1703:66  error    Unsafe member access .targetUserId on an `any` value                                       @typescript-eslint/no-unsafe-member-access
  1757:11  error    Unsafe assignment of an `any` value                                                        @typescript-eslint/no-unsafe-assignment
  1757:32  error    Unsafe member access .userId on an `any` value                                             @typescript-eslint/no-unsafe-member-access
  1757:51  error    Unsafe member access .id on an `any` value                                                 @typescript-eslint/no-unsafe-member-access
  1757:66  error    Unsafe member access .newOwnerId on an `any` value                                         @typescript-eslint/no-unsafe-member-access
  1793:25  warning  Unsafe spread of an error array type                                                       @typescript-eslint/no-unsafe-argument
  1794:25  warning  Unsafe spread of an error array type                                                       @typescript-eslint/no-unsafe-argument
  1876:37  error    Unsafe member access .soundId on an `any` value                                            @typescript-eslint/no-unsafe-member-access
  1911:23  error    Unsafe member access .tableAmbienceSoundId on an `any` value                               @typescript-eslint/no-unsafe-member-access
  1915:27  error    Unsafe member access .tableAmbienceSoundId on an `any` value                               @typescript-eslint/no-unsafe-member-access

C:\wamp64\www\lemondeDeLila\backend\src\room\services\room-auto-cleanup.service.ts
  23:30  error  Promise returned in function argument where a void return was expected  @typescript-eslint/no-misused-promises
  29:3   error  Async method 'onModuleDestroy' has no 'await' expression                @typescript-eslint/require-await

C:\wamp64\www\lemondeDeLila\backend\src\room\services\room.service.ts
  334:34  error    Unsafe member access .room_id on an `any` value                                                                                                                                                                      @typescript-eslint/no-unsafe-member-access
  334:48  error    Unsafe member access .id on an `any` value                                                                                                                                                                           @typescript-eslint/no-unsafe-member-access
  468:43  error    Unsafe member access .status on an `any` value                                                                                                                                                                       @typescript-eslint/no-unsafe-member-access
  539:26  error    Unsafe member access .status on an `any` value                                                                                                                                                                       @typescript-eslint/no-unsafe-member-access
  641:46  warning  Unsafe argument of type `any` assigned to a parameter of type `string | number | string[] | number[] | Date | ObjectId | Date[] | ObjectId[] | FindOptionsWhere<VaultRoomSnapshotEntity> | FindOptionsWhere<...>[]`  @typescript-eslint/no-unsafe-argument
  941:9   error    Unsafe assignment of an `any` value                                                                                                                                                                                  @typescript-eslint/no-unsafe-assignment
  942:32  error    Unsafe member access .runId on an `any` value                                                                                                                                                                        @typescript-eslint/no-unsafe-member-access
  942:67  error    Unsafe member access .runId on an `any` value                                                                                                                                                                        @typescript-eslint/no-unsafe-member-access
  944:32  error    Unsafe member access .tableAmbienceSoundId on an `any` value                                                                                                                                                         @typescript-eslint/no-unsafe-member-access
  945:36  error    Unsafe member access .tableAmbienceSoundId on an `any` value                                                                                                                                                         @typescript-eslint/no-unsafe-member-access

C:\wamp64\www\lemondeDeLila\backend\src\social\services\social-profile-settings.service.spec.ts
  10:35  error    Async arrow function has no 'await' expression                                                           @typescript-eslint/require-await
  11:75  error    Async arrow function has no 'await' expression                                                           @typescript-eslint/require-await
  17:11  error    Unsafe return of a value of type `any`                                                                   @typescript-eslint/no-unsafe-return
  19:73  error    Async arrow function has no 'await' expression                                                           @typescript-eslint/require-await
  34:50  warning  Unsafe argument of type `any` assigned to a parameter of type `Repository<SocialProfileSettingsEntity>`  @typescript-eslint/no-unsafe-argument
  46:50  warning  Unsafe argument of type `any` assigned to a parameter of type `Repository<SocialProfileSettingsEntity>`  @typescript-eslint/no-unsafe-argument
  50:51  warning  Unsafe argument of type `any` assigned to a parameter of type `Repository<SocialProfileSettingsEntity>`  @typescript-eslint/no-unsafe-argument

C:\wamp64\www\lemondeDeLila\backend\src\social\services\social.service.ts
  69:7  error  Unsafe assignment of an `any` value  @typescript-eslint/no-unsafe-assignment

C:\wamp64\www\lemondeDeLila\backend\src\social\ws\social-ws.registrar.ts
  13:61  error  '_payload' is defined but never used  @typescript-eslint/no-unused-vars
  19:64  error  '_payload' is defined but never used  @typescript-eslint/no-unused-vars

C:\wamp64\www\lemondeDeLila\backend\src\sounds\admin-sounds.controller.ts
  53:44  warning  Unsafe argument of type `any` assigned to a parameter of type `string`              @typescript-eslint/no-unsafe-argument
  53:50  error    Unsafe member access .name on an `any` value                                        @typescript-eslint/no-unsafe-member-access
  61:53  warning  Unsafe argument of type `any` assigned to a parameter of type `string`              @typescript-eslint/no-unsafe-argument
  61:59  error    Unsafe member access .name on an `any` value                                        @typescript-eslint/no-unsafe-member-access
  72:7   error    Unsafe assignment of an error typed value                                           @typescript-eslint/no-unsafe-assignment
  72:16  error    Unsafe call of a type that could not be resolved                                    @typescript-eslint/no-unsafe-call
  73:43  error    Unsafe return of a value of type `any`                                              @typescript-eslint/no-unsafe-return
  73:43  error    Unsafe call of an `any` typed value                                                 @typescript-eslint/no-unsafe-call
  75:11  error    Unsafe return of a value of type `any`                                              @typescript-eslint/no-unsafe-return
  75:11  error    Unsafe call of an `any` typed value                                                 @typescript-eslint/no-unsafe-call
  75:53  error    Unsafe member access .originalname on an `any` value                                @typescript-eslint/no-unsafe-member-access
  82:16  error    Unsafe member access .path on an `any` value                                        @typescript-eslint/no-unsafe-member-access
  88:9   warning  Unsafe argument of type `any` assigned to a parameter of type `string`              @typescript-eslint/no-unsafe-argument
  88:14  error    Unsafe member access .path on an `any` value                                        @typescript-eslint/no-unsafe-member-access
  89:9   warning  Unsafe argument of type `any` assigned to a parameter of type `string | undefined`  @typescript-eslint/no-unsafe-argument
  89:14  error    Unsafe member access .originalname on an `any` value                                @typescript-eslint/no-unsafe-member-access
  96:24  warning  Unsafe argument of type `any` assigned to a parameter of type `PathLike`            @typescript-eslint/no-unsafe-argument
  96:29  error    Unsafe member access .path on an `any` value                                        @typescript-eslint/no-unsafe-member-access

C:\wamp64\www\lemondeDeLila\backend\src\sounds\sounds.controller.spec.ts
  12:45  warning  Unsafe argument of type `any` assigned to a parameter of type `SoundsService`                       @typescript-eslint/no-unsafe-argument
  20:52  warning  Unsafe argument of type `any` assigned to a parameter of type `Response<any, Record<string, any>>`  @typescript-eslint/no-unsafe-argument
  22:16  error    Unsafe member access .setHeader on an `any` value                                                   @typescript-eslint/no-unsafe-member-access
  26:16  error    Unsafe member access .setHeader on an `any` value                                                   @typescript-eslint/no-unsafe-member-access
  27:16  error    Unsafe member access .sendFile on an `any` value                                                    @typescript-eslint/no-unsafe-member-access
  28:16  error    Unsafe member access .redirect on an `any` value                                                    @typescript-eslint/no-unsafe-member-access
  39:45  warning  Unsafe argument of type `any` assigned to a parameter of type `SoundsService`                       @typescript-eslint/no-unsafe-argument
  47:52  warning  Unsafe argument of type `any` assigned to a parameter of type `Response<any, Record<string, any>>`  @typescript-eslint/no-unsafe-argument
  49:16  error    Unsafe member access .redirect on an `any` value                                                    @typescript-eslint/no-unsafe-member-access
  53:16  error    Unsafe member access .sendFile on an `any` value                                                    @typescript-eslint/no-unsafe-member-access

C:\wamp64\www\lemondeDeLila\backend\src\sounds\sounds.service.ts
   55:11  error    Unsafe assignment of an `any` value                                                      @typescript-eslint/no-unsafe-assignment
   56:11  error    Unsafe assignment of an `any` value                                                      @typescript-eslint/no-unsafe-assignment
   56:28  error    Unsafe member access .path on an `any` value                                             @typescript-eslint/no-unsafe-member-access
   62:5   error    Unsafe return of a value of type `any`                                                   @typescript-eslint/no-unsafe-return
   87:51  warning  Unsafe argument of type `any` assigned to a parameter of type `Buffer<ArrayBufferLike>`  @typescript-eslint/no-unsafe-argument
   88:51  warning  Unsafe argument of type `any` assigned to a parameter of type `Buffer<ArrayBufferLike>`  @typescript-eslint/no-unsafe-argument
  274:13  error    Unsafe assignment of an `any` value                                                      @typescript-eslint/no-unsafe-assignment
  275:13  error    Unsafe assignment of an `any` value                                                      @typescript-eslint/no-unsafe-assignment
  275:46  error    Unsafe member access .items on an `any` value                                            @typescript-eslint/no-unsafe-member-access
  275:62  error    Unsafe member access .items on an `any` value                                            @typescript-eslint/no-unsafe-member-access
  276:13  error    Unsafe assignment of an `any` value                                                      @typescript-eslint/no-unsafe-assignment
  276:48  error    Unsafe call of an `any` typed value                                                      @typescript-eslint/no-unsafe-call
  276:48  error    Unsafe call of an `any` typed value                                                      @typescript-eslint/no-unsafe-call
  277:10  error    Unsafe member access .map on an `any` value                                              @typescript-eslint/no-unsafe-member-access
  278:62  error    Unsafe member access .soundId on an `any` value                                          @typescript-eslint/no-unsafe-member-access
  279:28  error    Unsafe member access .name on an `any` value                                             @typescript-eslint/no-unsafe-member-access
  281:10  error    Unsafe member access .filter on an `any` value                                           @typescript-eslint/no-unsafe-member-access
  293:9   error    Unsafe assignment of an `any` value                                                      @typescript-eslint/no-unsafe-assignment
  294:26  error    Unsafe member access .updatedAt on an `any` value                                        @typescript-eslint/no-unsafe-member-access
  294:52  error    Unsafe call of an `any` typed value                                                      @typescript-eslint/no-unsafe-call
  294:59  error    Unsafe member access .updatedAt on an `any` value                                        @typescript-eslint/no-unsafe-member-access
  295:22  error    Unsafe member access .updatedAt on an `any` value                                        @typescript-eslint/no-unsafe-member-access
  659:11  error    Unsafe assignment of an `any` value                                                      @typescript-eslint/no-unsafe-assignment
  659:25  error    Unsafe member access .message on an `any` value                                          @typescript-eslint/no-unsafe-member-access
  799:11  error    Unsafe assignment of an `any` value                                                      @typescript-eslint/no-unsafe-assignment
  799:25  error    Unsafe member access .message on an `any` value                                          @typescript-eslint/no-unsafe-member-access

C:\wamp64\www\lemondeDeLila\backend\src\stats\services\game-stats.service.ts
  126:11  error  Unsafe assignment of an `any` value               @typescript-eslint/no-unsafe-assignment
  126:48  error  Unsafe member access .winnerId on an `any` value  @typescript-eslint/no-unsafe-member-access
  168:32  error  Unsafe member access .match on an `any` value     @typescript-eslint/no-unsafe-member-access
  220:42  error  Unsafe member access .gameType on an `any` value  @typescript-eslint/no-unsafe-member-access
  259:24  error  Unsafe member access .userId on an `any` value    @typescript-eslint/no-unsafe-member-access
  260:26  error  Unsafe member access .username on an `any` value  @typescript-eslint/no-unsafe-member-access
  261:22  error  Unsafe member access .wins on an `any` value      @typescript-eslint/no-unsafe-member-access
  262:24  error  Unsafe member access .losses on an `any` value    @typescript-eslint/no-unsafe-member-access
  263:26  error  Unsafe member access .finished on an `any` value  @typescript-eslint/no-unsafe-member-access
  264:22  error  Unsafe member access .quit on an `any` value      @typescript-eslint/no-unsafe-member-access
  285:16  error  Unsafe assignment of an `any` value               @typescript-eslint/no-unsafe-assignment

C:\wamp64\www\lemondeDeLila\backend\src\user\services\user.auth.service.ts
   53:11  error  Unsafe assignment of an error typed value                         @typescript-eslint/no-unsafe-assignment
   53:24  error  Unsafe call of a type that could not be resolved                  @typescript-eslint/no-unsafe-call
   53:31  error  Unsafe member access .hash on a type that cannot be resolved      @typescript-eslint/no-unsafe-member-access
   57:7   error  Unsafe assignment of an error typed value                         @typescript-eslint/no-unsafe-assignment
   77:7   error  Unsafe assignment of an error typed value                         @typescript-eslint/no-unsafe-assignment
   77:18  error  Unsafe call of a type that could not be resolved                  @typescript-eslint/no-unsafe-call
   77:25  error  Unsafe member access .compare on a type that cannot be resolved   @typescript-eslint/no-unsafe-member-access
  112:11  error  Unsafe assignment of an error typed value                         @typescript-eslint/no-unsafe-assignment
  112:19  error  Unsafe call of a type that could not be resolved                  @typescript-eslint/no-unsafe-call
  112:23  error  Unsafe member access .sign on a type that cannot be resolved      @typescript-eslint/no-unsafe-member-access
  122:11  error  Unsafe assignment of an error typed value                         @typescript-eslint/no-unsafe-assignment
  128:19  error  Unsafe member access .audience on a type that cannot be resolved  @typescript-eslint/no-unsafe-member-access
  130:9   error  Unsafe return of a value of type error                            @typescript-eslint/no-unsafe-return
  133:14  error  Unsafe assignment of an error typed value                         @typescript-eslint/no-unsafe-assignment

C:\wamp64\www\lemondeDeLila\backend\src\vault\services\vault-room-snapshots.service.ts
   59:45  warning  Unsafe argument of type `any` assigned to a parameter of type `string | number | string[] | number[] | Date | ObjectId | Date[] | ObjectId[] | FindOptionsWhere<VaultRoomSnapshotEntity> | FindOptionsWhere<...>[]`  @typescript-eslint/no-unsafe-argument
  135:41  error    Unsafe member access .tableAmbienceSoundId on an `any` value                                                                                                                                                         @typescript-eslint/no-unsafe-member-access
  136:44  error    Unsafe member access .tableAmbienceSoundId on an `any` value                                                                                                                                                         @typescript-eslint/no-unsafe-member-access
  171:30  error    Unsafe member access .restoredFromSnapshotId on an `any` value                                                                                                                                                       @typescript-eslint/no-unsafe-member-access
  172:34  error    Unsafe member access .restoredFromSnapshotId on an `any` value                                                                                                                                                       @typescript-eslint/no-unsafe-member-access
  175:30  error    Unsafe member access .restoredOwnerUserId on an `any` value                                                                                                                                                          @typescript-eslint/no-unsafe-member-access
  176:34  error    Unsafe member access .restoredOwnerUserId on an `any` value                                                                                                                                                          @typescript-eslint/no-unsafe-member-access
  186:11  error    Unsafe assignment of an `any` value                                                                                                                                                                                  @typescript-eslint/no-unsafe-assignment
  187:11  error    Unsafe assignment of an `any` value                                                                                                                                                                                  @typescript-eslint/no-unsafe-assignment
  313:21  error    Unsafe member access .restoredFromSnapshotId on an `any` value                                                                                                                                                       @typescript-eslint/no-unsafe-member-access
  314:21  error    Unsafe member access .restoredOwnerUserId on an `any` value                                                                                                                                                          @typescript-eslint/no-unsafe-member-access
  337:26  error    Unsafe member access .name on an `any` value                                                                                                                                                                         @typescript-eslint/no-unsafe-member-access
  354:21  error    Unsafe member access .tableAmbienceSoundId on an `any` value                                                                                                                                                         @typescript-eslint/no-unsafe-member-access
  366:11  error    Unsafe assignment of an `any` value                                                                                                                                                                                  @typescript-eslint/no-unsafe-assignment
  366:52  error    Unsafe member access .runId on an `any` value                                                                                                                                                                        @typescript-eslint/no-unsafe-member-access
  367:26  error    Unsafe member access .runId on an `any` value                                                                                                                                                                        @typescript-eslint/no-unsafe-member-access
  374:7   error    Unsafe assignment of an `any` value                                                                                                                                                                                  @typescript-eslint/no-unsafe-assignment
  422:30  error    Unsafe member access .restoredFromSnapshotId on an `any` value                                                                                                                                                       @typescript-eslint/no-unsafe-member-access
  423:34  error    Unsafe member access .restoredFromSnapshotId on an `any` value                                                                                                                                                       @typescript-eslint/no-unsafe-member-access
  426:30  error    Unsafe member access .restoredOwnerUserId on an `any` value                                                                                                                                                          @typescript-eslint/no-unsafe-member-access
  427:34  error    Unsafe member access .restoredOwnerUserId on an `any` value                                                                                                                                                          @typescript-eslint/no-unsafe-member-access
  448:7   error    Unsafe assignment of an `any` value                                                                                                                                                                                  @typescript-eslint/no-unsafe-assignment
  452:27  error    Unsafe member access .version on an `any` value                                                                                                                                                                      @typescript-eslint/no-unsafe-member-access
  484:45  warning  Unsafe argument of type `any` assigned to a parameter of type `ArrayLike<unknown> | { [s: string]: unknown; }`                                                                                                       @typescript-eslint/no-unsafe-argument
  490:11  error    Unsafe assignment of an `any` value                                                                                                                                                                                  @typescript-eslint/no-unsafe-assignment
  490:15  error    Unsafe member access [key] on an `any` value                                                                                                                                                                         @typescript-eslint/no-unsafe-member-access
  499:39  error    Unsafe member access .log on an `any` value                                                                                                                                                                          @typescript-eslint/no-unsafe-member-access
  500:7   error    Unsafe assignment of an `any` value                                                                                                                                                                                  @typescript-eslint/no-unsafe-assignment
  500:23  error    Unsafe member access .log on an `any` value                                                                                                                                                                          @typescript-eslint/no-unsafe-member-access
  500:49  error    Unsafe member access .log on an `any` value                                                                                                                                                                          @typescript-eslint/no-unsafe-member-access
  508:10  error    Unsafe member access .roomId on an `any` value                                                                                                                                                                       @typescript-eslint/no-unsafe-member-access
  509:10  error    Unsafe member access .roomOwnerId on an `any` value                                                                                                                                                                  @typescript-eslint/no-unsafe-member-access
  510:10  error    Unsafe member access .roomStartedAt on an `any` value                                                                                                                                                                @typescript-eslint/no-unsafe-member-access
  511:10  error    Unsafe member access .roomRunId on an `any` value                                                                                                                                                                    @typescript-eslint/no-unsafe-member-access
  517:15  error    Unsafe assignment of an `any` value                                                                                                                                                                                  @typescript-eslint/no-unsafe-assignment
  517:34  error    Unsafe member access .id on an `any` value                                                                                                                                                                           @typescript-eslint/no-unsafe-member-access
  517:64  error    Unsafe member access .id on an `any` value                                                                                                                                                                           @typescript-eslint/no-unsafe-member-access
  517:73  error    Unsafe member access .id on an `any` value                                                                                                                                                                           @typescript-eslint/no-unsafe-member-access
  518:15  error    Unsafe assignment of an `any` value                                                                                                                                                                                  @typescript-eslint/no-unsafe-assignment
  523:18  error    Unsafe member access .username on an `any` value                                                                                                                                                                     @typescript-eslint/no-unsafe-member-access
  524:9   error    Unsafe return of a value of type `any`                                                                                                                                                                               @typescript-eslint/no-unsafe-return
  524:24  error    Unsafe assignment of an `any` value                                                                                                                                                                                  @typescript-eslint/no-unsafe-assignment
  524:36  error    Unsafe assignment of an `any` value                                                                                                                                                                                  @typescript-eslint/no-unsafe-assignment
  531:9   error    Unsafe assignment of an `any` value                                                                                                                                                                                  @typescript-eslint/no-unsafe-assignment

? 5649 problems (4799 errors, 850 warnings)

